Earth Date,Sol,Month,Min_temp,Max_temp,Pressure,Atmo_opacity,Mean_temp,Season
2018-02-27,1977,5,-77.0,-10.0,727.0,1,-43.5,Spring
2018-02-26,1976,5,-77.0,-10.0,728.0,1,-43.5,Spring
2018-02-25,1975,5,-76.0,-16.0,729.0,1,-46.0,Spring
2018-02-24,1974,5,-77.0,-13.0,729.0,1,-45.0,Spring
2018-02-23,1973,5,-78.0,-18.0,730.0,1,-48.0,Spring
2018-02-22,1972,5,-78.0,-14.0,730.0,1,-46.0,Spring
2018-02-21,1971,5,-78.0,-13.0,731.0,1,-45.5,Spring
2018-02-20,1970,5,-77.0,-16.0,731.0,1,-46.5,Spring
2018-02-19,1969,5,-76.0,-16.0,732.0,1,-46.0,Spring
2018-02-18,1968,5,-76.0,-19.0,732.0,1,-47.5,Spring
2018-02-17,1967,5,-76.0,-15.0,734.0,1,-45.5,Spring
2018-02-16,1966,5,-77.0,-18.0,735.0,1,-47.5,Spring
2018-02-15,1965,5,-76.0,-12.0,735.0,1,-44.0,Spring
2018-02-14,1964,5,-76.0,-16.0,736.0,1,-46.0,Spring
2018-02-13,1963,5,-77.0,-14.0,737.0,1,-45.5,Spring
2018-02-12,1962,5,-78.0,-14.0,738.0,1,-46.0,Spring
2018-02-11,1961,5,-77.0,-21.0,740.0,1,-49.0,Spring
2018-02-09,1960,5,-78.0,-14.0,740.0,1,-46.0,Spring
2018-02-08,1959,5,-78.0,-15.0,740.0,1,-46.5,Spring
2018-02-07,1958,5,-77.0,-14.0,741.0,1,-45.5,Spring
2018-02-06,1957,5,-77.0,-21.0,742.0,1,-49.0,Spring
2018-02-05,1956,5,-79.0,-14.0,744.0,1,-46.5,Spring
2018-02-04,1955,5,-77.0,-21.0,745.0,1,-49.0,Spring
2018-02-03,1954,5,-77.0,-17.0,745.0,1,-47.0,Spring
2018-02-02,1953,5,-78.0,-22.0,747.0,1,-50.0,Spring
2018-02-01,1952,5,-80.0,-25.0,748.0,1,-52.5,Spring
2018-01-31,1951,5,-77.0,-23.0,749.0,1,-50.0,Spring
2018-01-30,1950,5,-79.0,-15.0,750.0,1,-47.0,Spring
2018-01-29,1949,5,-78.0,-20.0,751.0,1,-49.0,Spring
2018-01-28,1948,5,-78.0,-18.0,752.0,1,-48.0,Spring
2018-01-27,1947,5,-78.0,-19.0,751.0,1,-48.5,Spring
2018-01-26,1946,5,-79.0,-20.0,753.0,1,-49.5,Spring
2018-01-25,1945,4,-78.0,-22.0,754.0,1,-50.0,Spring
2018-01-24,1944,4,-80.0,-21.0,755.0,1,-50.5,Spring
2018-01-23,1943,4,-78.0,-28.0,756.0,1,-53.0,Spring
2018-01-22,1942,4,-78.0,-27.0,757.0,1,-52.5,Spring
2018-01-21,1941,4,-77.0,-20.0,758.0,1,-48.5,Spring
2018-01-20,1940,4,-77.0,-19.0,759.0,1,-48.0,Spring
2018-01-19,1939,4,-78.0,-20.0,760.0,1,-49.0,Spring
2018-01-18,1938,4,-78.0,-24.0,762.0,1,-51.0,Spring
2018-01-17,1937,4,-80.0,-22.0,763.0,1,-51.0,Spring
2018-01-16,1936,4,-79.0,-20.0,764.0,1,-49.5,Spring
2018-01-15,1935,4,-80.0,-21.0,765.0,1,-50.5,Spring
2018-01-14,1934,4,-79.0,-21.0,766.0,1,-50.0,Spring
2018-01-13,1933,4,-78.0,-23.0,767.0,1,-50.5,Spring
2018-01-12,1932,4,-79.0,-24.0,768.0,1,-51.5,Spring
2018-01-11,1931,4,-79.0,-22.0,770.0,1,-50.5,Spring
2018-01-10,1930,4,-79.0,-24.0,770.0,1,-51.5,Spring
2018-01-09,1929,4,-79.0,-26.0,771.0,1,-52.5,Spring
2018-01-08,1928,4,-78.0,-24.0,773.0,1,-51.0,Spring
2018-01-07,1927,4,-79.0,-24.0,774.0,1,-51.5,Spring
2018-01-06,1926,4,-80.0,-24.0,775.0,1,-52.0,Spring
2018-01-05,1925,4,-79.0,-19.0,777.0,1,-49.0,Spring
2018-01-03,1924,4,-78.0,-21.0,777.0,1,-49.5,Spring
2018-01-02,1923,4,-77.0,-23.0,778.0,1,-50.0,Spring
2018-01-01,1922,4,-79.0,-24.0,780.0,1,-51.5,Spring
2017-12-31,1921,4,-78.0,-19.0,781.0,1,-48.5,Spring
2017-12-30,1920,4,-77.0,-25.0,782.0,1,-51.0,Spring
2017-12-29,1919,4,-77.0,-26.0,783.0,1,-51.5,Spring
2017-12-28,1918,4,-77.0,-18.0,784.0,1,-47.5,Spring
2017-12-27,1917,4,-80.0,-19.0,786.0,1,-49.5,Spring
2017-12-26,1916,4,-79.0,-22.0,787.0,1,-50.5,Spring
2017-12-25,1915,4,-78.0,-23.0,788.0,1,-50.5,Spring
2017-12-24,1914,4,-78.0,-21.0,790.0,1,-49.5,Spring
2017-12-23,1913,4,-79.0,-27.0,791.0,1,-53.0,Spring
2017-12-22,1912,4,-80.0,-25.0,791.0,1,-52.5,Spring
2017-12-21,1911,4,-79.0,-22.0,792.0,1,-50.5,Spring
2017-12-20,1910,4,-80.0,-23.0,794.0,1,-51.5,Spring
2017-12-19,1909,4,-80.0,-27.0,795.0,1,-53.5,Spring
2017-12-18,1908,4,-79.0,-28.0,796.0,1,-53.5,Spring
2017-12-17,1907,4,-79.0,-29.0,798.0,1,-54.0,Spring
2017-12-16,1906,4,-79.0,-23.0,799.0,1,-51.0,Spring
2017-12-15,1905,4,-80.0,-22.0,800.0,1,-51.0,Spring
2017-12-14,1904,4,-79.0,-27.0,801.0,1,-53.0,Spring
2017-12-13,1903,4,-78.0,-25.0,803.0,1,-51.5,Spring
2017-12-12,1902,4,-79.0,-27.0,804.0,1,-53.0,Spring
2017-12-11,1901,4,-81.0,-28.0,806.0,1,-54.5,Spring
2017-12-10,1900,4,-81.0,-25.0,807.0,1,-53.0,Spring
2017-12-09,1899,4,-81.0,-23.0,808.0,1,-52.0,Spring
2017-12-08,1898,4,-81.0,-27.0,810.0,1,-54.0,Spring
2017-12-07,1897,4,-80.0,-27.0,811.0,1,-53.5,Spring
2017-12-06,1896,4,-79.0,-23.0,812.0,1,-51.0,Spring
2017-12-05,1895,4,-78.0,-29.0,814.0,1,-53.5,Spring
2017-12-04,1894,4,-79.0,-28.0,815.0,1,-53.5,Spring
2017-12-03,1893,4,-79.0,-25.0,816.0,1,-52.0,Spring
2017-12-02,1892,4,-81.0,-29.0,817.0,1,-55.0,Spring
2017-12-01,1891,4,-80.0,-25.0,819.0,1,-52.5,Spring
2017-11-30,1890,4,-79.0,-28.0,821.0,1,-53.5,Spring
2017-11-29,1889,4,-80.0,-28.0,822.0,1,-54.0,Spring
2017-11-27,1888,4,-79.0,-25.0,823.0,1,-52.0,Spring
2017-11-26,1887,4,-79.0,-26.0,824.0,1,-52.5,Spring
2017-11-25,1886,4,-79.0,-27.0,826.0,1,-53.0,Spring
2017-11-24,1885,4,-79.0,-30.0,827.0,1,-54.5,Spring
2017-11-23,1884,4,-79.0,-29.0,829.0,1,-54.0,Spring
2017-11-22,1883,4,-78.0,-28.0,830.0,1,-53.0,Spring
2017-11-21,1882,4,-78.0,-31.0,831.0,1,-54.5,Spring
2017-11-20,1881,4,-79.0,-28.0,832.0,1,-53.5,Spring
2017-11-19,1880,3,-79.0,-30.0,833.0,1,-54.5,Winter
2017-11-18,1879,3,-79.0,-31.0,834.0,1,-55.0,Winter
2017-11-17,1878,3,-79.0,-29.0,835.0,1,-54.0,Winter
2017-11-16,1877,3,-79.0,-30.0,837.0,1,-54.5,Winter
2017-11-15,1876,3,-79.0,-29.0,838.0,1,-54.0,Winter
2017-11-14,1875,3,-79.0,-23.0,839.0,1,-51.0,Winter
2017-11-13,1874,3,-80.0,-29.0,840.0,1,-54.5,Winter
2017-11-12,1873,3,-79.0,-25.0,842.0,1,-52.0,Winter
2017-11-11,1872,3,-79.0,-29.0,843.0,1,-54.0,Winter
2017-11-10,1871,3,-80.0,-30.0,844.0,1,-55.0,Winter
2017-11-09,1870,3,-81.0,-29.0,845.0,1,-55.0,Winter
2017-11-08,1869,3,-81.0,-24.0,846.0,1,-52.5,Winter
2017-11-07,1868,3,-80.0,-24.0,848.0,1,-52.0,Winter
2017-11-06,1867,3,-78.0,-24.0,848.0,1,-51.0,Winter
2017-11-05,1866,3,-80.0,-28.0,850.0,1,-54.0,Winter
2017-11-04,1865,3,-80.0,-31.0,852.0,1,-55.5,Winter
2017-11-03,1864,3,-82.0,-22.0,852.0,1,-52.0,Winter
2017-11-02,1863,3,-80.0,-30.0,853.0,1,-55.0,Winter
2017-11-01,1862,3,-81.0,-30.0,854.0,1,-55.5,Winter
2017-10-31,1861,3,-79.0,-29.0,855.0,1,-54.0,Winter
2017-10-30,1860,3,-80.0,-31.0,857.0,1,-55.5,Winter
2017-10-29,1859,3,-79.0,-30.0,857.0,1,-54.5,Winter
2017-10-28,1858,3,-81.0,-28.0,857.0,1,-54.5,Winter
2017-10-27,1857,3,-80.0,-30.0,858.0,1,-55.0,Winter
2017-10-26,1856,3,-80.0,-28.0,859.0,1,-54.0,Winter
2017-10-25,1855,3,-78.0,-32.0,861.0,1,-55.0,Winter
2017-10-24,1854,3,-80.0,-26.0,861.0,1,-53.0,Winter
2017-10-23,1853,3,-80.0,-32.0,862.0,1,-56.0,Winter
2017-10-22,1852,3,-80.0,-31.0,863.0,1,-55.5,Winter
2017-10-20,1851,3,-87.0,-30.0,864.0,1,-58.5,Winter
2017-10-19,1850,3,-80.0,-30.0,864.0,1,-55.0,Winter
2017-10-18,1849,3,-80.0,-24.0,864.0,1,-52.0,Winter
2017-10-17,1848,3,-80.0,-28.0,865.0,1,-54.0,Winter
2017-10-16,1847,3,-80.0,-30.0,866.0,1,-55.0,Winter
2017-10-15,1846,3,-80.0,-30.0,868.0,1,-55.0,Winter
2017-10-14,1845,3,-80.0,-29.0,868.0,1,-54.5,Winter
2017-10-13,1844,3,-81.0,-28.0,869.0,1,-54.5,Winter
2017-10-12,1843,3,-80.0,-29.0,869.0,1,-54.5,Winter
2017-10-11,1842,3,-79.0,-27.0,869.0,1,-53.0,Winter
2017-10-10,1841,3,-77.0,-32.0,870.0,1,-54.5,Winter
2017-10-09,1840,3,-77.0,-29.0,871.0,1,-53.0,Winter
2017-10-08,1839,3,-80.0,-30.0,872.0,1,-55.0,Winter
2017-10-07,1838,3,-79.0,-27.0,872.0,1,-53.0,Winter
2017-10-06,1837,3,-81.0,-28.0,872.0,1,-54.5,Winter
2017-10-05,1836,3,-81.0,-29.0,873.0,1,-55.0,Winter
2017-10-04,1835,3,-80.0,-31.0,873.0,1,-55.5,Winter
2017-10-03,1834,3,-80.0,-25.0,875.0,1,-52.5,Winter
2017-10-02,1833,3,-81.0,-30.0,875.0,1,-55.5,Winter
2017-10-01,1832,3,-84.0,-30.0,875.0,1,-57.0,Winter
2017-09-30,1831,3,-80.0,-26.0,876.0,1,-53.0,Winter
2017-09-29,1830,3,-80.0,-23.0,877.0,1,-51.5,Winter
2017-09-28,1829,3,-78.0,-29.0,877.0,1,-53.5,Winter
2017-09-27,1828,3,-80.0,-27.0,878.0,1,-53.5,Winter
2017-09-26,1827,3,-80.0,-28.0,879.0,1,-54.0,Winter
2017-09-25,1826,3,-80.0,-26.0,878.0,1,-53.0,Winter
2017-09-24,1825,3,-80.0,-27.0,878.0,1,-53.5,Winter
2017-09-23,1824,3,-80.0,-28.0,879.0,1,-54.0,Winter
2017-09-22,1823,3,-80.0,-28.0,879.0,1,-54.0,Winter
2017-09-21,1822,3,-78.0,-27.0,881.0,1,-52.5,Winter
2017-09-20,1821,3,-81.0,-29.0,882.0,1,-55.0,Winter
2017-09-19,1820,3,-79.0,-29.0,881.0,1,-54.0,Winter
2017-09-18,1819,3,-82.0,-28.0,880.0,1,-55.0,Winter
2017-09-17,1818,3,-81.0,-25.0,881.0,1,-53.0,Winter
2017-09-16,1817,3,-80.0,-29.0,882.0,1,-54.5,Winter
2017-09-15,1816,3,-82.0,-30.0,882.0,1,-56.0,Winter
2017-09-13,1815,3,-81.0,-29.0,881.0,1,-55.0,Winter
2017-09-12,1814,2,-80.0,-26.0,881.0,1,-53.0,Winter
2017-09-11,1813,2,-80.0,-27.0,881.0,1,-53.5,Winter
2017-09-10,1812,2,-79.0,-23.0,882.0,1,-51.0,Winter
2017-09-09,1811,2,-79.0,-25.0,882.0,1,-52.0,Winter
2017-09-08,1810,2,-78.0,-25.0,883.0,1,-51.5,Winter
2017-09-07,1809,2,-80.0,-25.0,884.0,1,-52.5,Winter
2017-09-06,1808,2,-79.0,-26.0,884.0,1,-52.5,Winter
2017-09-05,1807,2,-78.0,-23.0,884.0,1,-50.5,Winter
2017-09-04,1806,2,-80.0,-25.0,884.0,1,-52.5,Winter
2017-09-03,1805,2,-78.0,-27.0,883.0,1,-52.5,Winter
2017-09-02,1804,2,-78.0,-29.0,883.0,1,-53.5,Winter
2017-09-01,1803,2,-78.0,-25.0,882.0,1,-51.5,Winter
2017-08-31,1802,2,-79.0,-26.0,882.0,1,-52.5,Winter
2017-08-30,1801,2,-80.0,-21.0,882.0,1,-50.5,Winter
2017-08-29,1800,2,-80.0,-24.0,883.0,1,-52.0,Winter
2017-08-28,1799,2,-78.0,-24.0,883.0,1,-51.0,Winter
2017-08-27,1798,2,-79.0,-25.0,883.0,1,-52.0,Winter
2017-08-26,1797,2,-79.0,-27.0,884.0,1,-53.0,Winter
2017-08-25,1796,2,-80.0,-23.0,883.0,1,-51.5,Winter
2017-08-24,1795,2,-81.0,-19.0,882.0,1,-50.0,Winter
2017-08-23,1794,2,-80.0,-25.0,883.0,1,-52.5,Winter
2017-08-22,1793,2,-80.0,-22.0,883.0,1,-51.0,Winter
2017-08-21,1792,2,-80.0,-27.0,883.0,1,-53.5,Winter
2017-08-20,1791,2,-79.0,-23.0,882.0,1,-51.0,Winter
2017-08-19,1790,2,-81.0,-22.0,882.0,1,-51.5,Winter
2017-08-18,1789,2,-79.0,-19.0,881.0,1,-49.0,Winter
2017-08-17,1788,2,-79.0,-21.0,881.0,1,-50.0,Winter
2017-08-16,1787,2,-79.0,-26.0,881.0,1,-52.5,Winter
2017-08-14,1785,2,-77.0,-20.0,881.0,1,-48.5,Winter
2017-08-13,1784,2,-80.0,-22.0,883.0,1,-51.0,Winter
2017-08-12,1783,2,-79.0,-23.0,879.0,1,-51.0,Winter
2017-08-11,1782,2,-78.0,-22.0,878.0,1,-50.0,Winter
2017-08-10,1781,2,-78.0,-22.0,879.0,1,-50.0,Winter
2017-08-09,1780,2,-77.0,-20.0,879.0,1,-48.5,Winter
2017-08-07,1779,2,-78.0,-23.0,878.0,1,-50.5,Winter
2017-08-06,1778,2,-81.0,-23.0,877.0,1,-52.0,Winter
2017-08-05,1777,2,-79.0,-22.0,877.0,1,-50.5,Winter
2017-08-04,1776,2,-79.0,-24.0,877.0,1,-51.5,Winter
2017-08-03,1775,2,-80.0,-22.0,877.0,1,-51.0,Winter
2017-08-02,1774,2,-79.0,-18.0,877.0,1,-48.5,Winter
2017-08-01,1773,2,-78.0,-22.0,876.0,1,-50.0,Winter
2017-07-31,1772,2,-78.0,-20.0,876.0,1,-49.0,Winter
2017-07-30,1771,2,-79.0,-22.0,876.0,1,-50.5,Winter
2017-07-29,1770,2,-79.0,-19.0,875.0,1,-49.0,Winter
2017-07-28,1769,2,-76.0,-23.0,875.0,1,-49.5,Winter
2017-07-27,1768,2,-78.0,-22.0,875.0,1,-50.0,Winter
2017-07-26,1767,2,-77.0,-22.0,874.0,1,-49.5,Winter
2017-07-25,1766,2,-79.0,-17.0,873.0,1,-48.0,Winter
2017-07-24,1765,2,-77.0,-20.0,873.0,1,-48.5,Winter
2017-07-23,1764,2,-79.0,-18.0,872.0,1,-48.5,Winter
2017-07-22,1763,2,-78.0,-20.0,873.0,1,-49.0,Winter
2017-07-21,1762,2,-77.0,-20.0,872.0,1,-48.5,Winter
2017-07-20,1761,2,-77.0,-20.0,872.0,1,-48.5,Winter
2017-07-19,1760,2,-78.0,-18.0,872.0,1,-48.0,Winter
2017-07-18,1759,2,-77.0,-20.0,871.0,1,-48.5,Winter
2017-07-17,1758,2,-78.0,-20.0,871.0,1,-49.0,Winter
2017-07-16,1757,2,-78.0,-21.0,871.0,1,-49.5,Winter
2017-07-15,1756,2,-78.0,-23.0,871.0,1,-50.5,Winter
2017-07-14,1755,2,-77.0,-22.0,870.0,1,-49.5,Winter
2017-07-13,1754,2,-78.0,-20.0,870.0,1,-49.0,Winter
2017-07-12,1753,2,-76.0,-16.0,868.0,1,-46.0,Winter
2017-07-11,1752,2,-80.0,-16.0,867.0,1,-48.0,Winter
2017-07-10,1751,2,-78.0,-23.0,867.0,1,-50.5,Winter
2017-07-09,1750,2,-77.0,-17.0,867.0,1,-47.0,Winter
2017-07-08,1749,2,-76.0,-21.0,867.0,1,-48.5,Winter
2017-07-07,1748,1,-79.0,-19.0,867.0,1,-49.0,Winter
2017-07-06,1747,1,-79.0,-16.0,866.0,1,-47.5,Winter
2017-07-05,1746,1,-76.0,-16.0,866.0,1,-46.0,Winter
2017-07-04,1745,1,-78.0,-19.0,865.0,1,-48.5,Winter
2017-07-03,1744,1,-78.0,-22.0,863.0,1,-50.0,Winter
2017-07-02,1743,1,-78.0,-21.0,863.0,1,-49.5,Winter
2017-06-30,1742,1,-77.0,-12.0,865.0,1,-44.5,Winter
2017-06-29,1741,1,-78.0,-18.0,863.0,1,-48.0,Winter
2017-06-28,1740,1,-78.0,-21.0,861.0,1,-49.5,Winter
2017-06-27,1739,1,-77.0,-22.0,861.0,1,-49.5,Winter
2017-06-26,1738,1,-78.0,-22.0,861.0,1,-50.0,Winter
2017-06-25,1737,1,-78.0,-19.0,861.0,1,-48.5,Winter
2017-06-24,1736,1,-77.0,-16.0,860.0,1,-46.5,Winter
2017-06-23,1735,1,-78.0,-13.0,861.0,1,-45.5,Winter
2017-06-22,1734,1,-78.0,-22.0,859.0,1,-50.0,Winter
2017-06-21,1733,1,-77.0,-21.0,859.0,1,-49.0,Winter
2017-06-20,1732,1,-78.0,-24.0,858.0,1,-51.0,Winter
2017-06-19,1731,1,-78.0,-24.0,857.0,1,-51.0,Winter
2017-06-18,1730,1,-77.0,-20.0,858.0,1,-48.5,Winter
2017-06-17,1729,1,-76.0,-19.0,858.0,1,-47.5,Winter
2017-06-16,1728,1,-76.0,-16.0,855.0,1,-46.0,Winter
2017-06-15,1727,1,-75.0,-13.0,855.0,1,-44.0,Winter
2017-06-14,1726,1,-76.0,-17.0,855.0,1,-46.5,Winter
2017-06-13,1725,1,-79.0,-18.0,857.0,1,-48.5,Winter
2017-06-12,1724,1,-77.0,-21.0,856.0,1,-49.0,Winter
2017-06-11,1723,1,-76.0,-16.0,854.0,1,-46.0,Winter
2017-06-10,1722,1,-77.0,-13.0,854.0,1,-45.0,Winter
2017-06-09,1721,1,-76.0,-16.0,852.0,1,-46.0,Winter
2017-06-08,1720,1,-76.0,-17.0,853.0,1,-46.5,Winter
2017-06-07,1719,1,-77.0,-19.0,853.0,1,-48.0,Winter
2017-06-06,1718,1,-77.0,-16.0,852.0,1,-46.5,Winter
2017-06-05,1717,1,-76.0,-12.0,851.0,1,-44.0,Winter
2017-06-04,1716,1,-76.0,-10.0,850.0,1,-43.0,Winter
2017-06-03,1715,1,-77.0,-10.0,851.0,1,-43.5,Winter
2017-06-02,1714,1,-77.0,-13.0,849.0,1,-45.0,Winter
2017-06-01,1713,1,-75.0,-10.0,850.0,1,-42.5,Winter
2017-05-31,1712,1,-77.0,-11.0,849.0,1,-44.0,Winter
2017-05-30,1711,1,-75.0,-13.0,848.0,1,-44.0,Winter
2017-05-29,1710,1,-76.0,-12.0,848.0,1,-44.0,Winter
2017-05-28,1709,1,-76.0,-14.0,847.0,1,-45.0,Winter
2017-05-27,1708,1,-76.0,-13.0,846.0,1,-44.5,Winter
2017-05-26,1707,1,-77.0,-12.0,846.0,1,-44.5,Winter
2017-05-24,1706,1,-77.0,-17.0,845.0,1,-47.0,Winter
2017-05-23,1705,1,-76.0,-11.0,845.0,1,-43.5,Winter
2017-05-22,1704,1,-77.0,-14.0,844.0,1,-45.5,Winter
2017-05-21,1703,1,-76.0,-12.0,843.0,1,-44.0,Winter
2017-05-20,1702,1,-75.0,-12.0,842.0,1,-43.5,Winter
2017-05-19,1701,1,-76.0,-12.0,841.0,1,-44.0,Winter
2017-05-18,1700,1,-76.0,-14.0,842.0,1,-45.0,Winter
2017-05-17,1699,1,-76.0,-12.0,843.0,1,-44.0,Winter
2017-05-16,1698,1,-77.0,-12.0,842.0,1,-44.5,Winter
2017-05-15,1697,1,-77.0,-15.0,841.0,1,-46.0,Winter
2017-05-14,1696,1,-75.0,-17.0,841.0,1,-46.0,Winter
2017-05-13,1695,1,-77.0,-13.0,840.0,1,-45.0,Winter
2017-05-12,1694,1,-76.0,-12.0,840.0,1,-44.0,Winter
2017-05-11,1693,1,-76.0,-12.0,840.0,1,-44.0,Winter
2017-05-10,1692,1,-62.0,-11.0,820.0,1,-36.5,Winter
2017-05-08,1690,1,-76.0,-14.0,840.0,1,-45.0,Winter
2017-05-07,1689,1,-75.0,-10.0,840.0,1,-42.5,Winter
2017-05-06,1688,1,-76.0,-13.0,840.0,1,-44.5,Winter
2017-05-05,1687,1,-75.0,-11.0,838.0,1,-43.0,Winter
2017-05-04,1686,1,-75.0,-13.0,838.0,1,-44.0,Winter
2017-05-03,1685,1,-77.0,-14.0,838.0,1,-45.5,Winter
2017-05-02,1684,1,-75.0,-14.0,837.0,1,-44.5,Winter
2017-05-01,1683,1,-75.0,-15.0,837.0,1,-45.0,Winter
2017-04-30,1682,1,-76.0,-13.0,839.0,1,-44.5,Winter
2017-04-29,1681,1,-74.0,-12.0,837.0,1,-43.0,Winter
2017-04-28,1680,1,-74.0,-11.0,835.0,1,-42.5,Winter
2017-04-27,1679,1,-75.0,-12.0,836.0,1,-43.5,Winter
2017-04-26,1678,1,-74.0,-11.0,836.0,1,-42.5,Winter
2017-04-25,1677,1,-74.0,-8.0,835.0,1,-41.0,Winter
2017-04-24,1676,1,-76.0,-11.0,837.0,1,-43.5,Winter
2017-04-23,1675,1,-75.0,-6.0,835.0,1,-40.5,Winter
2017-04-22,1674,1,-75.0,-6.0,835.0,1,-40.5,Winter
2017-04-21,1673,1,-75.0,-6.0,836.0,1,-40.5,Winter
2017-04-20,1672,1,-74.0,-5.0,833.0,1,-39.5,Winter
2017-04-19,1671,1,-76.0,-7.0,832.0,1,-41.5,Winter
2017-04-18,1670,1,-76.0,-12.0,834.0,1,-44.0,Winter
2017-04-16,1669,1,-74.0,-12.0,833.0,1,-43.0,Winter
2017-04-15,1668,1,-77.0,-4.0,831.0,1,-40.5,Winter
2017-04-14,1667,1,-76.0,-9.0,833.0,1,-42.5,Winter
2017-04-13,1666,1,-76.0,-8.0,834.0,1,-42.0,Winter
2017-04-12,1665,1,-76.0,-7.0,833.0,1,-41.5,Winter
2017-04-11,1664,1,-74.0,-8.0,832.0,1,-41.0,Winter
2017-04-10,1663,1,-74.0,-6.0,832.0,1,-40.0,Winter
2017-04-09,1662,1,-75.0,-3.0,831.0,1,-39.0,Winter
2017-04-08,1661,1,-75.0,-5.0,831.0,1,-40.0,Winter
2017-04-07,1660,1,-74.0,-5.0,832.0,1,-39.5,Winter
2017-04-06,1659,1,-77.0,-7.0,832.0,1,-42.0,Winter
2017-04-05,1658,1,-77.0,-8.0,835.0,1,-42.5,Winter
2017-04-04,1657,1,-75.0,-9.0,836.0,1,-42.0,Winter
2017-04-03,1656,1,-75.0,-3.0,832.0,1,-39.0,Winter
2017-04-02,1655,1,-76.0,-14.0,831.0,1,-45.0,Winter
2017-04-01,1654,1,-75.0,-17.0,829.0,1,-46.0,Winter
2017-03-31,1653,1,-75.0,-15.0,833.0,1,-45.0,Winter
2017-03-30,1652,1,-76.0,-15.0,834.0,1,-45.5,Winter
2017-03-29,1651,1,-77.0,-8.0,833.0,1,-42.5,Winter
2017-03-28,1650,1,-75.0,-8.0,833.0,1,-41.5,Winter
2017-03-27,1649,1,-74.0,-8.0,830.0,1,-41.0,Winter
2017-03-26,1648,1,-73.0,-14.0,830.0,1,-43.5,Winter
2017-03-25,1647,1,-73.0,-3.0,831.0,1,-38.0,Winter
2017-03-24,1646,1,-74.0,-8.0,831.0,1,-41.0,Winter
2017-03-23,1645,1,-74.0,-3.0,832.0,1,-38.5,Winter
2017-03-22,1644,1,-74.0,-10.0,832.0,1,-42.0,Winter
2017-03-21,1643,1,-74.0,-11.0,832.0,1,-42.5,Winter
2017-03-20,1642,1,-72.0,-13.0,829.0,1,-42.5,Winter
2017-03-19,1641,1,-72.0,-6.0,831.0,1,-39.0,Winter
2017-03-18,1640,1,-72.0,-8.0,832.0,1,-40.0,Winter
2017-03-17,1639,1,-71.0,-6.0,832.0,1,-38.5,Winter
2017-03-16,1638,1,-73.0,-9.0,833.0,1,-41.0,Winter
2017-03-15,1637,1,-73.0,-10.0,833.0,1,-41.5,Winter
2017-03-14,1636,1,-72.0,-14.0,834.0,1,-43.0,Winter
2017-03-13,1635,1,-73.0,-7.0,833.0,1,-40.0,Winter
2017-03-12,1634,1,-72.0,-5.0,834.0,1,-38.5,Winter
2017-03-10,1633,1,-75.0,-4.0,834.0,1,-39.5,Winter
2017-03-09,1632,1,-72.0,-4.0,836.0,1,-38.0,Winter
2017-03-08,1631,1,-77.0,-6.0,837.0,1,-41.5,Winter
2017-03-07,1630,1,-77.0,-6.0,838.0,1,-41.5,Winter
2017-03-06,1629,1,-74.0,-8.0,837.0,1,-41.0,Winter
2017-03-05,1628,1,-71.0,-8.0,839.0,1,-39.5,Winter
2017-03-04,1627,1,-72.0,-9.0,838.0,1,-40.5,Winter
2017-03-03,1626,1,-71.0,-11.0,839.0,1,-41.0,Winter
2017-03-02,1625,1,-71.0,-8.0,839.0,1,-39.5,Winter
2017-03-01,1624,1,-72.0,-8.0,837.0,1,-40.0,Winter
2017-02-28,1623,1,-71.0,-10.0,840.0,1,-40.5,Winter
2017-02-27,1622,1,-71.0,-9.0,841.0,1,-40.0,Winter
2017-02-26,1621,1,-73.0,-13.0,842.0,1,-43.0,Winter
2017-02-25,1620,1,-70.0,-9.0,844.0,1,-39.5,Winter
2017-02-24,1619,1,-73.0,-8.0,841.0,1,-40.5,Winter
2017-02-23,1618,1,-71.0,-7.0,845.0,1,-39.0,Winter
2017-02-22,1617,1,-72.0,-8.0,840.0,1,-40.0,Winter
2017-02-21,1616,1,-73.0,-8.0,848.0,1,-40.5,Winter
2017-02-20,1615,1,-73.0,-5.0,842.0,1,-39.0,Winter
2017-02-19,1614,1,-73.0,-8.0,837.0,1,-40.5,Winter
2017-02-18,1613,1,-72.0,-2.0,846.0,1,-37.0,Winter
2017-02-17,1612,1,,,,1,,Winter
2017-02-16,1611,1,,,,1,,Winter
2017-02-15,1610,1,,,,1,,Winter
2017-02-14,1609,1,-71.0,-7.0,847.0,1,-39.0,Winter
2017-02-13,1608,1,-72.0,-8.0,847.0,1,-40.0,Winter
2017-02-12,1607,1,-77.0,-12.0,846.0,1,-44.5,Winter
2017-02-11,1606,1,-75.0,-10.0,850.0,1,-42.5,Winter
2017-02-10,1605,1,-73.0,-13.0,846.0,1,-43.0,Winter
2017-02-09,1604,1,-77.0,-11.0,850.0,1,-44.0,Winter
2017-02-08,1603,1,-76.0,-5.0,847.0,1,-40.5,Winter
2017-02-07,1602,1,-77.0,-5.0,852.0,1,-41.0,Winter
2017-02-06,1601,1,-71.0,-2.0,853.0,1,-36.5,Winter
2017-02-05,1600,1,-71.0,-7.0,850.0,1,-39.0,Winter
2017-02-04,1599,1,-72.0,-7.0,853.0,1,-39.5,Winter
2017-02-03,1598,1,-70.0,-4.0,849.0,1,-37.0,Winter
2017-02-01,1597,1,-73.0,-8.0,855.0,1,-40.5,Winter
2017-01-31,1596,1,-74.0,-6.0,850.0,1,-40.0,Winter
2017-01-30,1595,1,-71.0,-7.0,855.0,1,-39.0,Winter
2017-01-29,1594,1,-74.0,-6.0,855.0,1,-40.0,Winter
2017-01-28,1593,1,-72.0,-1.0,852.0,1,-36.5,Winter
2017-01-27,1592,1,-71.0,0.0,857.0,1,-35.5,Winter
2017-01-26,1591,1,-73.0,-1.0,852.0,1,-37.0,Winter
2017-01-25,1590,1,-76.0,-1.0,860.0,1,-38.5,Winter
2017-01-24,1589,1,-72.0,-2.0,857.0,1,-37.0,Winter
2017-01-23,1588,1,-72.0,0.0,858.0,1,-36.0,Winter
2017-01-22,1587,1,-73.0,-1.0,860.0,1,-37.0,Winter
2017-01-21,1586,1,-72.0,-1.0,858.0,1,-36.5,Winter
2017-01-20,1585,1,-76.0,-2.0,864.0,1,-39.0,Winter
2017-01-19,1584,1,-77.0,-2.0,860.0,1,-39.5,Winter
2017-01-18,1583,1,-75.0,-4.0,862.0,1,-39.5,Winter
2017-01-17,1582,1,-74.0,-1.0,862.0,1,-37.5,Winter
2017-01-16,1581,1,-72.0,-1.0,862.0,1,-36.5,Winter
2017-01-15,1580,1,-72.0,-2.0,867.0,1,-37.0,Winter
2017-01-14,1579,1,-73.0,-3.0,862.0,1,-38.0,Winter
2017-01-13,1578,1,-74.0,-5.0,868.0,1,-39.5,Winter
2017-01-12,1577,1,-72.0,-3.0,866.0,1,-37.5,Winter
2017-01-11,1576,1,-72.0,-1.0,869.0,1,-36.5,Winter
2017-01-10,1575,1,-73.0,0.0,871.0,1,-36.5,Winter
2017-01-09,1574,1,-72.0,4.0,868.0,1,-34.0,Winter
2017-01-08,1573,1,-74.0,-2.0,872.0,1,-38.0,Winter
2017-01-07,1572,1,-81.0,-6.0,869.0,1,-43.5,Winter
2017-01-06,1571,1,-70.0,-3.0,873.0,1,-36.5,Winter
2017-01-05,1570,1,-71.0,-6.0,873.0,1,-38.5,Winter
2017-01-04,1569,1,-70.0,-4.0,873.0,1,-37.0,Winter
2017-01-03,1568,1,-71.0,-5.0,876.0,1,-38.0,Winter
2017-01-02,1567,1,-70.0,-5.0,872.0,1,-37.5,Winter
2017-01-01,1566,1,-76.0,-6.0,876.0,1,-41.0,Winter
2016-12-31,1565,1,-72.0,-6.0,874.0,1,-39.0,Winter
2016-12-30,1564,1,-70.0,-7.0,877.0,1,-38.5,Winter
2016-12-29,1563,1,-75.0,-6.0,879.0,1,-40.5,Winter
2016-12-28,1562,1,-73.0,-5.0,877.0,1,-39.0,Winter
2016-12-27,1561,1,-77.0,-8.0,877.0,1,-42.5,Winter
2016-12-25,1560,1,-76.0,-10.0,877.0,1,-43.0,Winter
2016-12-24,1559,1,-76.0,-7.0,879.0,1,-41.5,Winter
2016-12-23,1558,1,-72.0,-6.0,880.0,1,-39.0,Winter
2016-12-22,1557,1,-70.0,-6.0,883.0,1,-38.0,Winter
2016-12-21,1556,1,-72.0,-5.0,883.0,1,-38.5,Winter
2016-12-20,1555,1,-71.0,-6.0,883.0,1,-38.5,Winter
2016-12-19,1554,1,-70.0,-7.0,882.0,1,-38.5,Winter
2016-12-18,1553,1,-77.0,-9.0,884.0,1,-43.0,Winter
2016-12-17,1552,1,-74.0,-6.0,886.0,1,-40.0,Winter
2016-12-16,1551,1,-71.0,0.0,886.0,1,-35.5,Winter
2016-12-15,1550,1,-71.0,-1.0,888.0,1,-36.0,Winter
2016-12-14,1549,1,-76.0,-2.0,887.0,1,-39.0,Winter
2016-12-13,1548,1,-76.0,-8.0,887.0,1,-42.0,Winter
2016-12-12,1547,1,-75.0,-8.0,887.0,1,-41.5,Winter
2016-12-11,1546,1,-73.0,-7.0,889.0,1,-40.0,Winter
2016-12-10,1545,1,-73.0,3.0,891.0,1,-35.0,Winter
2016-12-09,1544,1,-71.0,1.0,894.0,1,-35.0,Winter
2016-12-08,1543,1,-74.0,-7.0,896.0,1,-40.5,Winter
2016-12-07,1542,1,-73.0,-9.0,895.0,1,-41.0,Winter
2016-12-06,1541,1,-76.0,-8.0,895.0,1,-42.0,Winter
2016-12-05,1540,1,-72.0,-3.0,896.0,1,-37.5,Winter
2016-12-04,1539,1,-74.0,-1.0,896.0,1,-37.5,Winter
2016-12-03,1538,1,-73.0,-3.0,898.0,1,-38.0,Winter
2016-12-02,1537,1,-74.0,-7.0,900.0,1,-40.5,Winter
2016-12-01,1536,1,-71.0,-4.0,901.0,1,-37.5,Winter
2016-11-30,1535,1,-73.0,-1.0,900.0,1,-37.0,Winter
2016-11-29,1534,1,-73.0,-2.0,898.0,1,-37.5,Winter
2016-11-28,1533,9,-72.0,-4.0,896.0,1,-38.0,Summer
2016-11-27,1532,9,-72.0,-3.0,900.0,1,-37.5,Summer
2016-11-26,1531,9,-76.0,-10.0,900.0,1,-43.0,Summer
2016-11-25,1530,9,-71.0,-4.0,899.0,1,-37.5,Summer
2016-11-24,1529,9,-73.0,3.0,900.0,1,-35.0,Summer
2016-11-23,1528,9,-72.0,-4.0,898.0,1,-38.0,Summer
2016-11-22,1527,9,-71.0,-6.0,900.0,1,-38.5,Summer
2016-11-21,1526,9,-72.0,-2.0,900.0,1,-37.0,Summer
2016-11-20,1525,9,-74.0,-2.0,902.0,1,-38.0,Summer
2016-11-18,1524,9,-76.0,-4.0,904.0,1,-40.0,Summer
2016-11-17,1523,9,-77.0,-10.0,905.0,1,-43.5,Summer
2016-11-16,1522,9,-71.0,-2.0,905.0,1,-36.5,Summer
2016-11-15,1521,9,-71.0,-1.0,905.0,1,-36.0,Summer
2016-11-14,1520,9,-73.0,-2.0,905.0,1,-37.5,Summer
2016-11-13,1519,9,-72.0,5.0,906.0,1,-33.5,Summer
2016-11-12,1518,9,-78.0,-8.0,909.0,1,-43.0,Summer
2016-11-11,1517,9,-76.0,2.0,911.0,1,-37.0,Summer
2016-11-10,1516,9,-71.0,4.0,909.0,1,-33.5,Summer
2016-11-09,1515,9,-76.0,3.0,906.0,1,-36.5,Summer
2016-11-08,1514,9,-73.0,0.0,906.0,1,-36.5,Summer
2016-11-07,1513,9,-74.0,-1.0,907.0,1,-37.5,Summer
2016-11-06,1512,9,-78.0,0.0,906.0,1,-39.0,Summer
2016-11-05,1511,9,-77.0,0.0,908.0,1,-38.5,Summer
2016-11-04,1510,9,-70.0,2.0,908.0,1,-34.0,Summer
2016-11-03,1509,9,-70.0,3.0,910.0,1,-33.5,Summer
2016-11-02,1508,9,-70.0,-2.0,907.0,1,-36.0,Summer
2016-11-01,1507,9,-70.0,-3.0,907.0,1,-36.5,Summer
2016-10-31,1506,9,-71.0,-1.0,907.0,1,-36.0,Summer
2016-10-30,1505,9,-69.0,2.0,906.0,1,-33.5,Summer
2016-10-29,1504,9,-69.0,-1.0,910.0,1,-35.0,Summer
2016-10-28,1503,9,-70.0,3.0,909.0,1,-33.5,Summer
2016-10-27,1502,9,-69.0,0.0,907.0,1,-34.5,Summer
2016-10-26,1501,9,-69.0,3.0,903.0,1,-33.0,Summer
2016-10-25,1500,9,-70.0,-4.0,903.0,1,-37.0,Summer
2016-10-24,1499,9,-69.0,-2.0,903.0,1,-35.5,Summer
2016-10-23,1498,9,-68.0,-9.0,907.0,1,-38.5,Summer
2016-10-22,1497,9,-68.0,-5.0,909.0,1,-36.5,Summer
2016-10-21,1496,9,-72.0,-8.0,906.0,1,-40.0,Summer
2016-10-20,1495,9,-71.0,-7.0,903.0,1,-39.0,Summer
2016-10-19,1494,9,-70.0,-8.0,904.0,1,-39.0,Summer
2016-10-18,1493,9,-70.0,-11.0,905.0,1,-40.5,Summer
2016-10-17,1492,9,-68.0,-10.0,910.0,1,-39.0,Summer
2016-10-16,1491,9,-69.0,-8.0,906.0,1,-38.5,Summer
2016-10-15,1490,9,-66.0,-10.0,904.0,1,-38.0,Summer
2016-10-14,1489,9,-68.0,-8.0,903.0,1,-38.0,Summer
2016-10-12,1488,9,-69.0,-6.0,902.0,1,-37.5,Summer
2016-10-11,1487,8,-68.0,-5.0,901.0,1,-36.5,Summer
2016-10-10,1486,8,-71.0,-1.0,901.0,1,-36.0,Summer
2016-10-09,1485,8,-71.0,3.0,899.0,1,-34.0,Summer
2016-10-08,1484,8,-68.0,4.0,895.0,1,-32.0,Summer
2016-10-07,1483,8,-68.0,1.0,892.0,1,-33.5,Summer
2016-10-06,1482,8,-68.0,2.0,893.0,1,-33.0,Summer
2016-10-05,1481,8,-70.0,1.0,893.0,1,-34.5,Summer
2016-10-04,1480,8,-68.0,1.0,893.0,1,-33.5,Summer
2016-10-03,1479,8,-66.0,3.0,890.0,1,-31.5,Summer
2016-10-02,1478,8,-68.0,1.0,887.0,1,-33.5,Summer
2016-10-01,1477,8,-72.0,0.0,888.0,1,-36.0,Summer
2016-09-30,1476,8,-69.0,2.0,888.0,1,-33.5,Summer
2016-09-29,1475,8,-72.0,2.0,890.0,1,-35.0,Summer
2016-09-28,1474,8,-68.0,2.0,889.0,1,-33.0,Summer
2016-09-27,1473,8,-67.0,4.0,881.0,1,-31.5,Summer
2016-09-26,1472,8,-68.0,5.0,879.0,1,-31.5,Summer
2016-09-25,1471,8,-71.0,4.0,880.0,1,-33.5,Summer
2016-09-24,1470,8,-70.0,1.0,879.0,1,-34.5,Summer
2016-09-23,1469,8,-72.0,1.0,881.0,1,-35.5,Summer
2016-09-22,1468,8,-70.0,5.0,879.0,1,-32.5,Summer
2016-09-21,1467,8,-69.0,-4.0,877.0,1,-36.5,Summer
2016-09-20,1466,8,-67.0,-6.0,873.0,1,-36.5,Summer
2016-09-19,1465,8,-68.0,-3.0,870.0,1,-35.5,Summer
2016-09-18,1464,8,-71.0,-6.0,871.0,1,-38.5,Summer
2016-09-17,1463,8,-68.0,-1.0,871.0,1,-34.5,Summer
2016-09-16,1462,8,-68.0,-5.0,871.0,1,-36.5,Summer
2016-09-15,1461,8,-69.0,-7.0,870.0,1,-38.0,Summer
2016-09-14,1460,8,-70.0,-4.0,865.0,1,-37.0,Summer
2016-09-13,1459,8,-71.0,-2.0,861.0,1,-36.5,Summer
2016-09-12,1458,8,-69.0,-1.0,859.0,1,-35.0,Summer
2016-09-11,1457,8,-69.0,-5.0,860.0,1,-37.0,Summer
2016-09-10,1456,8,-69.0,-1.0,859.0,1,-35.0,Summer
2016-09-09,1455,8,-70.0,-4.0,858.0,1,-37.0,Summer
2016-09-08,1454,8,-69.0,3.0,854.0,1,-33.0,Summer
2016-09-07,1453,8,-73.0,5.0,850.0,1,-34.0,Summer
2016-09-06,1452,8,-74.0,5.0,845.0,1,-34.5,Summer
2016-09-04,1451,8,-71.0,5.0,842.0,1,-33.0,Summer
2016-09-03,1450,8,-69.0,5.0,842.0,1,-32.0,Summer
2016-09-02,1449,8,-71.0,5.0,841.0,1,-33.0,Summer
2016-09-01,1448,8,-69.0,5.0,841.0,1,-32.0,Summer
2016-08-31,1447,8,-74.0,4.0,841.0,1,-35.0,Summer
2016-08-30,1446,8,-70.0,6.0,841.0,1,-32.0,Summer
2016-08-29,1445,8,-69.0,1.0,836.0,1,-34.0,Summer
2016-08-28,1444,8,-69.0,8.0,833.0,1,-30.5,Summer
2016-08-27,1443,8,-69.0,7.0,831.0,1,-31.0,Summer
2016-08-26,1442,8,-68.0,0.0,829.0,1,-34.0,Summer
2016-08-25,1441,8,-74.0,10.0,828.0,1,-32.0,Summer
2016-08-24,1440,7,-70.0,4.0,828.0,1,-33.0,Summer
2016-08-23,1439,7,-71.0,5.0,828.0,1,-33.0,Summer
2016-08-22,1438,7,-68.0,11.0,823.0,1,-28.5,Summer
2016-08-21,1437,7,-71.0,7.0,821.0,1,-32.0,Summer
2016-08-20,1436,7,-72.0,4.0,825.0,1,-34.0,Summer
2016-08-19,1435,7,-71.0,4.0,823.0,1,-33.5,Summer
2016-08-18,1434,7,-70.0,0.0,818.0,1,-35.0,Summer
2016-08-17,1433,7,-70.0,6.0,818.0,1,-32.0,Summer
2016-08-16,1432,7,-71.0,7.0,813.0,1,-32.0,Summer
2016-08-15,1431,7,-69.0,7.0,811.0,1,-31.0,Summer
2016-08-14,1430,7,-69.0,5.0,810.0,1,-32.0,Summer
2016-08-13,1429,7,-70.0,4.0,810.0,1,-33.0,Summer
2016-08-12,1428,7,-72.0,4.0,808.0,1,-34.0,Summer
2016-08-11,1427,7,-72.0,8.0,807.0,1,-32.0,Summer
2016-08-10,1426,7,-71.0,-6.0,803.0,1,-38.5,Summer
2016-08-09,1425,7,-72.0,-8.0,804.0,1,-40.0,Summer
2016-08-08,1424,7,-72.0,-8.0,803.0,1,-40.0,Summer
2016-08-07,1423,7,-71.0,-9.0,800.0,1,-40.0,Summer
2016-08-06,1422,7,-72.0,-9.0,798.0,1,-40.5,Summer
2016-08-05,1421,7,-72.0,-9.0,797.0,1,-40.5,Summer
2016-08-04,1420,7,-71.0,-8.0,793.0,1,-39.5,Summer
2016-08-03,1419,7,-73.0,-7.0,793.0,1,-40.0,Summer
2016-08-02,1418,7,-73.0,-9.0,793.0,1,-41.0,Summer
2016-08-01,1417,7,-70.0,-8.0,791.0,1,-39.0,Summer
2016-07-31,1416,7,-72.0,5.0,791.0,1,-33.5,Summer
2016-07-29,1415,7,-72.0,8.0,787.0,1,-32.0,Summer
2016-07-28,1414,7,-73.0,7.0,785.0,1,-33.0,Summer
2016-07-27,1413,7,-72.0,5.0,784.0,1,-33.5,Summer
2016-07-26,1412,7,-78.0,4.0,784.0,1,-37.0,Summer
2016-07-25,1411,7,-72.0,6.0,782.0,1,-33.0,Summer
2016-07-24,1410,7,-72.0,7.0,782.0,1,-32.5,Summer
2016-07-23,1409,7,-74.0,-9.0,781.0,1,-41.5,Summer
2016-07-22,1408,7,-75.0,-10.0,779.0,1,-42.5,Summer
2016-07-21,1407,7,-74.0,-9.0,779.0,1,-41.5,Summer
2016-07-20,1406,7,-76.0,-9.0,775.0,1,-42.5,Summer
2016-07-19,1405,7,-75.0,-2.0,775.0,1,-38.5,Summer
2016-07-18,1404,7,-75.0,-10.0,774.0,1,-42.5,Summer
2016-07-17,1403,7,-75.0,-9.0,771.0,1,-42.0,Summer
2016-07-16,1402,7,-75.0,-11.0,771.0,1,-43.0,Summer
2016-07-15,1401,7,-73.0,-4.0,770.0,1,-38.5,Summer
2016-07-14,1400,7,-73.0,3.0,770.0,1,-35.0,Summer
2016-07-13,1399,7,-73.0,1.0,770.0,1,-36.0,Summer
2016-07-12,1398,7,-66.0,3.0,751.0,1,-31.5,Summer
2016-07-02,1388,6,-73.0,4.0,756.0,1,-34.5,Spring
2016-07-01,1387,6,-74.0,2.0,755.0,1,-36.0,Spring
2016-06-30,1386,6,-74.0,-1.0,755.0,1,-37.5,Spring
2016-06-29,1385,6,-75.0,-3.0,755.0,1,-39.0,Spring
2016-06-28,1384,6,-74.0,2.0,753.0,1,-36.0,Spring
2016-06-27,1383,6,-73.0,3.0,752.0,1,-35.0,Spring
2016-06-26,1382,6,-76.0,-4.0,752.0,1,-40.0,Spring
2016-06-25,1381,6,-73.0,-8.0,751.0,1,-40.5,Spring
2016-06-24,1380,6,-74.0,-7.0,751.0,1,-40.5,Spring
2016-06-23,1379,6,-77.0,-7.0,751.0,1,-42.0,Spring
2016-06-21,1378,6,-76.0,1.0,751.0,1,-37.5,Spring
2016-06-20,1377,6,-76.0,1.0,749.0,1,-37.5,Spring
2016-06-19,1376,6,-75.0,0.0,749.0,1,-37.5,Spring
2016-06-18,1375,6,-73.0,-2.0,749.0,1,-37.5,Spring
2016-06-17,1374,6,-75.0,-5.0,748.0,1,-40.0,Spring
2016-06-16,1373,6,-74.0,-3.0,746.0,1,-38.5,Spring
2016-06-15,1372,6,-74.0,-4.0,745.0,1,-39.0,Spring
2016-06-14,1371,6,-75.0,-2.0,746.0,1,-38.5,Spring
2016-06-13,1370,6,-74.0,-1.0,744.0,1,-37.5,Spring
2016-06-12,1369,6,-73.0,1.0,742.0,1,-36.0,Spring
2016-06-11,1368,6,-74.0,-16.0,743.0,1,-45.0,Spring
2016-06-10,1367,6,-74.0,-14.0,743.0,1,-44.0,Spring
2016-06-09,1366,6,-75.0,-15.0,740.0,1,-45.0,Spring
2016-06-08,1365,6,-74.0,-15.0,739.0,1,-44.5,Spring
2016-06-07,1364,6,-74.0,-16.0,740.0,1,-45.0,Spring
2016-06-06,1363,6,-75.0,-14.0,740.0,1,-44.5,Spring
2016-06-05,1362,6,-74.0,-17.0,739.0,1,-45.5,Spring
2016-06-04,1361,6,-75.0,-16.0,739.0,1,-45.5,Spring
2016-06-03,1360,6,-76.0,-16.0,739.0,1,-46.0,Spring
2016-06-02,1359,6,-76.0,-13.0,739.0,1,-44.5,Spring
2016-06-01,1358,6,-74.0,-16.0,738.0,1,-45.0,Spring
2016-05-31,1357,6,-72.0,-16.0,738.0,1,-44.0,Spring
2016-05-30,1356,6,-74.0,-5.0,739.0,1,-39.5,Spring
2016-05-29,1355,6,-75.0,-11.0,740.0,1,-43.0,Spring
2016-05-28,1354,6,-75.0,-5.0,739.0,1,-40.0,Spring
2016-05-27,1353,6,-76.0,-6.0,737.0,1,-41.0,Spring
2016-05-26,1352,6,-73.0,-6.0,736.0,1,-39.5,Spring
2016-05-25,1351,6,-72.0,-12.0,739.0,1,-42.0,Spring
2016-05-24,1350,6,-73.0,-9.0,738.0,1,-41.0,Spring
2016-05-23,1349,6,-73.0,-9.0,737.0,1,-41.0,Spring
2016-05-22,1348,6,-76.0,-15.0,735.0,1,-45.5,Spring
2016-05-21,1347,6,-75.0,-16.0,736.0,1,-45.5,Spring
2016-05-20,1346,6,-75.0,-16.0,737.0,1,-45.5,Spring
2016-05-19,1345,6,-75.0,-19.0,735.0,1,-47.0,Spring
2016-05-18,1344,6,-75.0,-14.0,734.0,1,-44.5,Spring
2016-05-17,1343,6,-74.0,-8.0,735.0,1,-41.0,Spring
2016-05-15,1342,6,-80.0,-7.0,735.0,1,-43.5,Spring
2016-05-14,1341,6,-76.0,-9.0,735.0,1,-42.5,Spring
2016-05-13,1340,6,-76.0,-15.0,734.0,1,-45.5,Spring
2016-05-12,1339,6,-77.0,-18.0,733.0,1,-47.5,Spring
2016-05-11,1338,6,-75.0,-18.0,734.0,1,-46.5,Spring
2016-05-10,1337,6,-76.0,-13.0,734.0,1,-44.5,Spring
2016-05-09,1336,5,-75.0,-12.0,732.0,1,-43.5,Spring
2016-05-08,1335,5,-77.0,-10.0,732.0,1,-43.5,Spring
2016-05-07,1334,5,-77.0,-12.0,732.0,1,-44.5,Spring
2016-05-06,1333,5,-76.0,-18.0,733.0,1,-47.0,Spring
2016-05-05,1332,5,-78.0,-11.0,734.0,1,-44.5,Spring
2016-05-04,1331,5,-76.0,-19.0,734.0,1,-47.5,Spring
2016-05-03,1330,5,-78.0,-14.0,734.0,1,-46.0,Spring
2016-05-02,1329,5,-74.0,-15.0,735.0,1,-44.5,Spring
2016-05-01,1328,5,-77.0,-12.0,735.0,1,-44.5,Spring
2016-04-30,1327,5,-76.0,-11.0,736.0,1,-43.5,Spring
2016-04-29,1326,5,-77.0,-15.0,738.0,1,-46.0,Spring
2016-04-28,1325,5,-78.0,-14.0,738.0,1,-46.0,Spring
2016-04-27,1324,5,-78.0,-9.0,738.0,1,-43.5,Spring
2016-04-26,1323,5,-77.0,-11.0,738.0,1,-44.0,Spring
2016-04-25,1322,5,-78.0,-10.0,740.0,1,-44.0,Spring
2016-04-24,1321,5,-77.0,-15.0,740.0,1,-46.0,Spring
2016-04-23,1320,5,-77.0,-11.0,741.0,1,-44.0,Spring
2016-04-22,1319,5,-78.0,-8.0,742.0,1,-43.0,Spring
2016-04-21,1318,5,-80.0,-15.0,743.0,1,-47.5,Spring
2016-04-20,1317,5,-80.0,-15.0,743.0,1,-47.5,Spring
2016-04-19,1316,5,-80.0,-20.0,744.0,1,-50.0,Spring
2016-04-18,1315,5,-77.0,-14.0,744.0,1,-45.5,Spring
2016-04-17,1314,5,-78.0,-14.0,744.0,1,-46.0,Spring
2016-04-16,1313,5,-77.0,-14.0,745.0,1,-45.5,Spring
2016-04-15,1312,5,-77.0,-12.0,745.0,1,-44.5,Spring
2016-04-14,1311,5,-78.0,-11.0,745.0,1,-44.5,Spring
2016-04-13,1310,5,-76.0,-15.0,745.0,1,-45.5,Spring
2016-04-12,1309,5,-81.0,-19.0,747.0,1,-50.0,Spring
2016-04-11,1308,5,-81.0,-23.0,748.0,1,-52.0,Spring
2016-04-10,1307,5,-80.0,-27.0,748.0,1,-53.5,Spring
2016-04-08,1306,5,-79.0,-23.0,748.0,1,-51.0,Spring
2016-04-07,1305,5,-80.0,-21.0,749.0,1,-50.5,Spring
2016-04-06,1304,5,-80.0,-22.0,750.0,1,-51.0,Spring
2016-04-05,1303,5,-78.0,-26.0,751.0,1,-52.0,Spring
2016-04-04,1302,5,-80.0,-24.0,751.0,1,-52.0,Spring
2016-04-03,1301,5,-78.0,-20.0,752.0,1,-49.0,Spring
2016-04-02,1300,5,-79.0,-16.0,752.0,1,-47.5,Spring
2016-04-01,1299,5,-80.0,-19.0,753.0,1,-49.5,Spring
2016-03-31,1298,5,-79.0,-17.0,755.0,1,-48.0,Spring
2016-03-30,1297,5,-80.0,-24.0,755.0,1,-52.0,Spring
2016-03-29,1296,5,-79.0,-25.0,756.0,1,-52.0,Spring
2016-03-28,1295,5,-79.0,-20.0,757.0,1,-49.5,Spring
2016-03-27,1294,5,-79.0,-16.0,758.0,1,-47.5,Spring
2016-03-26,1293,5,-81.0,-21.0,758.0,1,-51.0,Spring
2016-03-25,1292,5,-81.0,-22.0,760.0,1,-51.5,Spring
2016-03-24,1291,5,-80.0,-21.0,760.0,1,-50.5,Spring
2016-03-21,1288,5,-80.0,-16.0,763.0,1,-48.0,Spring
2016-03-20,1287,5,-80.0,-18.0,764.0,1,-49.0,Spring
2016-03-19,1286,5,-80.0,-19.0,765.0,1,-49.5,Spring
2016-03-18,1285,5,-80.0,-13.0,766.0,1,-46.5,Spring
2016-03-17,1284,5,-80.0,-21.0,767.0,1,-50.5,Spring
2016-03-16,1283,5,-82.0,-20.0,767.0,1,-51.0,Spring
2016-03-15,1282,5,-81.0,-16.0,768.0,1,-48.5,Spring
2016-03-14,1281,5,-83.0,-22.0,769.0,1,-52.5,Spring
2016-03-13,1280,5,-84.0,-23.0,771.0,1,-53.5,Spring
2016-03-12,1279,5,-83.0,-29.0,772.0,1,-56.0,Spring
2016-03-11,1278,5,-83.0,-29.0,773.0,1,-56.0,Spring
2016-03-10,1277,5,-84.0,-28.0,774.0,1,-56.0,Spring
2016-03-09,1276,4,-83.0,-20.0,774.0,1,-51.5,Spring
2016-03-08,1275,4,-82.0,-17.0,775.0,1,-49.5,Spring
2016-03-07,1274,4,-82.0,-17.0,777.0,1,-49.5,Spring
2016-03-06,1273,4,-79.0,-19.0,778.0,1,-49.0,Spring
2016-03-05,1272,4,-81.0,-23.0,780.0,1,-52.0,Spring
2016-03-04,1271,4,-84.0,-22.0,781.0,1,-53.0,Spring
2016-03-03,1270,4,-82.0,-18.0,782.0,1,-50.0,Spring
2016-03-01,1269,4,-83.0,-17.0,782.0,1,-50.0,Spring
2016-02-29,1268,4,-83.0,-24.0,784.0,1,-53.5,Spring
2016-02-28,1267,4,-83.0,-24.0,786.0,1,-53.5,Spring
2016-02-27,1266,4,-82.0,-27.0,787.0,1,-54.5,Spring
2016-02-26,1265,4,-81.0,-28.0,787.0,1,-54.5,Spring
2016-02-25,1264,4,-84.0,-27.0,787.0,1,-55.5,Spring
2016-02-24,1263,4,-84.0,-29.0,788.0,1,-56.5,Spring
2016-02-23,1262,4,-81.0,-29.0,790.0,1,-55.0,Spring
2016-02-22,1261,4,-81.0,-25.0,790.0,1,-53.0,Spring
2016-02-21,1260,4,-83.0,-23.0,792.0,1,-53.0,Spring
2016-02-20,1259,4,-84.0,-25.0,794.0,1,-54.5,Spring
2016-02-19,1258,4,-83.0,-23.0,794.0,1,-53.0,Spring
2016-02-18,1257,4,-84.0,-21.0,794.0,1,-52.5,Spring
2016-02-17,1256,4,-84.0,-27.0,797.0,1,-55.5,Spring
2016-02-16,1255,4,-84.0,-25.0,798.0,1,-54.5,Spring
2016-02-15,1254,4,-84.0,-29.0,799.0,1,-56.5,Spring
2016-02-14,1253,4,-85.0,-26.0,800.0,1,-55.5,Spring
2016-02-13,1252,4,-85.0,-31.0,802.0,1,-58.0,Spring
2016-02-12,1251,4,-85.0,-27.0,803.0,1,-56.0,Spring
2016-02-11,1250,4,-85.0,-28.0,804.0,1,-56.5,Spring
2016-02-10,1249,4,-85.0,-32.0,806.0,1,-58.5,Spring
2016-02-09,1248,4,-86.0,-23.0,807.0,1,-54.5,Spring
2016-02-08,1247,4,-85.0,-25.0,809.0,1,-55.0,Spring
2016-02-07,1246,4,-85.0,-25.0,810.0,1,-55.0,Spring
2016-02-06,1245,4,-86.0,-26.0,811.0,1,-56.0,Spring
2016-02-05,1244,4,-85.0,-26.0,812.0,1,-55.5,Spring
2016-02-04,1243,4,-86.0,-26.0,814.0,1,-56.0,Spring
2016-02-03,1242,4,-87.0,-26.0,815.0,1,-56.5,Spring
2016-02-02,1241,4,-87.0,-28.0,816.0,1,-57.5,Spring
2016-02-01,1240,4,-87.0,-24.0,816.0,1,-55.5,Spring
2016-01-31,1239,4,-89.0,-26.0,818.0,1,-57.5,Spring
2016-01-30,1238,4,-87.0,-26.0,819.0,1,-56.5,Spring
2016-01-29,1237,4,-88.0,-29.0,820.0,1,-58.5,Spring
2016-01-28,1236,4,-87.0,-26.0,822.0,1,-56.5,Spring
2016-01-27,1235,4,-88.0,-28.0,824.0,1,-58.0,Spring
2016-01-26,1234,4,-88.0,-26.0,824.0,1,-57.0,Spring
2016-01-24,1233,4,-88.0,-27.0,826.0,1,-57.5,Spring
2016-01-23,1232,4,-88.0,-28.0,827.0,1,-58.0,Spring
2016-01-22,1231,4,-88.0,-26.0,828.0,1,-57.0,Spring
2016-01-21,1230,4,-88.0,-26.0,830.0,1,-57.0,Spring
2016-01-20,1229,4,-88.0,-26.0,831.0,1,-57.0,Spring
2016-01-19,1228,4,-88.0,-28.0,832.0,1,-58.0,Spring
2016-01-18,1227,4,-88.0,-26.0,833.0,1,-57.0,Spring
2016-01-17,1226,4,-87.0,-24.0,835.0,1,-55.5,Spring
2016-01-16,1225,4,-87.0,-28.0,836.0,1,-57.5,Spring
2016-01-15,1224,4,-88.0,-29.0,837.0,1,-58.5,Spring
2016-01-14,1223,4,-88.0,-26.0,839.0,1,-57.0,Spring
2016-01-13,1222,4,-87.0,-28.0,840.0,1,-57.5,Spring
2016-01-12,1221,4,-87.0,-28.0,841.0,1,-57.5,Spring
2016-01-11,1220,4,-87.0,-28.0,842.0,1,-57.5,Spring
2016-01-10,1219,4,-87.0,-27.0,844.0,1,-57.0,Spring
2016-01-09,1218,4,-86.0,-32.0,845.0,1,-59.0,Spring
2016-01-08,1217,4,-88.0,-27.0,846.0,1,-57.5,Spring
2016-01-07,1216,4,-86.0,-28.0,847.0,1,-57.0,Spring
2016-01-06,1215,4,-85.0,-27.0,848.0,1,-56.0,Spring
2016-01-05,1214,4,-85.0,-24.0,849.0,1,-54.5,Spring
2016-01-04,1213,4,-84.0,-27.0,851.0,1,-55.5,Spring
2016-01-03,1212,3,-86.0,-28.0,851.0,1,-57.0,Winter
2016-01-02,1211,3,-83.0,-22.0,853.0,1,-52.5,Winter
2016-01-01,1210,3,-85.0,-23.0,854.0,1,-54.0,Winter
2015-12-31,1209,3,-85.0,-24.0,855.0,1,-54.5,Winter
2015-12-30,1208,3,-85.0,-24.0,857.0,1,-54.5,Winter
2015-12-29,1207,3,-85.0,-25.0,858.0,1,-55.0,Winter
2015-12-28,1206,3,-85.0,-24.0,859.0,1,-54.5,Winter
2015-12-27,1205,3,-86.0,-26.0,861.0,1,-56.0,Winter
2015-12-26,1204,3,-84.0,-25.0,862.0,1,-54.5,Winter
2015-12-25,1203,3,-85.0,-23.0,863.0,1,-54.0,Winter
2015-12-24,1202,3,-85.0,-22.0,864.0,1,-53.5,Winter
2015-12-23,1201,3,-85.0,-29.0,866.0,1,-57.0,Winter
2015-12-22,1200,3,-84.0,-27.0,866.0,1,-55.5,Winter
2015-12-21,1199,3,-86.0,-29.0,868.0,1,-57.5,Winter
2015-12-20,1198,3,-86.0,-23.0,868.0,1,-54.5,Winter
2015-12-18,1197,3,-85.0,-26.0,869.0,1,-55.5,Winter
2015-12-17,1196,3,-86.0,-27.0,871.0,1,-56.5,Winter
2015-12-16,1195,3,-86.0,-32.0,872.0,1,-59.0,Winter
2015-12-15,1194,3,-84.0,-29.0,873.0,1,-56.5,Winter
2015-12-14,1193,3,-84.0,-28.0,875.0,1,-56.0,Winter
2015-12-13,1192,3,-86.0,-24.0,876.0,1,-55.0,Winter
2015-12-12,1191,3,-87.0,-28.0,876.0,1,-57.5,Winter
2015-12-11,1190,3,-87.0,-29.0,877.0,1,-58.0,Winter
2015-12-10,1189,3,-87.0,-24.0,879.0,1,-55.5,Winter
2015-12-09,1188,3,-90.0,-31.0,881.0,1,-60.5,Winter
2015-12-08,1187,3,-84.0,-29.0,881.0,1,-56.5,Winter
2015-12-07,1186,3,-86.0,-28.0,881.0,1,-57.0,Winter
2015-12-06,1185,3,-84.0,-24.0,881.0,1,-54.0,Winter
2015-12-05,1184,3,-85.0,-28.0,882.0,1,-56.5,Winter
2015-12-04,1183,3,-86.0,-26.0,883.0,1,-56.0,Winter
2015-12-03,1182,3,-85.0,-29.0,884.0,1,-57.0,Winter
2015-12-02,1181,3,-86.0,-24.0,885.0,1,-55.0,Winter
2015-12-01,1180,3,-86.0,-27.0,886.0,1,-56.5,Winter
2015-11-30,1179,3,-85.0,-25.0,887.0,1,-55.0,Winter
2015-11-29,1178,3,-86.0,-26.0,888.0,1,-56.0,Winter
2015-11-28,1177,3,-84.0,-27.0,888.0,1,-55.5,Winter
2015-11-27,1176,3,-84.0,-31.0,890.0,1,-57.5,Winter
2015-11-26,1175,3,-85.0,-23.0,890.0,1,-54.0,Winter
2015-11-25,1174,3,-85.0,-25.0,891.0,1,-55.0,Winter
2015-11-24,1173,3,-87.0,-31.0,892.0,1,-59.0,Winter
2015-11-23,1172,3,-87.0,-26.0,892.0,1,-56.5,Winter
2015-11-22,1171,3,-87.0,-29.0,892.0,1,-58.0,Winter
2015-11-21,1170,3,-85.0,-31.0,893.0,1,-58.0,Winter
2015-11-20,1169,3,-89.0,-32.0,894.0,1,-60.5,Winter
2015-11-19,1168,3,-84.0,-29.0,894.0,1,-56.5,Winter
2015-11-18,1167,3,-84.0,-25.0,894.0,1,-54.5,Winter
2015-11-17,1166,3,-84.0,-31.0,895.0,1,-57.5,Winter
2015-11-16,1165,3,-84.0,-35.0,897.0,1,-59.5,Winter
2015-11-15,1164,3,-86.0,-35.0,896.0,1,-60.5,Winter
2015-11-14,1163,3,-86.0,-29.0,896.0,1,-57.5,Winter
2015-11-13,1162,3,-84.0,-27.0,897.0,1,-55.5,Winter
2015-11-12,1161,3,-83.0,-26.0,898.0,1,-54.5,Winter
2015-11-10,1160,3,-80.0,-28.0,899.0,1,-54.0,Winter
2015-11-09,1159,3,-82.0,-28.0,898.0,1,-55.0,Winter
2015-11-08,1158,3,-82.0,-28.0,898.0,1,-55.0,Winter
2015-11-07,1157,3,-82.0,-32.0,900.0,1,-57.0,Winter
2015-11-06,1156,3,-84.0,-30.0,900.0,1,-57.0,Winter
2015-11-05,1155,3,-84.0,-26.0,900.0,1,-55.0,Winter
2015-11-04,1154,3,-84.0,-29.0,900.0,1,-56.5,Winter
2015-11-03,1153,3,-82.0,-31.0,900.0,1,-56.5,Winter
2015-11-02,1152,3,-80.0,-30.0,901.0,1,-55.0,Winter
2015-11-01,1151,3,-82.0,-31.0,901.0,1,-56.5,Winter
2015-10-31,1150,3,-82.0,-29.0,902.0,1,-55.5,Winter
2015-10-30,1149,3,-81.0,-23.0,902.0,1,-52.0,Winter
2015-10-29,1148,3,-80.0,-28.0,901.0,1,-54.0,Winter
2015-10-28,1147,3,-80.0,-29.0,901.0,1,-54.5,Winter
2015-10-27,1146,3,-82.0,-28.0,902.0,1,-55.0,Winter
2015-10-26,1145,2,-82.0,-29.0,903.0,1,-55.5,Winter
2015-10-25,1144,2,-82.0,-28.0,902.0,1,-55.0,Winter
2015-10-24,1143,2,-82.0,-29.0,901.0,1,-55.5,Winter
2015-10-23,1142,2,-82.0,-23.0,902.0,1,-52.5,Winter
2015-10-22,1141,2,-82.0,-28.0,902.0,1,-55.0,Winter
2015-10-21,1140,2,-81.0,-26.0,901.0,1,-53.5,Winter
2015-10-20,1139,2,-80.0,-25.0,901.0,1,-52.5,Winter
2015-10-19,1138,2,-82.0,-29.0,901.0,1,-55.5,Winter
2015-10-18,1137,2,-81.0,-26.0,901.0,1,-53.5,Winter
2015-10-17,1136,2,-82.0,-23.0,901.0,1,-52.5,Winter
2015-10-16,1135,2,-81.0,-27.0,901.0,1,-54.0,Winter
2015-10-15,1134,2,-80.0,-27.0,902.0,1,-53.5,Winter
2015-10-14,1133,2,-82.0,-26.0,902.0,1,-54.0,Winter
2015-10-13,1132,2,-82.0,-27.0,902.0,1,-54.5,Winter
2015-10-12,1131,2,-81.0,-28.0,902.0,1,-54.5,Winter
2015-10-11,1130,2,-81.0,-25.0,902.0,1,-53.0,Winter
2015-10-10,1129,2,-80.0,-23.0,902.0,1,-51.5,Winter
2015-10-09,1128,2,-79.0,-27.0,902.0,1,-53.0,Winter
2015-10-08,1127,2,-80.0,-27.0,901.0,1,-53.5,Winter
2015-10-07,1126,2,-79.0,-21.0,901.0,1,-50.0,Winter
2015-10-06,1125,2,-79.0,-22.0,900.0,1,-50.5,Winter
2015-10-04,1124,2,-80.0,-26.0,900.0,1,-53.0,Winter
2015-10-03,1123,2,-79.0,-27.0,900.0,1,-53.0,Winter
2015-10-02,1122,2,-79.0,-26.0,901.0,1,-52.5,Winter
2015-10-01,1121,2,-81.0,-25.0,901.0,1,-53.0,Winter
2015-09-30,1120,2,-80.0,-24.0,900.0,1,-52.0,Winter
2015-09-29,1119,2,-81.0,-22.0,899.0,1,-51.5,Winter
2015-09-28,1118,2,-80.0,-25.0,898.0,1,-52.5,Winter
2015-09-27,1117,2,-79.0,-25.0,898.0,1,-52.0,Winter
2015-09-26,1116,2,-79.0,-26.0,898.0,1,-52.5,Winter
2015-09-25,1115,2,-80.0,-21.0,897.0,1,-50.5,Winter
2015-09-24,1114,2,-79.0,-25.0,896.0,1,-52.0,Winter
2015-09-23,1113,2,-79.0,-24.0,895.0,1,-51.5,Winter
2015-09-22,1112,2,-80.0,-24.0,895.0,1,-52.0,Winter
2015-09-21,1111,2,-79.0,-26.0,896.0,1,-52.5,Winter
2015-09-20,1110,2,-81.0,-25.0,895.0,1,-53.0,Winter
2015-09-19,1109,2,-82.0,-26.0,895.0,1,-54.0,Winter
2015-09-18,1108,2,-78.0,-25.0,895.0,1,-51.5,Winter
2015-09-17,1107,2,-79.0,-24.0,893.0,1,-51.5,Winter
2015-09-16,1106,2,-82.0,-22.0,893.0,1,-52.0,Winter
2015-09-15,1105,2,-78.0,-25.0,892.0,1,-51.5,Winter
2015-09-14,1104,2,-79.0,-25.0,893.0,1,-52.0,Winter
2015-09-13,1103,2,-81.0,-26.0,893.0,1,-53.5,Winter
2015-09-12,1102,2,-84.0,-25.0,892.0,1,-54.5,Winter
2015-09-11,1101,2,-80.0,-23.0,891.0,1,-51.5,Winter
2015-09-10,1100,2,-79.0,-22.0,890.0,1,-50.5,Winter
2015-09-09,1099,2,-78.0,-24.0,891.0,1,-51.0,Winter
2015-09-08,1098,2,-77.0,-26.0,890.0,1,-51.5,Winter
2015-09-07,1097,2,-78.0,-27.0,889.0,1,-52.5,Winter
2015-09-06,1096,2,-79.0,-24.0,888.0,1,-51.5,Winter
2015-09-05,1095,2,-79.0,-24.0,888.0,1,-51.5,Winter
2015-09-04,1094,2,-80.0,-20.0,888.0,1,-50.0,Winter
2015-09-03,1093,2,-77.0,-21.0,887.0,1,-49.0,Winter
2015-09-02,1092,2,-79.0,-23.0,886.0,1,-51.0,Winter
2015-09-01,1091,2,-77.0,-21.0,886.0,1,-49.0,Winter
2015-08-31,1090,2,-78.0,-20.0,886.0,1,-49.0,Winter
2015-08-30,1089,2,-76.0,-19.0,885.0,1,-47.5,Winter
2015-08-29,1088,2,-77.0,-19.0,885.0,1,-48.0,Winter
2015-08-27,1087,2,-78.0,-19.0,885.0,1,-48.5,Winter
2015-08-26,1086,2,-77.0,-25.0,885.0,1,-51.0,Winter
2015-08-25,1085,2,-79.0,-23.0,886.0,1,-51.0,Winter
2015-08-24,1084,2,-78.0,-22.0,885.0,1,-50.0,Winter
2015-08-23,1083,2,-80.0,-20.0,883.0,1,-50.0,Winter
2015-08-22,1082,2,-79.0,-17.0,882.0,1,-48.0,Winter
2015-08-21,1081,2,-77.0,-18.0,882.0,1,-47.5,Winter
2015-08-20,1080,1,-77.0,-17.0,882.0,1,-47.0,Winter
2015-08-19,1079,1,-80.0,-21.0,882.0,1,-50.5,Winter
2015-08-18,1078,1,-80.0,-18.0,881.0,1,-49.0,Winter
2015-08-17,1077,1,-79.0,-16.0,880.0,1,-47.5,Winter
2015-08-16,1076,1,-81.0,-14.0,880.0,1,-47.5,Winter
2015-08-15,1075,1,-77.0,-13.0,879.0,1,-45.0,Winter
2015-08-14,1074,1,-77.0,-14.0,878.0,1,-45.5,Winter
2015-08-13,1073,1,-82.0,-15.0,879.0,1,-48.5,Winter
2015-08-12,1072,1,-78.0,-15.0,879.0,1,-46.5,Winter
2015-08-11,1071,1,-78.0,-16.0,878.0,1,-47.0,Winter
2015-08-10,1070,1,-80.0,-14.0,877.0,1,-47.0,Winter
2015-08-09,1069,1,-77.0,-22.0,876.0,1,-49.5,Winter
2015-08-08,1068,1,-76.0,-23.0,874.0,1,-49.5,Winter
2015-08-07,1067,1,-79.0,-24.0,875.0,1,-51.5,Winter
2015-08-06,1066,1,-78.0,-14.0,875.0,1,-46.0,Winter
2015-08-05,1065,1,-78.0,-19.0,873.0,1,-48.5,Winter
2015-08-04,1064,1,-77.0,-22.0,871.0,1,-49.5,Winter
2015-08-03,1063,1,-79.0,-19.0,871.0,1,-49.0,Winter
2015-08-02,1062,1,-77.0,-24.0,871.0,1,-50.5,Winter
2015-08-01,1061,1,-77.0,-23.0,871.0,1,-50.0,Winter
2015-07-31,1060,1,-78.0,-16.0,870.0,1,-47.0,Winter
2015-07-30,1059,1,-78.0,-20.0,870.0,1,-49.0,Winter
2015-07-29,1058,1,-78.0,-22.0,868.0,1,-50.0,Winter
2015-07-28,1057,1,-78.0,-22.0,867.0,1,-50.0,Winter
2015-07-27,1056,1,-76.0,-21.0,868.0,1,-48.5,Winter
2015-07-26,1055,1,-77.0,-20.0,868.0,1,-48.5,Winter
2015-07-25,1054,1,-77.0,-11.0,867.0,1,-44.0,Winter
2015-07-24,1053,1,-79.0,-11.0,865.0,1,-45.0,Winter
2015-07-23,1052,1,-78.0,-12.0,865.0,1,-45.0,Winter
2015-07-21,1051,1,-76.0,-20.0,864.0,1,-48.0,Winter
2015-07-20,1050,1,-76.0,-22.0,863.0,1,-49.0,Winter
2015-07-19,1049,1,-75.0,-21.0,864.0,1,-48.0,Winter
2015-07-18,1048,1,-78.0,-15.0,864.0,1,-46.5,Winter
2015-07-17,1047,1,-77.0,-14.0,863.0,1,-45.5,Winter
2015-07-16,1046,1,-77.0,-12.0,862.0,1,-44.5,Winter
2015-07-15,1045,1,-80.0,-13.0,861.0,1,-46.5,Winter
2015-07-14,1044,1,-79.0,-20.0,860.0,1,-49.5,Winter
2015-07-13,1043,1,-77.0,-20.0,860.0,1,-48.5,Winter
2015-07-12,1042,1,-76.0,-20.0,859.0,1,-48.0,Winter
2015-07-11,1041,1,-77.0,-22.0,859.0,1,-49.5,Winter
2015-07-10,1040,1,-77.0,-21.0,858.0,1,-49.0,Winter
2015-07-09,1039,1,-77.0,-21.0,857.0,1,-49.0,Winter
2015-07-08,1038,1,-76.0,-21.0,858.0,1,-48.5,Winter
2015-07-07,1037,1,-80.0,-21.0,856.0,1,-50.5,Winter
2015-07-06,1036,1,-76.0,-17.0,856.0,1,-46.5,Winter
2015-07-05,1035,1,-77.0,-12.0,857.0,1,-44.5,Winter
2015-07-04,1034,1,-76.0,-14.0,859.0,1,-45.0,Winter
2015-07-03,1033,1,-77.0,-14.0,856.0,1,-45.5,Winter
2015-07-02,1032,1,-74.0,-16.0,854.0,1,-45.0,Winter
2015-07-01,1031,1,-76.0,-15.0,854.0,1,-45.5,Winter
2015-06-30,1030,1,-77.0,-15.0,855.0,1,-46.0,Winter
2015-06-29,1029,1,-75.0,-14.0,856.0,1,-44.5,Winter
2015-06-28,1028,1,-75.0,-15.0,853.0,1,-45.0,Winter
2015-06-26,1026,1,-78.0,-16.0,851.0,1,-47.0,Winter
2015-06-25,1025,1,-74.0,-14.0,851.0,1,-44.0,Winter
2015-06-24,1024,1,-76.0,-15.0,851.0,1,-45.5,Winter
2015-06-23,1023,1,-76.0,-15.0,851.0,1,-45.5,Winter
2015-06-22,1022,1,-75.0,-12.0,852.0,1,-43.5,Winter
2015-06-21,1021,1,-76.0,-14.0,850.0,1,-45.0,Winter
2015-06-20,1020,1,-63.0,-12.0,832.0,1,-37.5,Winter
2015-06-19,1019,1,-81.0,-14.0,849.0,1,-47.5,Winter
2015-06-18,1018,1,-79.0,-15.0,850.0,1,-47.0,Winter
2015-06-17,1017,1,-78.0,-12.0,850.0,1,-45.0,Winter
2015-06-16,1016,1,-76.0,-11.0,847.0,1,-43.5,Winter
2015-06-14,1015,1,-75.0,-13.0,847.0,1,-44.0,Winter
2015-06-13,1014,1,-77.0,-14.0,846.0,1,-45.5,Winter
2015-06-12,1013,1,-80.0,-12.0,846.0,1,-46.0,Winter
2015-06-11,1012,1,-81.0,-16.0,846.0,1,-48.5,Winter
2015-06-10,1011,1,-78.0,-12.0,845.0,1,-45.0,Winter
2015-06-09,1010,1,-74.0,-11.0,846.0,1,-42.5,Winter
2015-06-08,1009,1,-75.0,-12.0,845.0,1,-43.5,Winter
2015-06-07,1008,1,-79.0,-12.0,844.0,1,-45.5,Winter
2015-06-06,1007,1,-79.0,-12.0,845.0,1,-45.5,Winter
2015-06-05,1006,1,-78.0,-13.0,844.0,1,-45.5,Winter
2015-06-04,1005,1,-75.0,-12.0,843.0,1,-43.5,Winter
2015-06-03,1004,1,-74.0,-9.0,842.0,1,-41.5,Winter
2015-06-02,1003,1,-74.0,-10.0,843.0,1,-42.0,Winter
2015-06-01,1002,1,-77.0,-12.0,844.0,1,-44.5,Winter
2015-05-31,1001,1,-79.0,-12.0,843.0,1,-45.5,Winter
2015-05-30,1000,1,-74.0,-12.0,841.0,1,-43.0,Winter
2015-05-28,998,1,-73.0,-8.0,842.0,1,-40.5,Winter
2015-05-27,997,1,-74.0,-13.0,843.0,1,-43.5,Winter
2015-05-26,996,1,-72.0,-4.0,842.0,1,-38.0,Winter
2015-05-25,995,1,-74.0,-4.0,842.0,1,-39.0,Winter
2015-05-24,994,1,-79.0,-5.0,842.0,1,-42.0,Winter
2015-05-23,993,1,-73.0,-8.0,840.0,1,-40.5,Winter
2015-05-22,992,1,-73.0,-6.0,842.0,1,-39.5,Winter
2015-05-21,991,1,-73.0,-3.0,840.0,1,-38.0,Winter
2015-05-20,990,1,-76.0,-1.0,839.0,1,-38.5,Winter
2015-05-19,989,1,-74.0,-10.0,841.0,1,-42.0,Winter
2015-05-18,988,1,-75.0,-10.0,840.0,1,-42.5,Winter
2015-05-17,987,1,-74.0,-7.0,839.0,1,-40.5,Winter
2015-05-16,986,1,-74.0,-1.0,840.0,1,-37.5,Winter
2015-05-15,985,1,-78.0,-5.0,840.0,1,-41.5,Winter
2015-05-14,984,1,-74.0,-6.0,840.0,1,-40.0,Winter
2015-05-13,983,1,-76.0,-6.0,840.0,1,-41.0,Winter
2015-05-12,982,1,-74.0,-4.0,840.0,1,-39.0,Winter
2015-05-11,981,1,-73.0,-3.0,841.0,1,-38.0,Winter
2015-05-10,980,1,-73.0,1.0,840.0,1,-36.0,Winter
2015-05-09,979,1,-79.0,-4.0,841.0,1,-41.5,Winter
2015-05-07,978,1,-73.0,-2.0,842.0,1,-37.5,Winter
2015-05-06,977,1,-75.0,-4.0,841.0,1,-39.5,Winter
2015-05-05,976,1,-75.0,-6.0,842.0,1,-40.5,Winter
2015-05-04,975,1,-73.0,-3.0,843.0,1,-38.0,Winter
2015-05-03,974,1,-73.0,-3.0,842.0,1,-38.0,Winter
2015-05-02,973,1,-72.0,-4.0,844.0,1,-38.0,Winter
2015-05-01,972,1,-73.0,-3.0,847.0,1,-38.0,Winter
2015-04-30,971,1,-71.0,-3.0,848.0,1,-37.0,Winter
2015-04-29,970,1,-71.0,-4.0,849.0,1,-37.5,Winter
2015-04-28,969,1,-72.0,-2.0,844.0,1,-37.0,Winter
2015-04-27,968,1,-71.0,-3.0,848.0,1,-37.0,Winter
2015-04-26,967,1,-74.0,-2.0,844.0,1,-38.0,Winter
2015-04-25,966,1,-73.0,-12.0,850.0,1,-42.5,Winter
2015-04-24,965,1,-75.0,-10.0,847.0,1,-42.5,Winter
2015-04-23,964,1,-72.0,-13.0,847.0,1,-42.5,Winter
2015-04-22,963,1,-71.0,-5.0,850.0,1,-38.0,Winter
2015-04-21,962,1,-73.0,-2.0,845.0,1,-37.5,Winter
2015-04-20,961,1,-71.0,-3.0,849.0,1,-37.0,Winter
2015-04-19,960,1,-76.0,-8.0,846.0,1,-42.0,Winter
2015-04-18,959,1,-78.0,-4.0,846.0,1,-41.0,Winter
2015-04-17,958,1,-74.0,-9.0,848.0,1,-41.5,Winter
2015-04-16,957,1,,,,0,,Winter
2015-04-13,954,1,-73.0,-3.0,847.0,1,-38.0,Winter
2015-04-12,953,1,-71.0,-5.0,847.0,1,-38.0,Winter
2015-04-11,952,1,-69.0,-6.0,847.0,1,-37.5,Winter
2015-04-10,951,1,-75.0,-4.0,849.0,1,-39.5,Winter
2015-04-09,950,1,-73.0,0.0,850.0,1,-36.5,Winter
2015-04-08,949,1,-72.0,-4.0,851.0,1,-38.0,Winter
2015-04-07,948,1,-73.0,-8.0,854.0,1,-40.5,Winter
2015-04-06,947,1,-70.0,-3.0,853.0,1,-36.5,Winter
2015-04-05,946,1,-77.0,-2.0,850.0,1,-39.5,Winter
2015-04-04,945,1,-72.0,-1.0,851.0,1,-36.5,Winter
2015-04-03,944,1,-70.0,0.0,852.0,1,-35.0,Winter
2015-04-02,943,1,-73.0,-1.0,854.0,1,-37.0,Winter
2015-03-31,942,1,-74.0,-1.0,857.0,1,-37.5,Winter
2015-03-30,941,1,-74.0,0.0,857.0,1,-37.0,Winter
2015-03-29,940,1,-73.0,-2.0,861.0,1,-37.5,Winter
2015-03-28,939,1,,,,0,,Winter
2015-03-26,937,1,-73.0,0.0,863.0,1,-36.5,Winter
2015-03-25,936,1,-72.0,-3.0,865.0,1,-37.5,Winter
2015-03-24,935,1,-75.0,-2.0,862.0,1,-38.5,Winter
2015-03-23,934,1,-73.0,1.0,858.0,1,-36.0,Winter
2015-03-22,933,1,-71.0,-4.0,863.0,1,-37.5,Winter
2015-03-21,932,1,-71.0,1.0,859.0,1,-35.0,Winter
2015-03-20,931,1,-69.0,-1.0,864.0,1,-35.0,Winter
2015-03-19,930,1,-75.0,-1.0,865.0,1,-38.0,Winter
2015-03-18,929,1,-75.0,0.0,866.0,1,-37.5,Winter
2015-03-17,928,1,-72.0,0.0,862.0,1,-36.0,Winter
2015-03-16,927,1,-76.0,-2.0,862.0,1,-39.0,Winter
2015-03-15,926,1,-76.0,1.0,864.0,1,-37.5,Winter
2015-03-14,925,1,-71.0,-2.0,862.0,1,-36.5,Winter
2015-03-13,924,1,-74.0,-1.0,867.0,1,-37.5,Winter
2015-03-12,923,1,-72.0,-5.0,867.0,1,-38.5,Winter
2015-03-11,922,1,-73.0,-2.0,870.0,1,-37.5,Winter
2015-03-10,921,1,-70.0,2.0,867.0,1,-34.0,Winter
2015-03-09,920,1,-72.0,-2.0,868.0,1,-37.0,Winter
2015-03-08,919,1,-74.0,-3.0,870.0,1,-38.5,Winter
2015-03-07,918,1,-71.0,0.0,867.0,1,-35.5,Winter
2015-03-06,917,1,-76.0,-1.0,871.0,1,-38.5,Winter
2015-03-05,916,1,-71.0,-5.0,872.0,1,-38.0,Winter
2015-03-04,915,1,-71.0,-4.0,878.0,1,-37.5,Winter
2015-03-03,914,1,-71.0,0.0,874.0,1,-35.5,Winter
2015-03-02,913,1,-71.0,-4.0,871.0,1,-37.5,Winter
2015-03-01,912,1,-75.0,-4.0,875.0,1,-39.5,Winter
2015-02-28,911,1,-70.0,0.0,874.0,1,-35.0,Winter
2015-02-27,910,1,-73.0,0.0,878.0,1,-36.5,Winter
2015-02-26,909,1,-70.0,-2.0,878.0,1,-36.0,Winter
2015-02-25,908,1,-71.0,-3.0,883.0,1,-37.0,Winter
2015-02-24,907,1,-75.0,-1.0,879.0,1,-38.0,Winter
2015-02-22,906,1,-76.0,-3.0,878.0,1,-39.5,Winter
2015-02-21,905,1,-71.0,-2.0,880.0,1,-36.5,Winter
2015-02-20,904,1,-71.0,0.0,878.0,1,-35.5,Winter
2015-02-19,903,1,-71.0,-2.0,882.0,1,-36.5,Winter
2015-02-18,902,1,-68.0,0.0,883.0,1,-34.0,Winter
2015-02-17,901,1,-71.0,-2.0,885.0,1,-36.5,Winter
2015-02-16,900,1,-70.0,1.0,883.0,1,-34.5,Winter
2015-02-15,899,1,-75.0,-1.0,881.0,1,-38.0,Winter
2015-02-14,898,1,-72.0,2.0,883.0,1,-35.0,Winter
2015-02-13,897,1,-72.0,5.0,884.0,1,-33.5,Winter
2015-02-12,896,1,-70.0,1.0,888.0,1,-34.5,Winter
2015-02-11,895,1,-72.0,-4.0,889.0,1,-38.0,Winter
2015-02-10,894,1,-75.0,-4.0,891.0,1,-39.5,Winter
2015-02-09,893,1,-72.0,2.0,890.0,1,-35.0,Winter
2015-02-08,892,1,-71.0,-3.0,892.0,1,-37.0,Winter
2015-02-07,891,1,-72.0,-3.0,892.0,1,-37.5,Winter
2015-02-06,890,1,-72.0,-4.0,892.0,1,-38.0,Winter
2015-02-05,889,1,-70.0,2.0,895.0,1,-34.0,Winter
2015-02-04,888,1,-70.0,-5.0,896.0,1,-37.5,Winter
2015-02-03,887,1,-73.0,-4.0,897.0,1,-38.5,Winter
2015-02-02,886,1,-73.0,-6.0,894.0,1,-39.5,Winter
2015-02-01,885,1,-71.0,-4.0,895.0,1,-37.5,Winter
2015-01-31,884,1,-71.0,-5.0,897.0,1,-38.0,Winter
2015-01-30,883,1,-74.0,-4.0,897.0,1,-39.0,Winter
2015-01-29,882,1,-76.0,-6.0,901.0,1,-41.0,Winter
2015-01-28,881,1,-73.0,-4.0,899.0,1,-38.5,Winter
2015-01-27,880,1,,,,0,,Winter
2015-01-19,872,1,-72.0,1.0,902.0,1,-35.5,Winter
2015-01-18,871,1,-70.0,-7.0,903.0,1,-38.5,Winter
2015-01-17,870,1,-74.0,-6.0,909.0,1,-40.0,Winter
2015-01-15,869,1,-72.0,-4.0,906.0,1,-38.0,Winter
2015-01-14,868,1,-71.0,-4.0,908.0,1,-37.5,Winter
2015-01-13,867,1,-71.0,-2.0,910.0,1,-36.5,Winter
2015-01-12,866,1,-71.0,-4.0,911.0,1,-37.5,Winter
2015-01-11,865,1,-70.0,-5.0,913.0,1,-37.5,Winter
2015-01-10,864,9,-70.0,-1.0,914.0,1,-35.5,Summer
2015-01-09,863,9,-72.0,-13.0,916.0,1,-42.5,Summer
2015-01-08,862,9,-70.0,-2.0,917.0,1,-36.0,Summer
2015-01-07,861,9,-70.0,-7.0,917.0,1,-38.5,Summer
2015-01-06,860,9,-69.0,-8.0,916.0,1,-38.5,Summer
2015-01-05,859,9,-72.0,-8.0,915.0,1,-40.0,Summer
2015-01-04,858,9,-73.0,-6.0,913.0,1,-39.5,Summer
2015-01-03,857,9,-76.0,0.0,911.0,1,-38.0,Summer
2015-01-02,856,9,-68.0,-3.0,912.0,1,-35.5,Summer
2015-01-01,855,9,-69.0,0.0,912.0,1,-34.5,Summer
2014-12-31,854,9,-66.0,3.0,910.0,1,-31.5,Summer
2014-12-30,853,9,-67.0,0.0,913.0,1,-33.5,Summer
2014-12-29,852,9,-73.0,-3.0,916.0,1,-38.0,Summer
2014-12-28,851,9,-68.0,-6.0,919.0,1,-37.0,Summer
2014-12-27,850,9,-68.0,-1.0,918.0,1,-34.5,Summer
2014-12-26,849,9,-69.0,-1.0,918.0,1,-35.0,Summer
2014-12-25,848,9,-69.0,-4.0,918.0,1,-36.5,Summer
2014-12-24,847,9,-69.0,-8.0,918.0,1,-38.5,Summer
2014-12-23,846,9,-74.0,-7.0,925.0,1,-40.5,Summer
2014-12-22,845,9,-73.0,0.0,920.0,1,-36.5,Summer
2014-12-21,844,9,-68.0,5.0,917.0,1,-31.5,Summer
2014-12-20,843,9,-69.0,1.0,916.0,1,-34.0,Summer
2014-12-19,842,9,-69.0,-6.0,914.0,1,-37.5,Summer
2014-12-18,841,9,-75.0,-7.0,914.0,1,-41.0,Summer
2014-12-17,840,9,-74.0,-4.0,913.0,1,-39.0,Summer
2014-12-16,839,9,-70.0,-1.0,917.0,1,-35.5,Summer
2014-12-15,838,9,-69.0,-1.0,917.0,1,-35.0,Summer
2014-12-14,837,9,-69.0,4.0,916.0,1,-32.5,Summer
2014-12-13,836,9,-69.0,-1.0,916.0,1,-35.0,Summer
2014-12-12,835,9,-69.0,-1.0,917.0,1,-35.0,Summer
2014-12-11,834,9,-68.0,-3.0,918.0,1,-35.5,Summer
2014-12-09,833,9,-69.0,-1.0,923.0,1,-35.0,Summer
2014-12-08,832,9,-68.0,-2.0,924.0,1,-35.0,Summer
2014-12-07,831,9,-68.0,-6.0,920.0,1,-37.0,Summer
2014-12-06,830,9,-68.0,-1.0,918.0,1,-34.5,Summer
2014-12-05,829,9,-71.0,-2.0,914.0,1,-36.5,Summer
2014-12-04,828,9,-71.0,-1.0,914.0,1,-36.0,Summer
2014-12-03,827,9,-68.0,0.0,911.0,1,-34.0,Summer
2014-12-02,826,9,-68.0,0.0,914.0,1,-34.0,Summer
2014-12-01,825,9,-67.0,1.0,914.0,1,-33.0,Summer
2014-11-30,824,9,-67.0,2.0,914.0,1,-32.5,Summer
2014-11-29,823,9,-69.0,0.0,912.0,1,-34.5,Summer
2014-11-28,822,9,-71.0,1.0,911.0,1,-35.0,Summer
2014-11-27,821,9,-68.0,2.0,910.0,1,-33.0,Summer
2014-11-26,820,9,-68.0,-1.0,910.0,1,-34.5,Summer
2014-11-25,819,9,-71.0,0.0,913.0,1,-35.5,Summer
2014-11-24,818,8,-68.0,0.0,914.0,1,-34.0,Summer
2014-11-23,817,8,-69.0,0.0,913.0,1,-34.5,Summer
2014-11-22,816,8,-74.0,-7.0,909.0,1,-40.5,Summer
2014-11-21,815,8,-69.0,-8.0,905.0,1,-38.5,Summer
2014-11-20,814,8,-68.0,-3.0,902.0,1,-35.5,Summer
2014-11-19,813,8,-67.0,2.0,904.0,1,-32.5,Summer
2014-11-18,812,8,-75.0,3.0,902.0,1,-36.0,Summer
2014-11-17,811,8,-71.0,-6.0,900.0,1,-38.5,Summer
2014-11-16,810,8,-69.0,3.0,897.0,1,-33.0,Summer
2014-11-15,809,8,-70.0,-2.0,895.0,1,-36.0,Summer
2014-11-14,808,8,-67.0,7.0,893.0,1,-30.0,Summer
2014-11-13,807,8,-71.0,1.0,892.0,1,-35.0,Summer
2014-11-12,806,8,-69.0,2.0,893.0,1,-33.5,Summer
2014-11-11,805,8,-70.0,1.0,893.0,1,-34.5,Summer
2014-11-10,804,8,-73.0,0.0,891.0,1,-36.5,Summer
2014-11-09,803,8,-69.0,0.0,888.0,1,-34.5,Summer
2014-11-08,802,8,-69.0,7.0,887.0,1,-31.0,Summer
2014-11-07,801,8,-70.0,3.0,884.0,1,-33.5,Summer
2014-11-06,800,8,-67.0,-2.0,884.0,1,-34.5,Summer
2014-11-05,799,8,-70.0,-4.0,884.0,1,-37.0,Summer
2014-11-04,798,8,-67.0,0.0,883.0,1,-33.5,Summer
2014-11-03,797,8,-65.0,-1.0,879.0,1,-33.0,Summer
2014-11-01,796,8,-65.0,1.0,877.0,1,-32.0,Summer
2014-10-31,795,8,-68.0,1.0,875.0,1,-33.5,Summer
2014-10-30,794,8,-68.0,-5.0,874.0,1,-36.5,Summer
2014-10-29,793,8,-71.0,0.0,877.0,1,-35.5,Summer
2014-10-28,792,8,-71.0,0.0,873.0,1,-35.5,Summer
2014-10-27,791,8,-70.0,0.0,867.0,1,-35.0,Summer
2014-10-26,790,8,-68.0,2.0,864.0,1,-33.0,Summer
2014-10-25,789,8,-68.0,-4.0,862.0,1,-36.0,Summer
2014-10-24,788,8,-68.0,-5.0,862.0,1,-36.5,Summer
2014-10-23,787,8,-73.0,-7.0,860.0,1,-40.0,Summer
2014-10-22,786,8,-74.0,-4.0,861.0,1,-39.0,Summer
2014-10-21,785,8,-74.0,-1.0,858.0,1,-37.5,Summer
2014-10-20,784,8,-69.0,-4.0,857.0,1,-36.5,Summer
2014-10-19,783,8,-69.0,6.0,853.0,1,-31.5,Summer
2014-10-18,782,8,-71.0,9.0,854.0,1,-31.0,Summer
2014-10-17,781,8,-74.0,-5.0,849.0,1,-39.5,Summer
2014-10-16,780,8,-72.0,0.0,852.0,1,-36.0,Summer
2014-10-15,779,8,-71.0,6.0,845.0,1,-32.5,Summer
2014-10-14,778,8,-70.0,6.0,846.0,1,-32.0,Summer
2014-10-13,777,8,-72.0,8.0,841.0,1,-32.0,Summer
2014-10-12,776,8,-72.0,5.0,841.0,1,-33.5,Summer
2014-10-11,775,8,-71.0,3.0,838.0,1,-34.0,Summer
2014-10-10,774,8,-73.0,1.0,838.0,1,-36.0,Summer
2014-10-09,773,8,-70.0,8.0,838.0,1,-31.0,Summer
2014-10-08,772,8,-71.0,8.0,835.0,1,-31.5,Summer
2014-10-07,771,7,-71.0,9.0,836.0,1,-31.0,Summer
2014-10-06,770,7,-70.0,2.0,829.0,1,-34.0,Summer
2014-10-05,769,7,-73.0,4.0,829.0,1,-34.5,Summer
2014-10-04,768,7,-73.0,2.0,826.0,1,-35.5,Summer
2014-10-03,767,7,-71.0,9.0,824.0,1,-31.0,Summer
2014-10-02,766,7,-70.0,8.0,824.0,1,-31.0,Summer
2014-10-01,765,7,-73.0,5.0,820.0,1,-34.0,Summer
2014-09-30,764,7,-73.0,4.0,821.0,1,-34.5,Summer
2014-09-29,763,7,-78.0,6.0,817.0,1,-36.0,Summer
2014-09-28,762,7,-75.0,7.0,814.0,1,-34.0,Summer
2014-09-27,761,7,-72.0,7.0,814.0,1,-32.5,Summer
2014-09-25,760,7,-70.0,11.0,810.0,1,-29.5,Summer
2014-09-24,759,7,-77.0,8.0,809.0,1,-34.5,Summer
2014-09-23,758,7,-71.0,3.0,810.0,1,-34.0,Summer
2014-09-22,757,7,-73.0,5.0,807.0,1,-34.0,Summer
2014-09-21,756,7,-73.0,3.0,806.0,1,-35.0,Summer
2014-09-20,755,7,-74.0,2.0,806.0,1,-36.0,Summer
2014-09-19,754,7,-73.0,6.0,802.0,1,-33.5,Summer
2014-09-18,753,7,-73.0,8.0,800.0,1,-32.5,Summer
2014-09-17,752,7,-71.0,-3.0,798.0,1,-37.0,Summer
2014-09-16,751,7,-72.0,-6.0,797.0,1,-39.0,Summer
2014-09-15,750,7,-72.0,4.0,796.0,1,-34.0,Summer
2014-09-14,749,7,-73.0,3.0,794.0,1,-35.0,Summer
2014-09-13,748,7,-71.0,5.0,791.0,1,-33.0,Summer
2014-09-12,747,7,-73.0,6.0,789.0,1,-33.5,Summer
2014-09-11,746,7,-76.0,2.0,788.0,1,-37.0,Summer
2014-09-10,745,7,-74.0,1.0,787.0,1,-36.5,Summer
2014-09-09,744,7,-75.0,-2.0,786.0,1,-38.5,Summer
2014-09-08,743,7,-72.0,0.0,786.0,1,-36.0,Summer
2014-09-07,742,7,-72.0,0.0,784.0,1,-36.0,Summer
2014-09-06,741,7,-70.0,-1.0,784.0,1,-35.5,Summer
2014-09-05,740,7,-76.0,-2.0,782.0,1,-39.0,Summer
2014-09-04,739,7,-77.0,-1.0,779.0,1,-39.0,Summer
2014-09-03,738,7,-75.0,0.0,778.0,1,-37.5,Summer
2014-09-02,737,7,-74.0,3.0,777.0,1,-35.5,Summer
2014-09-01,736,7,-76.0,0.0,776.0,1,-38.0,Summer
2014-08-31,735,7,-73.0,1.0,776.0,1,-36.0,Summer
2014-08-30,734,7,-73.0,-3.0,776.0,1,-38.0,Summer
2014-08-29,733,7,-74.0,-2.0,773.0,1,-38.0,Summer
2014-08-28,732,7,-75.0,-8.0,773.0,1,-41.5,Summer
2014-08-27,731,7,-75.0,-4.0,771.0,1,-39.5,Summer
2014-08-26,730,7,-76.0,3.0,770.0,1,-36.5,Summer
2014-08-25,729,7,-75.0,3.0,768.0,1,-36.0,Summer
2014-08-24,728,7,-74.0,1.0,766.0,1,-36.5,Summer
2014-08-23,727,7,-76.0,1.0,766.0,1,-37.5,Summer
2014-08-22,726,7,-75.0,1.0,766.0,1,-37.0,Summer
2014-08-21,725,7,-73.0,-5.0,764.0,1,-39.0,Summer
2014-08-19,724,7,-74.0,1.0,763.0,1,-36.5,Summer
2014-08-18,723,7,-73.0,2.0,761.0,1,-35.5,Summer
2014-08-17,722,6,-74.0,1.0,760.0,1,-36.5,Spring
2014-08-16,721,6,-73.0,-5.0,761.0,1,-39.0,Spring
2014-08-15,720,6,-74.0,-1.0,760.0,1,-37.5,Spring
2014-08-14,719,6,-77.0,-1.0,758.0,1,-39.0,Spring
2014-08-13,718,6,-77.0,3.0,757.0,1,-37.0,Spring
2014-08-12,717,6,-76.0,5.0,756.0,1,-35.5,Spring
2014-08-11,716,6,-75.0,2.0,755.0,1,-36.5,Spring
2014-08-10,715,6,-73.0,2.0,755.0,1,-35.5,Spring
2014-08-09,714,6,-76.0,2.0,754.0,1,-37.0,Spring
2014-08-08,713,6,-76.0,-12.0,754.0,1,-44.0,Spring
2014-08-07,712,6,-77.0,-10.0,752.0,1,-43.5,Spring
2014-08-06,711,6,-75.0,-11.0,751.0,1,-43.0,Spring
2014-08-05,710,6,-77.0,-12.0,751.0,1,-44.5,Spring
2014-08-04,709,6,-73.0,-11.0,750.0,1,-42.0,Spring
2014-08-03,708,6,-76.0,1.0,749.0,1,-37.5,Spring
2014-08-02,707,6,-76.0,1.0,749.0,1,-37.5,Spring
2014-08-01,706,6,-76.0,0.0,748.0,1,-38.0,Spring
2014-07-31,705,6,-76.0,-9.0,746.0,1,-42.5,Spring
2014-07-30,704,6,-75.0,-5.0,747.0,1,-40.0,Spring
2014-07-29,703,6,-75.0,-6.0,747.0,1,-40.5,Spring
2014-07-28,702,6,-76.0,-2.0,745.0,1,-39.0,Spring
2014-07-27,701,6,-77.0,-1.0,745.0,1,-39.0,Spring
2014-07-26,700,6,-75.0,-2.0,745.0,1,-38.5,Spring
2014-07-25,699,6,-76.0,-2.0,744.0,1,-39.0,Spring
2014-07-24,698,6,-77.0,-3.0,743.0,1,-40.0,Spring
2014-07-23,697,6,-74.0,-4.0,743.0,1,-39.0,Spring
2014-07-22,696,6,-75.0,-2.0,743.0,1,-38.5,Spring
2014-07-21,695,6,-76.0,-1.0,741.0,1,-38.5,Spring
2014-07-20,694,6,-75.0,-1.0,740.0,1,-38.0,Spring
2014-07-19,693,6,-76.0,-2.0,741.0,1,-39.0,Spring
2014-07-18,692,6,-76.0,-4.0,742.0,1,-40.0,Spring
2014-07-17,691,6,-76.0,-8.0,741.0,1,-42.0,Spring
2014-07-16,690,6,-77.0,-7.0,741.0,1,-42.0,Spring
2014-07-15,689,6,-76.0,-6.0,742.0,1,-41.0,Spring
2014-07-14,688,6,-77.0,-5.0,741.0,1,-41.0,Spring
2014-07-12,687,6,-77.0,-2.0,739.0,1,-39.5,Spring
2014-07-11,686,6,-76.0,-4.0,738.0,1,-40.0,Spring
2014-07-10,685,6,-77.0,-2.0,740.0,1,-39.5,Spring
2014-07-09,684,6,-75.0,-9.0,741.0,1,-42.0,Spring
2014-07-08,683,6,-79.0,-7.0,741.0,1,-43.0,Spring
2014-07-07,682,6,-77.0,-16.0,739.0,1,-46.5,Spring
2014-07-06,681,6,-79.0,-17.0,738.0,1,-48.0,Spring
2014-07-05,680,6,-76.0,-15.0,740.0,1,-45.5,Spring
2014-07-04,679,6,-77.0,-13.0,738.0,1,-45.0,Spring
2014-07-03,678,6,-77.0,-17.0,739.0,1,-47.0,Spring
2014-07-02,677,6,-78.0,-12.0,737.0,1,-45.0,Spring
2014-07-01,676,6,-80.0,-17.0,738.0,1,-48.5,Spring
2014-06-30,675,6,-80.0,-12.0,740.0,1,-46.0,Spring
2014-06-29,674,6,-80.0,-17.0,739.0,1,-48.5,Spring
2014-06-28,673,6,-78.0,-16.0,738.0,1,-47.0,Spring
2014-06-27,672,6,-78.0,-16.0,739.0,1,-47.0,Spring
2014-06-26,671,6,-79.0,-15.0,740.0,1,-47.0,Spring
2014-06-25,670,6,-79.0,-7.0,737.0,1,-43.0,Spring
2014-06-24,669,6,-84.0,-4.0,735.0,1,-44.0,Spring
2014-06-23,668,6,-75.0,-4.0,734.0,1,-39.5,Spring
2014-06-22,667,5,-76.0,-7.0,736.0,1,-41.5,Spring
2014-06-21,666,5,-77.0,-7.0,736.0,1,-42.0,Spring
2014-06-20,665,5,-78.0,-4.0,735.0,1,-41.0,Spring
2014-06-19,664,5,-78.0,-8.0,732.0,1,-43.0,Spring
2014-06-18,663,5,-77.0,-10.0,734.0,1,-43.5,Spring
2014-06-17,662,5,-77.0,-11.0,735.0,1,-44.0,Spring
2014-06-16,661,5,-76.0,-10.0,735.0,1,-43.0,Spring
2014-06-15,660,5,-78.0,-12.0,735.0,1,-45.0,Spring
2014-06-14,659,5,-77.0,-14.0,738.0,1,-45.5,Spring
2014-06-13,658,5,-79.0,-10.0,739.0,1,-44.5,Spring
2014-06-12,657,5,-79.0,-6.0,739.0,1,-42.5,Spring
2014-06-11,656,5,-80.0,-13.0,740.0,1,-46.5,Spring
2014-06-10,655,5,-77.0,-14.0,741.0,1,-45.5,Spring
2014-06-09,654,5,-79.0,-8.0,742.0,1,-43.5,Spring
2014-06-08,653,5,-80.0,-13.0,744.0,1,-46.5,Spring
2014-06-07,652,5,-79.0,-12.0,745.0,1,-45.5,Spring
2014-06-05,651,5,-80.0,-8.0,743.0,1,-44.0,Spring
2014-06-04,650,5,-80.0,-11.0,743.0,1,-45.5,Spring
2014-06-03,649,5,-79.0,-14.0,745.0,1,-46.5,Spring
2014-06-02,648,5,-80.0,-20.0,746.0,1,-50.0,Spring
2014-06-01,647,5,-79.0,-19.0,746.0,1,-49.0,Spring
2014-05-31,646,5,-81.0,-16.0,746.0,1,-48.5,Spring
2014-05-30,645,5,-81.0,-8.0,746.0,1,-44.5,Spring
2014-05-29,644,5,-80.0,-10.0,748.0,1,-45.0,Spring
2014-05-28,643,5,-80.0,-14.0,748.0,1,-47.0,Spring
2014-05-27,642,5,-80.0,-19.0,749.0,1,-49.5,Spring
2014-05-26,641,5,-81.0,-19.0,749.0,1,-50.0,Spring
2014-05-25,640,5,-81.0,-11.0,750.0,1,-46.0,Spring
2014-05-24,639,5,-80.0,-16.0,750.0,1,-48.0,Spring
2014-05-23,638,5,-80.0,-12.0,751.0,1,-46.0,Spring
2014-05-22,637,5,-80.0,-18.0,752.0,1,-49.0,Spring
2014-05-21,636,5,-81.0,-19.0,752.0,1,-50.0,Spring
2014-05-20,635,5,-82.0,-10.0,754.0,1,-46.0,Spring
2014-05-19,634,5,-82.0,-20.0,753.0,1,-51.0,Spring
2014-05-18,633,5,-81.0,-15.0,754.0,1,-48.0,Spring
2014-05-17,632,5,-79.0,-18.0,755.0,1,-48.5,Spring
2014-05-16,631,5,-81.0,-18.0,756.0,1,-49.5,Spring
2014-05-15,630,5,-82.0,-20.0,757.0,1,-51.0,Spring
2014-05-14,629,5,-84.0,-24.0,759.0,1,-54.0,Spring
2014-05-13,628,5,-81.0,-23.0,759.0,1,-52.0,Spring
2014-05-12,627,5,-82.0,-19.0,759.0,1,-50.5,Spring
2014-05-11,626,5,-82.0,-21.0,760.0,1,-51.5,Spring
2014-05-10,625,5,-81.0,-24.0,761.0,1,-52.5,Spring
2014-05-09,624,5,-82.0,-19.0,762.0,1,-50.5,Spring
2014-05-08,623,5,-83.0,-21.0,763.0,1,-52.0,Spring
2014-05-07,622,5,-84.0,-19.0,763.0,1,-51.5,Spring
2014-05-06,621,5,-82.0,-21.0,765.0,1,-51.5,Spring
2014-05-05,620,5,-83.0,-19.0,765.0,1,-51.0,Spring
2014-05-04,619,5,-82.0,-22.0,766.0,1,-52.0,Spring
2014-05-03,618,5,-83.0,-23.0,769.0,1,-53.0,Spring
2014-05-02,617,5,-84.0,-19.0,769.0,1,-51.5,Spring
2014-05-01,616,5,-82.0,-19.0,769.0,1,-50.5,Spring
2014-04-29,615,5,-83.0,-23.0,771.0,1,-53.0,Spring
2014-04-28,614,5,-82.0,-19.0,772.0,1,-50.5,Spring
2014-04-27,613,5,-84.0,-21.0,773.0,1,-52.5,Spring
2014-04-26,612,5,-85.0,-27.0,774.0,1,-56.0,Spring
2014-04-25,611,5,-84.0,-23.0,775.0,1,-53.5,Spring
2014-04-24,610,5,-85.0,-20.0,776.0,1,-52.5,Spring
2014-04-23,609,5,-84.0,-20.0,777.0,1,-52.0,Spring
2014-04-22,608,4,-85.0,-21.0,777.0,1,-53.0,Spring
2014-04-21,607,4,-83.0,-28.0,779.0,1,-55.5,Spring
2014-04-20,606,4,-84.0,-27.0,780.0,1,-55.5,Spring
2014-04-19,605,4,-83.0,-22.0,781.0,1,-52.5,Spring
2014-04-18,604,4,-84.0,-17.0,782.0,1,-50.5,Spring
2014-04-17,603,4,-83.0,-15.0,783.0,1,-49.0,Spring
2014-04-16,602,4,-82.0,-22.0,784.0,1,-52.0,Spring
2014-04-15,601,4,-82.0,-25.0,785.0,1,-53.5,Spring
2014-04-14,600,4,-81.0,-25.0,787.0,1,-53.0,Spring
2014-04-13,599,4,-84.0,-20.0,788.0,1,-52.0,Spring
2014-04-12,598,4,-84.0,-25.0,787.0,1,-54.5,Spring
2014-04-11,597,4,-84.0,-26.0,790.0,1,-55.0,Spring
2014-04-10,596,4,-82.0,-24.0,791.0,1,-53.0,Spring
2014-04-09,595,4,-83.0,-25.0,792.0,1,-54.0,Spring
2014-04-08,594,4,-83.0,-22.0,793.0,1,-52.5,Spring
2014-04-07,593,4,-83.0,-23.0,795.0,1,-53.0,Spring
2014-04-06,592,4,-83.0,-26.0,795.0,1,-54.5,Spring
2014-04-05,591,4,-82.0,-26.0,795.0,1,-54.0,Spring
2014-04-04,590,4,-82.0,-26.0,797.0,1,-54.0,Spring
2014-04-03,589,4,-85.0,-27.0,798.0,1,-56.0,Spring
2014-04-02,588,4,-84.0,-24.0,799.0,1,-54.0,Spring
2014-04-01,587,4,-85.0,-28.0,801.0,1,-56.5,Spring
2014-03-31,586,4,-82.0,-24.0,802.0,1,-53.0,Spring
2014-03-30,585,4,-83.0,-26.0,802.0,1,-54.5,Spring
2014-03-29,584,4,-82.0,-25.0,804.0,1,-53.5,Spring
2014-03-28,583,4,-82.0,-27.0,806.0,1,-54.5,Spring
2014-03-27,582,4,-84.0,-27.0,807.0,1,-55.5,Spring
2014-03-26,581,4,-84.0,-28.0,808.0,1,-56.0,Spring
2014-03-25,580,4,-83.0,-24.0,810.0,1,-53.5,Spring
2014-03-24,579,4,-82.0,-22.0,811.0,1,-52.0,Spring
2014-03-22,578,4,-83.0,-23.0,812.0,1,-53.0,Spring
2014-03-21,577,4,-84.0,-27.0,813.0,1,-55.5,Spring
2014-03-20,576,4,-84.0,-26.0,815.0,1,-55.0,Spring
2014-03-19,575,4,-82.0,-26.0,816.0,1,-54.0,Spring
2014-03-18,574,4,-85.0,-23.0,817.0,1,-54.0,Spring
2014-03-17,573,4,-84.0,-27.0,819.0,1,-55.5,Spring
2014-03-16,572,4,-85.0,-27.0,820.0,1,-56.0,Spring
2014-03-15,571,4,-84.0,-26.0,821.0,1,-55.0,Spring
2014-03-14,570,4,-84.0,-26.0,823.0,1,-55.0,Spring
2014-03-13,569,4,-85.0,-27.0,825.0,1,-56.0,Spring
2014-03-12,568,4,-86.0,-28.0,825.0,1,-57.0,Spring
2014-03-11,567,4,-86.0,-28.0,827.0,1,-57.0,Spring
2014-03-10,566,4,-86.0,-27.0,829.0,1,-56.5,Spring
2014-03-09,565,4,-85.0,-27.0,830.0,1,-56.0,Spring
2014-03-08,564,4,-86.0,-27.0,831.0,1,-56.5,Spring
2014-03-07,563,4,-87.0,-31.0,833.0,1,-59.0,Spring
2014-03-06,562,4,-85.0,-23.0,834.0,1,-54.0,Spring
2014-03-05,561,4,-85.0,-23.0,835.0,1,-54.0,Spring
2014-03-04,560,4,-86.0,-23.0,836.0,1,-54.5,Spring
2014-03-03,559,4,-85.0,-27.0,838.0,1,-56.0,Spring
2014-03-02,558,4,-85.0,-26.0,839.0,1,-55.5,Spring
2014-03-01,557,4,-85.0,-29.0,840.0,1,-57.0,Spring
2014-02-28,556,4,-85.0,-29.0,842.0,1,-57.0,Spring
2014-02-27,555,4,-85.0,-31.0,843.0,1,-58.0,Spring
2014-02-26,554,4,-84.0,-22.0,843.0,1,-53.0,Spring
2014-02-25,553,4,-84.0,-26.0,845.0,1,-55.0,Spring
2014-02-24,552,4,-86.0,-29.0,847.0,1,-57.5,Spring
2014-02-23,551,4,-85.0,-28.0,848.0,1,-56.5,Spring
2014-02-22,550,4,-85.0,-27.0,850.0,1,-56.0,Spring
2014-02-21,549,4,-87.0,-23.0,851.0,1,-55.0,Spring
2014-02-20,548,4,-86.0,-28.0,852.0,1,-57.0,Spring
2014-02-19,547,4,-85.0,-29.0,853.0,1,-57.0,Spring
2014-02-18,546,4,-85.0,-34.0,855.0,1,-59.5,Spring
2014-02-17,545,4,-85.0,-29.0,856.0,1,-57.0,Spring
2014-02-16,544,4,-86.0,-27.0,857.0,1,-56.5,Spring
2014-02-15,543,3,-84.0,-26.0,858.0,1,-55.0,Winter
2014-02-13,542,3,-85.0,-28.0,859.0,1,-56.5,Winter
2014-02-12,541,3,-84.0,-27.0,861.0,1,-55.5,Winter
2014-02-11,540,3,-84.0,-29.0,862.0,1,-56.5,Winter
2014-02-10,539,3,-85.0,-23.0,864.0,1,-54.0,Winter
2014-02-09,538,3,-85.0,-25.0,865.0,1,-55.0,Winter
2014-02-08,537,3,-83.0,-28.0,865.0,1,-55.5,Winter
2014-02-07,536,3,-83.0,-29.0,867.0,1,-56.0,Winter
2014-02-06,535,3,-88.0,-29.0,868.0,1,-58.5,Winter
2014-02-05,534,3,-86.0,-29.0,869.0,1,-57.5,Winter
2014-02-04,533,3,-87.0,-30.0,871.0,1,-58.5,Winter
2014-02-03,532,3,-88.0,-23.0,872.0,1,-55.5,Winter
2014-02-02,531,3,-87.0,-22.0,872.0,1,-54.5,Winter
2014-02-01,530,3,-87.0,-28.0,873.0,1,-57.5,Winter
2014-01-31,529,3,-87.0,-23.0,875.0,1,-55.0,Winter
2014-01-30,528,3,-86.0,-26.0,876.0,1,-56.0,Winter
2014-01-29,527,3,-86.0,-23.0,877.0,1,-54.5,Winter
2014-01-28,526,3,-87.0,-24.0,878.0,1,-55.5,Winter
2014-01-27,525,3,-87.0,-29.0,878.0,1,-58.0,Winter
2014-01-26,524,3,-85.0,-27.0,880.0,1,-56.0,Winter
2014-01-25,523,3,-85.0,-25.0,881.0,1,-55.0,Winter
2014-01-24,522,3,-85.0,-26.0,881.0,1,-55.5,Winter
2014-01-23,521,3,-87.0,-26.0,882.0,1,-56.5,Winter
2014-01-22,520,3,-86.0,-24.0,884.0,1,-55.0,Winter
2014-01-21,519,3,-86.0,-25.0,884.0,1,-55.5,Winter
2014-01-20,518,3,-85.0,-29.0,885.0,1,-57.0,Winter
2014-01-19,517,3,-86.0,-27.0,885.0,1,-56.5,Winter
2014-01-18,516,3,-86.0,-25.0,888.0,1,-55.5,Winter
2014-01-17,515,3,-86.0,-23.0,888.0,1,-54.5,Winter
2014-01-16,514,3,-86.0,-29.0,888.0,1,-57.5,Winter
2014-01-15,513,3,-86.0,-29.0,889.0,1,-57.5,Winter
2014-01-14,512,3,-86.0,-24.0,890.0,1,-55.0,Winter
2014-01-13,511,3,-85.0,-31.0,892.0,1,-58.0,Winter
2014-01-12,510,3,-85.0,-31.0,892.0,1,-58.0,Winter
2014-01-11,509,3,-86.0,-30.0,895.0,1,-58.0,Winter
2014-01-10,508,3,-83.0,-29.0,893.0,1,-56.0,Winter
2014-01-09,507,3,-85.0,-25.0,894.0,1,-55.0,Winter
2014-01-08,506,3,-86.0,-27.0,894.0,1,-56.5,Winter
2014-01-06,505,3,-85.0,-29.0,895.0,1,-57.0,Winter
2014-01-05,504,3,-85.0,-29.0,895.0,1,-57.0,Winter
2014-01-04,503,3,-86.0,-28.0,897.0,1,-57.0,Winter
2014-01-03,502,3,-87.0,-30.0,898.0,1,-58.5,Winter
2014-01-02,501,3,-86.0,-28.0,898.0,1,-57.0,Winter
2014-01-01,500,3,-85.0,-23.0,897.0,1,-54.0,Winter
2013-12-31,499,3,-84.0,-30.0,899.0,1,-57.0,Winter
2013-12-30,498,3,-86.0,-28.0,901.0,1,-57.0,Winter
2013-12-29,497,3,-86.0,-30.0,901.0,1,-58.0,Winter
2013-12-28,496,3,-85.0,-26.0,901.0,1,-55.5,Winter
2013-12-27,495,3,-86.0,-26.0,900.0,1,-56.0,Winter
2013-12-26,494,3,-85.0,-24.0,902.0,1,-54.5,Winter
2013-12-25,493,3,-84.0,-32.0,902.0,1,-58.0,Winter
2013-12-24,492,3,-86.0,-30.0,903.0,1,-58.0,Winter
2013-12-23,491,3,-86.0,-30.0,903.0,1,-58.0,Winter
2013-12-22,490,3,-87.0,-31.0,903.0,1,-59.0,Winter
2013-12-21,489,3,-85.0,-29.0,904.0,1,-57.0,Winter
2013-12-20,488,3,-87.0,-23.0,903.0,1,-55.0,Winter
2013-12-19,487,3,-85.0,-30.0,904.0,1,-57.5,Winter
2013-12-18,486,3,-84.0,-31.0,904.0,1,-57.5,Winter
2013-12-17,485,3,,,,1,,Winter
2013-12-10,478,3,,,,1,,Winter
2013-12-09,477,3,-85.0,-26.0,907.0,1,-55.5,Winter
2013-12-08,476,2,-85.0,-25.0,906.0,1,-55.0,Winter
2013-12-07,475,2,-85.0,-28.0,906.0,1,-56.5,Winter
2013-12-06,474,2,-84.0,-26.0,906.0,1,-55.0,Winter
2013-12-05,473,2,-86.0,-29.0,907.0,1,-57.5,Winter
2013-12-04,472,2,-84.0,-31.0,907.0,1,-57.5,Winter
2013-12-03,471,2,-84.0,-26.0,906.0,1,-55.0,Winter
2013-12-02,470,2,-85.0,-26.0,907.0,1,-55.5,Winter
2013-11-30,469,2,-85.0,-29.0,908.0,1,-57.0,Winter
2013-11-29,468,2,-85.0,-29.0,907.0,1,-57.0,Winter
2013-11-28,467,2,-84.0,-28.0,907.0,1,-56.0,Winter
2013-11-27,466,2,-85.0,-26.0,907.0,1,-55.5,Winter
2013-11-26,465,2,-85.0,-23.0,906.0,1,-54.0,Winter
2013-11-25,464,2,-84.0,-26.0,906.0,1,-55.0,Winter
2013-11-24,463,2,-86.0,-26.0,906.0,1,-56.0,Winter
2013-11-23,462,2,,,,1,,Winter
2013-11-18,457,2,,,,1,,Winter
2013-11-17,456,2,-83.0,-26.0,905.0,1,-54.5,Winter
2013-11-16,455,2,-84.0,-28.0,905.0,1,-56.0,Winter
2013-11-15,454,2,,,,1,,Winter
2013-11-05,444,2,,,,1,,Winter
2013-11-04,443,2,-81.0,-24.0,901.0,1,-52.5,Winter
2013-11-03,442,2,-80.0,-22.0,900.0,1,-51.0,Winter
2013-11-02,441,2,-81.0,-23.0,900.0,1,-52.0,Winter
2013-11-01,440,2,-80.0,-25.0,899.0,1,-52.5,Winter
2013-10-31,439,2,-80.0,-21.0,899.0,1,-50.5,Winter
2013-10-30,438,2,-79.0,-26.0,899.0,1,-52.5,Winter
2013-10-29,437,2,-82.0,-27.0,898.0,1,-54.5,Winter
2013-10-28,436,2,-81.0,-24.0,897.0,1,-52.5,Winter
2013-10-27,435,2,-81.0,-24.0,896.0,1,-52.5,Winter
2013-10-26,434,2,-80.0,-25.0,896.0,1,-52.5,Winter
2013-10-24,433,2,-81.0,-26.0,895.0,1,-53.5,Winter
2013-10-23,432,2,-80.0,-26.0,896.0,1,-53.0,Winter
2013-10-22,431,2,-83.0,-24.0,895.0,1,-53.5,Winter
2013-10-21,430,2,-82.0,-24.0,896.0,1,-53.0,Winter
2013-10-20,429,2,-82.0,-21.0,895.0,1,-51.5,Winter
2013-10-19,428,2,-81.0,-23.0,894.0,1,-52.0,Winter
2013-10-18,427,2,-81.0,-21.0,893.0,1,-51.0,Winter
2013-10-17,426,2,-79.0,-22.0,893.0,1,-50.5,Winter
2013-10-16,425,2,-81.0,-21.0,893.0,1,-51.0,Winter
2013-10-15,424,2,-81.0,-22.0,893.0,1,-51.5,Winter
2013-10-14,423,2,-81.0,-24.0,892.0,1,-52.5,Winter
2013-10-13,422,2,-82.0,-20.0,891.0,1,-51.0,Winter
2013-10-12,421,2,-81.0,-24.0,890.0,1,-52.5,Winter
2013-10-11,420,2,-80.0,-19.0,892.0,1,-49.5,Winter
2013-10-10,419,2,-82.0,-24.0,891.0,1,-53.0,Winter
2013-10-09,418,2,-79.0,-21.0,891.0,1,-50.0,Winter
2013-10-08,417,2,-82.0,-21.0,890.0,1,-51.5,Winter
2013-10-07,416,2,-79.0,-18.0,889.0,1,-48.5,Winter
2013-10-06,415,2,-82.0,-19.0,890.0,1,-50.5,Winter
2013-10-05,414,2,-79.0,-18.0,889.0,1,-48.5,Winter
2013-10-04,413,2,-82.0,-22.0,888.0,1,-52.0,Winter
2013-10-03,412,2,-80.0,-22.0,888.0,1,-51.0,Winter
2013-10-02,411,1,-82.0,-17.0,887.0,1,-49.5,Winter
2013-10-01,410,1,-81.0,-14.0,888.0,1,-47.5,Winter
2013-09-30,409,1,-81.0,-17.0,887.0,1,-49.0,Winter
2013-09-29,408,1,-80.0,-16.0,887.0,1,-48.0,Winter
2013-09-28,407,1,-81.0,-17.0,887.0,1,-49.0,Winter
2013-09-27,406,1,-81.0,-15.0,886.0,1,-48.0,Winter
2013-09-26,405,1,-82.0,-25.0,885.0,1,-53.5,Winter
2013-09-25,404,1,-78.0,-20.0,884.0,1,-49.0,Winter
2013-09-24,403,1,-80.0,-18.0,883.0,1,-49.0,Winter
2013-09-23,402,1,-78.0,-18.0,883.0,1,-48.0,Winter
2013-09-22,401,1,-79.0,-15.0,882.0,1,-47.0,Winter
2013-09-21,400,1,-79.0,-16.0,881.0,1,-47.5,Winter
2013-09-20,399,1,-79.0,-16.0,881.0,1,-47.5,Winter
2013-09-19,398,1,-79.0,-14.0,880.0,1,-46.5,Winter
2013-09-18,397,1,-75.0,-15.0,880.0,1,-45.0,Winter
2013-09-16,396,1,-78.0,-15.0,879.0,1,-46.5,Winter
2013-09-15,395,1,-77.0,-20.0,878.0,1,-48.5,Winter
2013-09-14,394,1,-79.0,-18.0,878.0,1,-48.5,Winter
2013-09-13,393,1,-76.0,-18.0,877.0,1,-47.0,Winter
2013-09-12,392,1,-77.0,-17.0,876.0,1,-47.0,Winter
2013-09-11,391,1,-78.0,-17.0,875.0,1,-47.5,Winter
2013-09-10,390,1,-78.0,-16.0,875.0,1,-47.0,Winter
2013-09-09,389,1,-79.0,-14.0,875.0,1,-46.5,Winter
2013-09-08,388,1,-79.0,-13.0,875.0,1,-46.0,Winter
2013-09-07,387,1,-78.0,-13.0,874.0,1,-45.5,Winter
2013-09-06,386,1,-77.0,-12.0,873.0,1,-44.5,Winter
2013-09-05,385,1,-78.0,-12.0,874.0,1,-45.0,Winter
2013-09-04,384,1,-77.0,-12.0,875.0,1,-44.5,Winter
2013-09-03,383,1,-77.0,-12.0,874.0,1,-44.5,Winter
2013-09-02,382,1,-76.0,-14.0,872.0,1,-45.0,Winter
2013-09-01,381,1,-79.0,-13.0,871.0,1,-46.0,Winter
2013-08-31,380,1,-79.0,-13.0,870.0,1,-46.0,Winter
2013-08-30,379,1,-79.0,-12.0,870.0,1,-45.5,Winter
2013-08-29,378,1,-78.0,-18.0,869.0,1,-48.0,Winter
2013-08-28,377,1,-78.0,-12.0,870.0,1,-45.0,Winter
2013-08-27,376,1,-78.0,-11.0,870.0,1,-44.5,Winter
2013-08-26,375,1,-77.0,-9.0,867.0,1,-43.0,Winter
2013-08-25,374,1,-79.0,-9.0,866.0,1,-44.0,Winter
2013-08-24,373,1,-79.0,-8.0,866.0,1,-43.5,Winter
2013-08-23,372,1,-76.0,-9.0,866.0,1,-42.5,Winter
2013-08-22,371,1,-77.0,-11.0,865.0,1,-44.0,Winter
2013-08-21,370,1,-79.0,-9.0,865.0,1,-44.0,Winter
2013-08-20,369,1,-75.0,-9.0,865.0,1,-42.0,Winter
2013-08-19,368,1,-77.0,-9.0,863.0,1,-43.0,Winter
2013-08-18,367,1,-76.0,-9.0,862.0,1,-42.5,Winter
2013-08-17,366,1,-76.0,-12.0,861.0,1,-44.0,Winter
2013-08-16,365,1,,,,1,,Winter
2013-08-08,358,1,,,,1,,Winter
2013-08-07,357,1,-76.0,-7.0,857.0,1,-41.5,Winter
2013-08-06,356,1,-77.0,-7.0,856.0,1,-42.0,Winter
2013-08-05,355,1,-75.0,-7.0,857.0,1,-41.0,Winter
2013-08-04,354,1,-75.0,-13.0,857.0,1,-44.0,Winter
2013-08-03,353,1,-75.0,-8.0,855.0,1,-41.5,Winter
2013-08-02,352,1,-77.0,-9.0,854.0,1,-43.0,Winter
2013-08-01,351,1,-75.0,-12.0,853.0,1,-43.5,Winter
2013-07-31,350,1,-76.0,-6.0,853.0,1,-41.0,Winter
2013-07-30,349,1,-75.0,-12.0,852.0,1,-43.5,Winter
2013-07-29,348,1,-74.0,-8.0,850.0,1,-41.0,Winter
2013-07-28,347,1,-77.0,-9.0,851.0,1,-43.0,Winter
2013-07-27,346,1,-76.0,-7.0,853.0,1,-41.5,Winter
2013-07-26,345,1,-77.0,-7.0,853.0,1,-42.0,Winter
2013-07-25,344,1,-77.0,-6.0,851.0,1,-41.5,Winter
2013-07-24,343,1,-77.0,-11.0,850.0,1,-44.0,Winter
2013-07-23,342,1,-76.0,-7.0,851.0,1,-41.5,Winter
2013-07-22,341,1,-77.0,-6.0,852.0,1,-41.5,Winter
2013-07-21,340,1,-76.0,-6.0,851.0,1,-41.0,Winter
2013-07-20,339,1,-76.0,-8.0,849.0,1,-42.0,Winter
2013-07-19,338,1,-78.0,-7.0,848.0,1,-42.5,Winter
2013-07-18,337,1,-75.0,-7.0,853.0,1,-41.0,Winter
2013-07-17,336,1,-76.0,-8.0,852.0,1,-42.0,Winter
2013-07-16,335,1,-76.0,-7.0,852.0,1,-41.5,Winter
2013-07-15,334,1,-74.0,-6.0,852.0,1,-40.0,Winter
2013-07-14,333,1,-75.0,-5.0,849.0,1,-40.0,Winter
2013-07-13,332,1,-76.0,-5.0,849.0,1,-40.5,Winter
2013-07-12,331,1,-74.0,-3.0,848.0,1,-38.5,Winter
2013-07-11,330,1,-75.0,-5.0,848.0,1,-40.0,Winter
2013-07-10,329,1,-74.0,-7.0,847.0,1,-40.5,Winter
2013-07-09,328,1,-75.0,-5.0,847.0,1,-40.0,Winter
2013-07-08,327,1,-74.0,-8.0,848.0,1,-41.0,Winter
2013-07-07,326,1,-72.0,-5.0,848.0,1,-38.5,Winter
2013-07-06,325,1,-74.0,-8.0,847.0,1,-41.0,Winter
2013-07-04,324,1,-75.0,-8.0,850.0,1,-41.5,Winter
2013-07-03,323,1,-74.0,-6.0,847.0,1,-40.0,Winter
2013-07-02,322,1,-74.0,-5.0,849.0,1,-39.5,Winter
2013-07-01,321,1,-75.0,-5.0,847.0,1,-40.0,Winter
2013-06-30,320,1,-74.0,-4.0,846.0,1,-39.0,Winter
2013-06-29,319,1,-73.0,-3.0,847.0,1,-38.0,Winter
2013-06-28,318,1,-74.0,-4.0,849.0,1,-39.0,Winter
2013-06-27,317,1,-72.0,-4.0,849.0,1,-38.0,Winter
2013-06-26,316,1,-74.0,-16.0,851.0,1,-45.0,Winter
2013-06-25,315,1,-74.0,-10.0,850.0,1,-42.0,Winter
2013-06-24,314,1,-73.0,-11.0,848.0,1,-42.0,Winter
2013-06-23,313,1,-77.0,-14.0,849.0,1,-45.5,Winter
2013-06-22,312,1,-71.0,-11.0,845.0,1,-41.0,Winter
2013-06-21,311,1,-74.0,-8.0,846.0,1,-41.0,Winter
2013-06-20,310,1,-71.0,-9.0,849.0,1,-40.0,Winter
2013-06-19,309,1,-72.0,-7.0,848.0,1,-39.5,Winter
2013-06-18,308,1,-73.0,-5.0,850.0,1,-39.0,Winter
2013-06-17,307,1,-72.0,-8.0,851.0,1,-40.0,Winter
2013-06-16,306,1,-71.0,-8.0,848.0,1,-39.5,Winter
2013-06-15,305,1,-71.0,-5.0,847.0,1,-38.0,Winter
2013-06-14,304,1,-70.0,-6.0,848.0,1,-38.0,Winter
2013-06-13,303,1,-71.0,-8.0,849.0,1,-39.5,Winter
2013-06-12,302,1,-71.0,-3.0,850.0,1,-37.0,Winter
2013-06-11,301,1,-73.0,-6.0,852.0,1,-39.5,Winter
2013-06-10,300,1,-72.0,-8.0,852.0,1,-40.0,Winter
2013-06-09,299,1,-71.0,-8.0,849.0,1,-39.5,Winter
2013-06-08,298,1,-72.0,-3.0,850.0,1,-37.5,Winter
2013-06-07,297,1,-72.0,-7.0,849.0,1,-39.5,Winter
2013-06-06,296,1,-71.0,-9.0,850.0,1,-40.0,Winter
2013-06-05,295,1,-71.0,-15.0,853.0,1,-43.0,Winter
2013-06-04,294,1,-72.0,-4.0,852.0,1,-38.0,Winter
2013-06-03,293,1,-72.0,-4.0,850.0,1,-38.0,Winter
2013-06-02,292,1,-71.0,-1.0,853.0,1,-36.0,Winter
2013-06-01,291,1,-70.0,-4.0,853.0,1,-37.0,Winter
2013-05-31,290,1,-71.0,-3.0,853.0,1,-37.0,Winter
2013-05-30,289,1,-71.0,-3.0,854.0,1,-37.0,Winter
2013-05-29,288,1,-69.0,-4.0,854.0,1,-36.5,Winter
2013-05-27,287,1,-72.0,-3.0,856.0,1,-37.5,Winter
2013-05-26,286,1,-71.0,-2.0,854.0,1,-36.5,Winter
2013-05-25,285,1,-70.0,-5.0,852.0,1,-37.5,Winter
2013-05-24,284,1,-71.0,-3.0,854.0,1,-37.0,Winter
2013-05-23,283,1,-68.0,-4.0,854.0,1,-36.0,Winter
2013-05-22,282,1,-72.0,-2.0,856.0,1,-37.0,Winter
2013-05-21,281,1,-68.0,-2.0,855.0,1,-35.0,Winter
2013-05-20,280,1,-69.0,-4.0,856.0,1,-36.5,Winter
2013-05-19,279,1,-68.0,-5.0,856.0,1,-36.5,Winter
2013-05-18,278,1,-67.0,-3.0,855.0,1,-35.0,Winter
2013-05-17,277,1,-69.0,-4.0,857.0,1,-36.5,Winter
2013-05-16,276,1,-69.0,-4.0,858.0,1,-36.5,Winter
2013-05-15,275,1,-67.0,-6.0,860.0,1,-36.5,Winter
2013-05-14,274,1,-70.0,-2.0,861.0,1,-36.0,Winter
2013-05-13,273,1,-70.0,-4.0,861.0,1,-37.0,Winter
2013-05-12,272,1,-71.0,-5.0,864.0,1,-38.0,Winter
2013-05-11,271,1,-69.0,-6.0,864.0,1,-37.5,Winter
2013-05-10,270,1,-67.0,-6.0,863.0,1,-36.5,Winter
2013-05-09,269,1,-72.0,-3.0,866.0,1,-37.5,Winter
2013-05-08,268,1,-70.0,-5.0,864.0,1,-37.5,Winter
2013-05-07,267,1,,,,1,,Winter
2013-05-02,262,1,,,,1,,Winter
2013-05-01,261,1,-70.0,-4.0,868.0,1,-37.0,Winter
2013-04-30,260,1,-70.0,-11.0,875.0,1,-40.5,Winter
2013-04-29,259,1,-72.0,-3.0,871.0,1,-37.5,Winter
2013-04-28,258,1,-71.0,-9.0,869.0,1,-40.0,Winter
2013-04-27,257,1,-70.0,-1.0,871.0,1,-35.5,Winter
2013-04-26,256,1,-70.0,-2.0,871.0,1,-36.0,Winter
2013-04-25,255,1,-69.0,-5.0,877.0,1,-37.0,Winter
2013-04-24,254,1,-70.0,-3.0,871.0,1,-36.5,Winter
2013-04-23,253,1,-71.0,-6.0,877.0,1,-38.5,Winter
2013-04-22,252,1,-71.0,-8.0,874.0,1,-39.5,Winter
2013-04-20,251,1,-71.0,-2.0,876.0,1,-36.5,Winter
2013-04-19,250,1,-70.0,-2.0,877.0,1,-36.0,Winter
2013-04-18,249,1,-69.0,-3.0,873.0,1,-36.0,Winter
2013-04-17,248,1,-70.0,-4.0,877.0,1,-37.0,Winter
2013-04-16,247,1,-71.0,-4.0,873.0,1,-37.5,Winter
2013-04-15,246,1,-73.0,-1.0,878.0,1,-37.0,Winter
2013-04-14,245,1,-70.0,-6.0,879.0,1,-38.0,Winter
2013-04-13,244,1,-69.0,-6.0,878.0,1,-37.5,Winter
2013-04-12,243,1,-71.0,-7.0,884.0,1,-39.0,Winter
2013-04-11,242,1,-70.0,-7.0,881.0,1,-38.5,Winter
2013-04-10,241,1,-72.0,0.0,884.0,1,-36.0,Winter
2013-04-09,240,1,-70.0,-6.0,884.0,1,-38.0,Winter
2013-04-08,239,1,-73.0,-1.0,885.0,1,-37.0,Winter
2013-04-07,238,1,-70.0,-2.0,885.0,1,-36.0,Winter
2013-04-06,237,1,-71.0,-5.0,883.0,1,-38.0,Winter
2013-04-05,236,1,-72.0,-3.0,886.0,1,-37.5,Winter
2013-04-04,235,1,-70.0,0.0,886.0,1,-35.0,Winter
2013-04-03,234,1,-69.0,-4.0,890.0,1,-36.5,Winter
2013-04-02,233,1,-69.0,-3.0,889.0,1,-36.0,Winter
2013-04-01,232,1,-69.0,-5.0,888.0,1,-37.0,Winter
2013-03-31,231,1,-71.0,-6.0,890.0,1,-38.5,Winter
2013-03-30,230,1,-69.0,0.0,888.0,1,-34.5,Winter
2013-03-29,229,1,-69.0,-4.0,894.0,1,-36.5,Winter
2013-03-28,228,1,-71.0,-3.0,894.0,1,-37.0,Winter
2013-03-27,227,1,-70.0,4.0,892.0,1,-33.0,Winter
2013-03-26,226,1,-70.0,1.0,894.0,1,-34.5,Winter
2013-03-25,225,1,-71.0,-8.0,894.0,1,-39.5,Winter
2013-03-24,224,1,-69.0,-1.0,894.0,1,-35.0,Winter
2013-03-23,223,1,-71.0,-5.0,895.0,1,-38.0,Winter
2013-03-22,222,1,,,,1,,Winter
2013-03-15,215,1,,,,1,,Winter
2013-02-27,200,1,,,,1,,Winter
2013-02-26,199,1,-66.0,0.0,917.0,1,-33.0,Winter
2013-02-25,198,1,-67.0,-2.0,914.0,1,-34.5,Winter
2013-02-24,197,1,-68.0,-3.0,915.0,1,-35.5,Winter
2013-02-23,196,9,-66.0,-3.0,916.0,1,-34.5,Summer
2013-02-22,195,9,,,,1,,Summer
2013-02-19,192,9,,,,1,,Summer
2013-02-18,191,9,-67.0,-3.0,921.0,1,-35.0,Summer
2013-02-17,190,9,-66.0,-3.0,917.0,1,-34.5,Summer
2013-02-16,189,9,-68.0,-2.0,920.0,1,-35.0,Summer
2013-02-15,188,9,-68.0,-3.0,920.0,1,-35.5,Summer
2013-02-14,187,9,-67.0,-1.0,921.0,1,-34.0,Summer
2013-02-13,186,9,-66.0,-2.0,922.0,1,-34.0,Summer
2013-02-12,185,9,-67.0,-5.0,923.0,1,-36.0,Summer
2013-02-11,184,9,-67.0,0.0,923.0,1,-33.5,Summer
2013-02-10,183,9,-67.0,-1.0,921.0,1,-34.0,Summer
2013-02-09,182,9,-67.0,0.0,921.0,1,-33.5,Summer
2013-02-08,181,9,-67.0,1.0,918.0,1,-33.0,Summer
2013-02-07,180,9,-67.0,-1.0,919.0,1,-34.0,Summer
2013-02-06,179,9,-66.0,-7.0,920.0,1,-36.5,Summer
2013-02-04,178,9,-66.0,-2.0,920.0,1,-34.0,Summer
2013-02-03,177,9,-66.0,-1.0,921.0,1,-33.5,Summer
2013-02-02,176,9,-67.0,0.0,920.0,1,-33.5,Summer
2013-02-01,175,9,-68.0,-4.0,921.0,1,-36.0,Summer
2013-01-31,174,9,-67.0,0.0,921.0,1,-33.5,Summer
2013-01-30,173,9,-67.0,0.0,920.0,1,-33.5,Summer
2013-01-29,172,9,-67.0,0.0,923.0,1,-33.5,Summer
2013-01-28,171,9,-67.0,1.0,925.0,1,-33.0,Summer
2013-01-27,170,9,-66.0,0.0,925.0,1,-33.0,Summer
2013-01-26,169,9,-66.0,0.0,922.0,1,-33.0,Summer
2013-01-25,168,9,-66.0,1.0,923.0,1,-32.5,Summer
2013-01-24,167,9,-65.0,-3.0,920.0,1,-34.0,Summer
2013-01-23,166,9,-65.0,-5.0,922.0,1,-35.0,Summer
2013-01-22,165,9,-65.0,-3.0,922.0,1,-34.0,Summer
2013-01-21,164,9,-64.0,-1.0,919.0,1,-32.5,Summer
2013-01-20,163,9,-65.0,-1.0,919.0,1,-33.0,Summer
2013-01-19,162,9,-65.0,-1.0,919.0,1,-33.0,Summer
2013-01-18,161,9,-65.0,-2.0,919.0,1,-33.5,Summer
2013-01-17,160,9,-67.0,-3.0,919.0,1,-35.0,Summer
2013-01-16,159,9,-65.0,-4.0,918.0,1,-34.5,Summer
2013-01-15,158,9,-66.0,-3.0,922.0,1,-34.5,Summer
2013-01-14,157,9,-64.0,-2.0,920.0,1,-33.0,Summer
2013-01-13,156,9,-65.0,0.0,922.0,1,-32.5,Summer
2013-01-12,155,9,-64.0,0.0,917.0,1,-32.0,Summer
2013-01-11,154,9,-65.0,-2.0,917.0,1,-33.5,Summer
2013-01-10,153,9,-65.0,1.0,915.0,1,-32.0,Summer
2013-01-09,152,9,-63.0,1.0,914.0,1,-31.0,Summer
2013-01-08,151,9,-65.0,-3.0,915.0,1,-34.0,Summer
2013-01-07,150,8,-64.0,-3.0,913.0,1,-33.5,Summer
2013-01-06,149,8,-65.0,0.0,914.0,1,-32.5,Summer
2013-01-05,148,8,-65.0,-3.0,912.0,1,-34.0,Summer
2013-01-04,147,8,-65.0,0.0,914.0,1,-32.5,Summer
2013-01-03,146,8,-65.0,-1.0,908.0,1,-33.0,Summer
2013-01-02,145,8,-64.0,-1.0,909.0,1,-32.5,Summer
2013-01-01,144,8,-64.0,2.0,907.0,1,-31.0,Summer
2012-12-31,143,8,-63.0,-2.0,908.0,1,-32.5,Summer
2012-12-29,142,8,-65.0,0.0,906.0,1,-32.5,Summer
2012-12-28,141,8,-64.0,-2.0,904.0,1,-33.0,Summer
2012-12-27,140,8,-66.0,-2.0,903.0,1,-34.0,Summer
2012-12-26,139,8,-66.0,0.0,899.0,1,-33.0,Summer
2012-12-25,138,8,-65.0,-1.0,899.0,1,-33.0,Summer
2012-12-24,137,8,-64.0,-1.0,896.0,1,-32.5,Summer
2012-12-23,136,8,-65.0,-1.0,897.0,1,-33.0,Summer
2012-12-22,135,8,-65.0,-5.0,894.0,1,-35.0,Summer
2012-12-21,134,8,-67.0,-1.0,893.0,1,-34.0,Summer
2012-12-20,133,8,-65.0,1.0,891.0,1,-32.0,Summer
2012-12-19,132,8,-65.0,-6.0,890.0,1,-35.5,Summer
2012-12-18,131,8,-65.0,-8.0,889.0,1,-36.5,Summer
2012-12-17,130,8,-65.0,-9.0,888.0,1,-37.0,Summer
2012-12-16,129,8,-65.0,-2.0,886.0,1,-33.5,Summer
2012-12-15,128,8,-67.0,-3.0,883.0,1,-35.0,Summer
2012-12-14,127,8,-67.0,-1.0,884.0,1,-34.0,Summer
2012-12-13,126,8,-66.0,-4.0,880.0,1,-35.0,Summer
2012-12-12,125,8,-68.0,-5.0,880.0,1,-36.5,Summer
2012-12-11,124,8,-66.0,-5.0,876.0,1,-35.5,Summer
2012-12-10,123,8,-66.0,-10.0,875.0,1,-38.0,Summer
2012-12-09,122,8,-65.0,-3.0,869.0,1,-34.0,Summer
2012-12-08,121,8,-66.0,0.0,869.0,1,-33.0,Summer
2012-12-07,120,8,-67.0,-3.0,867.0,1,-35.0,Summer
2012-12-06,119,8,-66.0,-6.0,866.0,1,-36.0,Summer
2012-12-05,118,8,-65.0,-6.0,864.0,1,-35.5,Summer
2012-12-04,117,8,-66.0,-5.0,861.0,1,-35.5,Summer
2012-12-03,116,8,-67.0,-6.0,859.0,1,-36.5,Summer
2012-12-02,115,8,-66.0,-8.0,857.0,1,-37.0,Summer
2012-12-01,114,8,-69.0,-6.0,857.0,1,-37.5,Summer
2012-11-30,113,8,-66.0,-6.0,857.0,1,-36.0,Summer
2012-11-29,112,8,-65.0,-8.0,852.0,1,-36.5,Summer
2012-11-28,111,8,-66.0,-4.0,849.0,1,-35.0,Summer
2012-11-27,110,8,-65.0,-5.0,848.0,1,-35.0,Summer
2012-11-26,109,8,-64.0,-3.0,844.0,1,-33.5,Summer
2012-11-25,108,8,-65.0,-4.0,845.0,1,-34.5,Summer
2012-11-24,107,8,-66.0,-5.0,844.0,1,-35.5,Summer
2012-11-23,106,8,-66.0,-8.0,841.0,1,-37.0,Summer
2012-11-21,105,8,-66.0,-6.0,839.0,1,-36.0,Summer
2012-11-20,104,8,-67.0,-5.0,838.0,1,-36.0,Summer
2012-11-19,103,7,-66.0,-3.0,836.0,1,-34.5,Summer
2012-11-18,102,7,-67.0,-3.0,833.0,1,-35.0,Summer
2012-11-17,101,7,-65.0,-2.0,830.0,1,-33.5,Summer
2012-11-16,100,7,-66.0,-1.0,829.0,1,-33.5,Summer
2012-11-15,99,7,-68.0,-1.0,829.0,1,-34.5,Summer
2012-11-14,98,7,-68.0,-1.0,828.0,1,-34.5,Summer
2012-11-13,97,7,-68.0,-3.0,828.0,1,-35.5,Summer
2012-11-12,96,7,-71.0,2.0,826.0,1,-34.5,Summer
2012-11-11,95,7,-68.0,0.0,822.0,1,-34.0,Summer
2012-11-10,94,7,-70.0,0.0,822.0,1,-35.0,Summer
2012-11-09,93,7,-72.0,-1.0,819.0,1,-36.5,Summer
2012-11-08,92,7,-74.0,-1.0,820.0,1,-37.5,Summer
2012-11-07,91,7,-74.0,-1.0,817.0,1,-37.5,Summer
2012-11-06,90,7,-71.0,0.0,813.0,1,-35.5,Summer
2012-11-05,89,7,-73.0,-1.0,813.0,1,-37.0,Summer
2012-11-04,88,7,-70.0,-2.0,811.0,1,-36.0,Summer
2012-11-03,87,7,-70.0,-2.0,808.0,1,-36.0,Summer
2012-11-02,86,7,-71.0,-4.0,808.0,1,-37.5,Summer
2012-11-01,85,7,-71.0,-1.0,805.0,1,-36.0,Summer
2012-10-31,84,7,-70.0,0.0,801.0,1,-35.0,Summer
2012-10-30,83,7,-72.0,0.0,801.0,1,-36.0,Summer
2012-10-29,82,7,-72.0,0.0,799.0,1,-36.0,Summer
2012-10-28,81,7,-72.0,-2.0,798.0,1,-37.0,Summer
2012-10-27,80,7,-70.0,-3.0,796.0,1,-36.5,Summer
2012-10-26,79,7,-73.0,-1.0,795.0,1,-37.0,Summer
2012-10-25,78,7,-71.0,0.0,793.0,1,-35.5,Summer
2012-10-24,77,7,-71.0,0.0,792.0,1,-35.5,Summer
2012-10-23,76,7,-73.0,-1.0,792.0,1,-37.0,Summer
2012-10-22,75,7,-73.0,-1.0,791.0,1,-37.0,Summer
2012-10-21,74,7,-72.0,-5.0,790.0,1,-38.5,Summer
2012-10-20,73,7,-70.0,0.0,788.0,1,-35.0,Summer
2012-10-19,72,7,-73.0,-2.0,785.0,1,-37.5,Summer
2012-10-18,71,7,-71.0,-2.0,784.0,1,-36.5,Summer
2012-10-17,70,7,-72.0,-1.0,783.0,1,-36.5,Summer
2012-10-15,69,7,-73.0,0.0,778.0,1,-36.5,Summer
2012-10-14,68,7,-71.0,-2.0,781.0,1,-36.5,Summer
2012-10-13,67,7,-73.0,-6.0,780.0,1,-39.5,Summer
2012-10-12,66,7,-73.0,-2.0,778.0,1,-37.5,Summer
2012-10-11,65,7,-72.0,-2.0,777.0,1,-37.0,Summer
2012-10-10,64,7,-74.0,0.0,776.0,1,-37.0,Summer
2012-10-09,63,7,-73.0,0.0,775.0,1,-36.5,Summer
2012-10-08,62,7,-72.0,-1.0,774.0,1,-36.5,Summer
2012-10-07,61,7,-72.0,-2.0,772.0,1,-37.0,Summer
2012-10-06,60,7,-75.0,-2.0,772.0,1,-38.5,Summer
2012-10-05,59,7,-76.0,-1.0,771.0,1,-38.5,Summer
2012-10-04,58,7,-74.0,-3.0,769.0,1,-38.5,Summer
2012-10-03,57,7,-73.0,-3.0,769.0,1,-38.0,Summer
2012-10-02,56,7,-73.0,-4.0,768.0,1,-38.5,Summer
2012-10-01,55,7,-74.0,-2.0,766.0,1,-38.0,Summer
2012-09-30,54,7,-72.0,-9.0,766.0,1,-40.5,Summer
2012-09-29,53,6,-71.0,-5.0,764.0,1,-38.0,Spring
2012-09-28,52,6,-74.0,-7.0,762.0,1,-40.5,Spring
2012-09-27,51,6,-76.0,-7.0,762.0,1,-41.5,Spring
2012-09-26,50,6,-72.0,-10.0,761.0,1,-41.0,Spring
2012-09-25,49,6,-74.0,-10.0,761.0,1,-42.0,Spring
2012-09-24,48,6,-75.0,0.0,759.0,1,-37.5,Spring
2012-09-23,47,6,-75.0,-9.0,758.0,1,-42.0,Spring
2012-09-22,46,6,-74.0,-12.0,758.0,1,-43.0,Spring
2012-09-21,45,6,-74.0,-9.0,758.0,1,-41.5,Spring
2012-09-20,44,6,-75.0,-10.0,757.0,1,-42.5,Spring
2012-09-19,43,6,-74.0,-12.0,756.0,1,-43.0,Spring
2012-09-18,42,6,-75.0,-7.0,754.0,1,-41.0,Spring
2012-09-17,41,6,-75.0,-12.0,753.0,1,-43.5,Spring
2012-09-16,40,6,-75.0,-12.0,753.0,1,-43.5,Spring
2012-09-15,39,6,-75.0,-8.0,751.0,1,-41.5,Spring
2012-09-14,38,6,-73.0,-13.0,750.0,1,-43.0,Spring
2012-09-13,37,6,-73.0,0.0,750.0,1,-36.5,Spring
2012-09-12,36,6,-73.0,-1.0,750.0,1,-37.0,Spring
2012-09-11,35,6,-73.0,-1.0,749.0,1,-37.0,Spring
2012-09-10,34,6,-73.0,1.0,748.0,1,-36.0,Spring
2012-09-08,33,6,-73.0,-2.0,748.0,1,-37.5,Spring
2012-09-07,32,6,,,,1,,Spring
2012-09-06,31,6,-74.0,-23.0,745.0,1,-48.5,Spring
2012-09-05,30,6,-74.0,-3.0,747.0,1,-38.5,Spring
2012-09-04,29,6,-75.0,-2.0,747.0,1,-38.5,Spring
2012-09-03,28,6,-75.0,-15.0,745.0,1,-45.0,Spring
2012-09-02,27,6,-75.0,-15.0,743.0,1,-45.0,Spring
2012-09-01,26,6,-76.0,-14.0,745.0,1,-45.0,Spring
2012-08-31,25,6,-75.0,-11.0,743.0,1,-43.0,Spring
2012-08-30,24,6,-75.0,-7.0,742.0,1,-41.0,Spring
2012-08-29,23,6,-75.0,-16.0,741.0,1,-45.5,Spring
2012-08-28,22,6,-74.0,-6.0,742.0,1,-40.0,Spring
2012-08-27,21,6,-74.0,-3.0,741.0,1,-38.5,Spring
2012-08-26,20,6,,,,1,,Spring
2012-08-25,19,6,,,,1,,Spring
2012-08-24,18,6,,,,1,,Spring
2012-08-23,17,6,-76.0,-4.0,742.0,1,-40.0,Spring
2012-08-22,16,6,-77.0,0.0,740.0,1,-38.5,Spring
2012-08-21,15,6,-78.0,-15.0,740.0,1,-46.5,Spring
2012-08-20,14,6,-74.0,-16.0,740.0,1,-45.0,Spring
2012-08-19,13,6,-74.0,-15.0,732.0,1,-44.5,Spring
2012-08-18,12,6,-76.0,-18.0,741.0,1,-47.0,Spring
2012-08-17,11,6,-76.0,-11.0,740.0,1,-43.5,Spring
2012-08-16,10,6,-75.0,-16.0,739.0,1,-45.5,Spring
2012-08-15,9,6,,,,1,,Spring
2012-08-07,1,6,,,,1,,Spring
