Earth Date,Max_temp,Min_temp,Pressure,Mean_temp
2018-02-27,33.0,24.0,1007.2,27.333333333333332
2018-02-26,33.0,25.0,1006.9,28.22222222222222
2018-02-25,34.0,24.0,1007.1,27.666666666666668
2018-02-22,34.0,24.0,1006.9,27.5
2018-02-21,32.0,23.000000000000004,1005.7,27.16666666666667
2018-02-20,32.0,23.000000000000004,1007.3,27.277777777777775
2018-02-19,33.0,23.000000000000004,1008.1,27.77777777777778
2018-02-18,34.0,23.000000000000004,1008.6,27.83333333333333
2018-02-17,34.0,23.000000000000004,1008.5,27.83333333333333
2018-02-16,33.0,21.999999999999996,1009.9,26.944444444444443
2018-02-15,33.0,24.0,1010.5,28.833333333333332
2018-02-14,32.0,24.0,1010.8,27.555555555555554
2018-02-13,29.0,24.0,1010.6,25.833333333333332
2018-02-12,33.0,24.0,1008.5,28.22222222222222
2018-02-11,32.0,24.0,1007.5,27.555555555555554
2018-02-10,32.0,24.0,1006.6,27.38888888888889
2018-02-08,34.0,25.0,1005.2,29.27777777777778
2018-02-07,34.0,23.000000000000004,1006.4,27.77777777777778
2018-02-06,32.0,24.0,1006.8,28.111111111111107
2018-02-05,32.0,23.000000000000004,1006.3,27.38888888888889
2018-02-04,33.0,23.000000000000004,1006.2,27.11111111111111
2018-02-03,33.0,23.000000000000004,1006.4,27.333333333333332
2018-02-02,26.0,21.999999999999996,1007.4,24.111111111111114
2018-02-01,30.5,23.000000000000004,1005.8,26.722222222222218
2018-01-30,32.0,24.0,1005.1,27.11111111111111
2018-01-29,26.999999999999996,21.888888888888893,1005.8,23.5
2018-01-28,25.500000000000004,21.999999999999996,1004.1,23.333333333333332
2018-01-27,25.0,22.722222222222225,1003.1,23.444444444444443
2018-01-26,31.11111111111111,23.000000000000004,1002.9,25.944444444444443
2018-01-25,33.0,25.0,1003.2,27.88888888888889
2018-01-24,32.5,24.0,1004.0,27.88888888888889
2018-01-23,31.0,24.0,1005.1,26.833333333333332
2018-01-22,30.0,23.000000000000004,1005.4,25.72222222222222
2018-01-21,31.0,25.500000000000004,1005.6,28.000000000000004
2018-01-20,32.0,23.000000000000004,1005.4,25.833333333333332
2018-01-19,30.0,23.000000000000004,1006.7,25.611111111111107
2018-01-18,33.0,24.0,1006.8,28.166666666666668
2018-01-17,32.0,24.0,1006.4,27.444444444444446
2018-01-14,33.0,25.0,1005.0,29.0
2018-01-13,32.0,24.0,1006.6,28.000000000000004
2018-01-12,32.0,23.000000000000004,1007.5,27.5
2018-01-02,32.0,25.0,1005.4,27.722222222222225
2018-01-01,35.0,25.0,1004.4,28.833333333333332
2017-12-31,31.0,24.0,1004.9,28.000000000000004
2017-12-30,31.0,24.0,1006.6,27.444444444444446
2017-12-29,31.5,24.0,1006.4,27.16666666666667
2017-12-27,33.0,24.0,1006.2,27.61111111111111
2017-12-26,34.0,24.0,1006.8,28.61111111111111
2017-12-24,32.0,24.0,1006.5,28.055555555555557
2017-12-22,31.38888888888889,25.0,1006.5,28.22222222222222
2017-12-21,33.0,24.0,1006.9,28.388888888888886
2017-12-19,31.0,26.0,1007.7,29.166666666666668
2017-12-18,32.0,25.0,1007.1,28.666666666666668
2017-12-17,31.5,24.0,1007.2,28.333333333333332
2017-12-16,31.5,24.499999999999996,1007.6,27.77777777777778
2017-12-15,32.0,26.999999999999996,1006.5,29.88888888888889
2017-12-14,31.0,25.0,1006.3,27.666666666666668
2017-12-13,31.0,25.0,1007.5,28.22222222222222
2017-12-12,31.0,24.0,1007.2,26.999999999999996
2017-12-11,30.0,24.0,1006.9,25.833333333333332
2017-12-10,31.5,25.0,1007.1,28.22222222222222
2017-12-09,32.0,24.0,1007.3,27.055555555555557
2017-12-06,33.0,26.77777777777778,1005.7,29.27777777777778
2017-12-05,34.0,27.5,1004.5,31.27777777777778
2017-12-04,34.0,24.499999999999996,1003.6,28.944444444444443
2017-12-03,33.0,25.0,1004.7,28.5
2017-12-01,33.0,24.777777777777775,1006.5,28.555555555555557
2017-11-30,33.0,25.0,1005.5,28.055555555555557
2017-11-28,32.0,25.500000000000004,1006.4,29.166666666666668
2017-11-27,33.0,26.0,1004.8,28.833333333333332
2017-11-26,31.5,25.500000000000004,1005.1,28.388888888888886
2017-11-25,32.0,25.0,1006.2,28.944444444444443
2017-11-24,31.5,24.0,1008.2,28.111111111111107
2017-11-23,31.5,26.999999999999996,1006.3,29.0
2017-11-22,33.0,25.0,1005.4,29.11111111111111
2017-11-21,32.0,21.999999999999996,1005.5,27.333333333333332
2017-11-20,31.0,25.500000000000004,1007.3,28.666666666666668
2017-11-19,31.5,24.0,1007.6,26.944444444444443
2017-11-17,31.5,24.499999999999996,1006.2,28.333333333333332
2017-11-16,32.0,24.499999999999996,1006.2,27.944444444444443
2017-11-15,31.11111111111111,24.0,1006.7,27.333333333333332
2017-11-14,31.5,25.0,1007.4,28.166666666666668
2017-11-13,32.0,24.0,1007.1,27.277777777777775
2017-11-12,32.5,26.5,1005.8,29.61111111111111
2017-11-11,30.5,26.0,1006.4,26.833333333333332
2017-11-10,33.0,26.999999999999996,1006.9,29.666666666666668
2017-11-09,31.0,25.0,1006.5,27.77777777777778
2017-11-08,31.5,26.0,1005.8,28.944444444444443
2017-11-07,32.0,26.0,1005.7,28.166666666666668
2017-11-06,31.0,26.0,1006.4,28.055555555555557
2017-11-04,31.0,24.499999999999996,1007.1,27.277777777777775
2017-11-03,30.0,26.0,1007.0,28.000000000000004
2017-11-02,31.0,23.000000000000004,1007.0,26.833333333333332
2017-11-01,32.0,24.0,1006.4,27.277777777777775
2017-10-31,30.5,24.0,1007.1,27.277777777777775
2017-10-30,31.0,24.0,1008.6,26.77777777777778
2017-10-29,32.0,25.0,1009.1,27.83333333333333
2017-10-28,31.0,24.0,1008.7,26.77777777777778
2017-10-27,31.0,24.0,1007.5,26.999999999999996
2017-10-26,28.5,24.0,1009.3,25.38888888888889
2017-10-25,31.5,26.722222222222218,1009.8,28.333333333333332
2017-10-23,31.0,25.0,1010.4,27.88888888888889
2017-10-22,33.0,24.0,1009.5,28.166666666666668
2017-10-21,30.0,24.388888888888893,1008.9,27.61111111111111
2017-10-20,27.5,24.0,1010.7,25.33333333333333
2017-10-19,31.0,24.0,1008.7,26.555555555555557
2017-10-18,30.22222222222222,24.0,1007.7,26.888888888888893
2017-10-17,31.5,24.0,1006.8,26.999999999999996
2017-10-15,31.5,25.500000000000004,1005.0,28.22222222222222
2017-10-14,31.0,26.5,1005.6,28.72222222222222
2017-10-10,32.0,23.000000000000004,1006.0,26.11111111111111
2017-10-07,32.0,25.500000000000004,1007.1,28.166666666666668
2017-10-06,31.5,26.0,1008.2,27.555555555555554
2017-10-05,32.0,24.0,1008.0,27.5
2017-10-04,32.0,25.611111111111107,1007.5,28.055555555555557
2017-10-03,31.0,26.0,1009.1,28.61111111111111
2017-10-02,31.0,24.0,1009.6,27.722222222222225
2017-10-01,31.0,26.0,1009.6,27.666666666666668
2017-09-30,32.0,25.0,1008.9,28.111111111111107
2017-09-29,30.0,25.0,1010.7,27.88888888888889
2017-09-28,31.72222222222222,25.500000000000004,1008.3,27.83333333333333
2017-09-26,31.0,26.0,1008.5,27.83333333333333
2017-09-25,31.0,26.0,1008.4,28.000000000000004
2017-09-24,31.5,25.0,1008.2,28.055555555555557
2017-09-23,32.5,25.500000000000004,1008.6,27.77777777777778
2017-09-21,32.0,23.77777777777778,1009.1,26.666666666666668
2017-09-20,31.0,25.0,1008.5,27.11111111111111
2017-09-19,31.0,25.0,1008.9,27.5
2017-09-18,30.0,25.0,1009.7,27.444444444444446
2017-09-17,31.0,25.500000000000004,1010.3,27.277777777777775
2017-09-16,32.0,25.0,1009.5,27.5
2017-09-15,31.0,24.0,1010.2,26.722222222222218
2017-09-13,32.5,25.500000000000004,1008.9,27.722222222222225
2017-09-12,31.0,25.72222222222222,1008.8,27.88888888888889
2017-09-11,31.0,25.222222222222225,1008.9,28.61111111111111
2017-09-09,30.0,24.499999999999996,1009.1,27.16666666666667
2017-09-08,32.0,24.0,1009.6,26.833333333333332
2017-09-07,30.38888888888889,25.0,1010.7,27.444444444444446
2017-09-06,32.0,25.0,1010.8,26.722222222222218
2017-09-05,30.0,24.499999999999996,1011.6,26.555555555555557
2017-09-04,29.0,24.0,1010.6,25.944444444444443
2017-09-03,31.0,24.0,1010.6,26.833333333333332
2017-09-02,31.0,24.88888888888889,1009.8,27.22222222222222
2017-09-01,30.22222222222222,23.77777777777778,1009.2,26.833333333333332
2017-08-31,26.999999999999996,24.499999999999996,1010.6,25.38888888888889
2017-08-30,28.000000000000004,24.777777777777775,1009.9,25.444444444444443
2017-08-29,31.0,24.0,1009.6,26.555555555555557
2017-08-28,29.5,25.0,1009.5,26.5
2017-08-27,29.0,24.0,1010.1,26.0
2017-08-24,29.0,23.000000000000004,1010.5,25.444444444444443
2017-08-23,29.0,23.000000000000004,1012.2,24.66666666666667
2017-08-22,30.0,21.0,1012.0,25.888888888888886
2017-08-21,30.0,23.000000000000004,1010.2,25.888888888888886
2017-08-20,30.0,22.5,1010.2,26.444444444444443
2017-08-19,31.0,23.000000000000004,1010.2,26.166666666666664
2017-08-18,32.0,24.0,1009.9,27.11111111111111
2017-08-17,31.0,23.000000000000004,1009.1,26.833333333333332
2017-08-16,31.5,25.0,1008.3,26.999999999999996
2017-08-15,33.0,25.0,1007.9,28.77777777777778
2017-08-13,30.0,25.0,1010.0,27.055555555555557
2017-08-12,32.5,25.500000000000004,1010.5,27.77777777777778
2017-08-11,31.5,25.0,1009.9,28.833333333333332
2017-08-10,32.22222222222222,25.0,1009.3,27.333333333333332
2017-08-09,31.0,24.61111111111111,1009.5,27.11111111111111
2017-08-08,31.0,25.500000000000004,1011.2,27.666666666666668
2017-08-07,30.22222222222222,24.0,1011.0,26.833333333333332
2017-08-06,29.5,25.0,1010.9,27.11111111111111
2017-08-05,30.0,25.0,1009.2,26.999999999999996
2017-08-04,28.000000000000004,24.0,1009.8,25.666666666666668
2017-08-03,29.0,24.499999999999996,1009.2,26.38888888888889
2017-08-02,29.0,24.499999999999996,1009.6,26.38888888888889
2017-08-01,30.0,24.61111111111111,1010.7,26.11111111111111
2017-07-31,30.0,24.0,1011.0,26.5
2017-07-30,30.38888888888889,24.388888888888893,1010.4,26.944444444444443
2017-07-28,29.5,24.499999999999996,1011.4,27.88888888888889
2017-07-27,30.0,23.000000000000004,1010.4,26.0
2017-07-26,31.0,23.77777777777778,1010.6,26.22222222222222
2017-07-25,30.5,24.0,1009.2,26.666666666666668
2017-07-24,31.0,24.0,1008.9,26.611111111111114
2017-07-23,29.0,25.0,1008.2,26.999999999999996
2017-07-22,30.0,24.0,1009.2,26.555555555555557
2017-07-21,32.0,25.0,1009.2,27.333333333333332
2017-07-20,31.0,24.499999999999996,1007.7,27.16666666666667
2017-07-19,31.5,26.0,1008.1,27.944444444444443
2017-07-18,30.38888888888889,25.0,1008.8,27.11111111111111
2017-07-17,31.0,25.0,1008.8,27.666666666666668
2017-07-16,31.0,25.0,1009.5,27.5
2017-07-15,31.5,24.499999999999996,1010.2,27.11111111111111
2017-07-14,28.000000000000004,23.000000000000004,1009.5,24.88888888888889
2017-07-13,30.0,23.5,1009.7,27.38888888888889
2017-07-11,30.11111111111111,25.0,1011.4,27.333333333333332
2017-07-10,31.0,25.0,1010.5,27.444444444444446
2017-07-09,31.0,23.000000000000004,1010.5,26.833333333333332
2017-07-08,30.0,23.000000000000004,1011.0,26.166666666666664
2017-07-07,30.5,23.000000000000004,1010.4,26.333333333333336
2017-07-06,30.0,23.000000000000004,1010.9,26.444444444444443
2017-07-04,32.0,23.000000000000004,1010.7,27.16666666666667
2017-07-03,32.0,24.72222222222222,1009.4,27.38888888888889
2017-07-02,30.0,25.0,1010.0,27.22222222222222
2017-07-01,31.0,25.0,1008.8,27.055555555555557
2017-06-30,30.5,23.000000000000004,1008.6,25.666666666666668
2017-06-29,30.0,24.0,1009.9,26.5
2017-06-28,29.0,23.5,1010.0,26.27777777777778
2017-06-27,30.0,23.5,1009.9,27.22222222222222
2017-06-26,30.0,23.61111111111111,1010.2,26.27777777777778
2017-06-25,31.0,25.0,1008.5,27.16666666666667
2017-06-23,30.22222222222222,24.0,1007.7,27.83333333333333
2017-06-22,31.22222222222222,24.61111111111111,1009.6,27.11111111111111
2017-06-20,31.0,25.0,1009.3,27.444444444444446
2017-06-19,31.27777777777778,24.0,1008.5,27.11111111111111
2017-06-18,32.0,24.0,1008.8,27.83333333333333
2017-06-16,31.0,26.0,1009.0,28.666666666666668
2017-06-15,32.0,24.0,1009.6,27.38888888888889
2017-06-14,31.0,26.0,1009.8,27.555555555555554
2017-06-13,31.0,24.0,1010.0,27.055555555555557
2017-06-12,32.0,24.61111111111111,1010.6,27.555555555555554
2017-06-10,29.5,24.61111111111111,1011.1,26.11111111111111
2017-06-09,30.0,24.0,1011.7,26.055555555555557
2017-06-08,30.0,24.0,1011.9,26.611111111111114
2017-06-06,29.0,25.500000000000004,1011.0,27.5
2017-06-05,31.0,24.0,1009.3,27.16666666666667
2017-06-04,29.11111111111111,25.0,1009.0,27.16666666666667
2017-06-03,31.5,25.0,1009.4,28.388888888888886
2017-06-01,33.22222222222222,25.0,1008.6,28.22222222222222
2017-05-30,29.0,25.0,1008.5,26.833333333333332
2017-05-29,31.0,26.0,1008.8,27.944444444444443
2017-05-28,30.0,25.500000000000004,1008.1,27.83333333333333
2017-05-27,31.0,25.500000000000004,1009.2,27.5
2017-05-26,32.5,25.500000000000004,1008.2,28.333333333333332
2017-05-25,31.0,25.0,1008.3,27.555555555555554
2017-05-23,31.0,26.0,1007.8,28.77777777777778
2017-05-22,32.0,25.0,1008.1,28.444444444444443
2017-05-21,29.0,26.5,1007.5,28.111111111111107
2017-05-20,27.5,25.0,1007.9,26.22222222222222
2017-05-19,30.0,25.500000000000004,1007.6,27.11111111111111
2017-05-18,33.0,25.0,1008.5,27.333333333333332
2017-05-17,33.0,25.0,1007.4,28.388888888888886
2017-05-15,32.0,25.0,1007.0,28.111111111111107
2017-05-12,31.0,25.0,1007.8,27.277777777777775
2017-05-11,29.11111111111111,24.0,1010.2,26.722222222222218
2017-05-10,31.0,26.0,1009.2,28.333333333333332
2017-05-09,31.0,25.0,1009.1,27.666666666666668
2017-05-08,29.0,25.0,1009.2,26.611111111111114
2017-05-07,31.0,26.0,1009.8,28.277777777777782
2017-05-04,31.0,24.0,1011.5,26.666666666666668
2017-05-02,30.0,21.5,1011.3,26.0
2017-05-01,31.0,21.999999999999996,1011.8,26.055555555555557
2017-04-30,28.000000000000004,24.499999999999996,1011.0,26.0
2017-04-27,30.38888888888889,25.0,1009.7,27.5
2017-04-26,30.0,25.0,1008.7,27.666666666666668
2017-04-25,31.0,24.0,1009.1,27.055555555555557
2017-04-24,30.38888888888889,24.72222222222222,1008.2,26.666666666666668
2017-04-23,29.5,23.77777777777778,1008.5,26.055555555555557
2017-04-21,29.0,25.0,1008.3,27.16666666666667
2017-04-20,31.11111111111111,24.61111111111111,1008.3,26.666666666666668
2017-04-19,32.388888888888886,24.61111111111111,1009.0,26.833333333333332
2017-04-18,31.0,25.0,1008.9,28.77777777777778
2017-04-16,31.0,25.0,1008.0,27.722222222222225
2017-04-15,30.0,24.388888888888893,1008.7,26.77777777777778
2017-04-14,31.0,25.0,1008.1,27.38888888888889
2017-04-13,30.38888888888889,24.0,1010.3,26.5
2017-04-12,28.000000000000004,24.0,1010.2,25.222222222222225
2017-04-11,30.0,25.0,1008.1,27.22222222222222
2017-04-09,30.0,24.499999999999996,1007.4,26.5
2017-04-08,32.0,25.0,1008.1,27.944444444444443
2017-04-07,31.0,24.0,1007.9,27.333333333333332
2017-04-04,31.0,24.499999999999996,1008.0,27.277777777777775
2017-04-03,24.499999999999996,23.000000000000004,1009.2,23.944444444444443
2017-03-31,31.0,25.0,1009.7,27.38888888888889
2017-03-29,29.0,24.72222222222222,1009.5,25.833333333333332
2017-03-28,30.0,25.0,1007.3,27.277777777777775
2017-03-27,32.0,24.0,1009.4,28.72222222222222
2017-03-26,30.5,24.0,1009.2,26.0
2017-03-25,32.0,25.0,1008.1,27.83333333333333
2017-03-24,32.0,24.499999999999996,1008.4,26.38888888888889
2017-03-23,30.0,25.0,1009.7,27.61111111111111
2017-03-22,30.0,25.0,1009.1,27.277777777777775
2017-03-21,32.0,24.0,1009.0,26.38888888888889
2017-03-20,31.5,26.0,1008.4,29.333333333333332
2017-03-19,32.0,24.0,1008.8,28.000000000000004
2017-03-16,26.999999999999996,23.000000000000004,1008.3,24.66666666666667
2017-03-15,30.0,23.000000000000004,1008.7,25.222222222222225
2017-03-14,31.0,24.499999999999996,1008.9,26.888888888888893
2017-03-13,31.22222222222222,25.0,1008.8,26.999999999999996
2017-03-12,31.0,24.0,1008.1,26.38888888888889
2017-03-11,32.0,24.0,1007.8,27.88888888888889
2017-03-10,32.0,24.499999999999996,1007.5,28.000000000000004
2017-03-09,33.5,24.0,1006.6,27.38888888888889
2017-03-08,33.0,24.0,1005.7,28.055555555555557
2017-03-06,32.0,25.0,1006.4,27.88888888888889
2017-03-04,32.0,26.0,1005.2,29.944444444444443
2017-03-03,32.0,24.0,1003.9,27.38888888888889
2017-03-02,31.5,25.0,1004.2,28.111111111111107
2017-03-01,28.000000000000004,24.0,1006.8,25.11111111111111
2017-02-28,30.0,24.0,1006.5,25.72222222222222
2017-02-27,31.0,24.0,1007.0,26.333333333333336
2017-02-26,30.0,23.72222222222222,1006.7,27.722222222222225
2017-02-25,31.0,24.499999999999996,1006.5,27.277777777777775
2017-02-24,31.5,24.72222222222222,1007.3,27.38888888888889
2017-02-23,32.27777777777778,25.11111111111111,1008.9,28.833333333333332
2017-02-22,32.0,25.0,1010.2,27.83333333333333
2017-02-21,32.0,24.499999999999996,1010.0,27.88888888888889
2017-02-20,32.0,24.499999999999996,1009.8,26.77777777777778
2017-02-19,32.0,25.0,1008.5,29.5
2017-02-18,31.0,25.0,1009.1,29.0
2017-02-16,30.27777777777778,24.222222222222218,1009.7,26.999999999999996
2017-02-15,30.5,24.499999999999996,1009.9,27.38888888888889
2017-02-14,32.0,24.0,1011.6,27.555555555555554
2017-02-13,30.0,24.0,1010.4,26.999999999999996
2017-02-12,32.0,23.5,1009.8,27.83333333333333
2017-02-11,28.5,24.0,1009.5,25.666666666666668
2017-02-10,34.0,25.0,1007.3,29.055555555555557
2017-02-09,32.0,24.0,1006.6,27.555555555555554
2017-02-08,31.27777777777778,26.0,1006.2,28.055555555555557
2017-02-07,30.22222222222222,23.000000000000004,1007.2,26.27777777777778
2017-02-06,31.0,26.0,1005.7,28.277777777777782
2017-02-05,32.0,25.0,1006.2,28.277777777777782
2017-02-04,30.0,24.499999999999996,1006.1,26.22222222222222
2017-02-03,30.0,24.0,1006.1,27.444444444444446
2017-02-02,30.0,23.72222222222222,1007.1,25.611111111111107
2017-02-01,31.0,23.000000000000004,1007.6,26.22222222222222
2017-01-31,30.0,24.0,1007.0,26.944444444444443
2017-01-30,31.0,24.0,1005.4,26.888888888888893
2017-01-29,32.0,25.0,1006.4,27.333333333333332
2017-01-28,32.0,24.0,1007.6,26.944444444444443
2017-01-26,30.22222222222222,25.0,1008.4,28.277777777777782
2017-01-25,31.0,24.0,1009.3,26.999999999999996
2017-01-24,31.38888888888889,24.777777777777775,1010.2,27.722222222222225
2017-01-23,32.0,24.0,1009.2,27.944444444444443
2017-01-22,31.0,26.0,1008.9,29.055555555555557
2017-01-21,32.0,24.0,1009.0,27.722222222222225
2017-01-20,30.5,25.500000000000004,1008.7,28.000000000000004
2017-01-19,31.0,25.0,1008.8,27.83333333333333
2017-01-18,31.5,25.0,1009.4,28.111111111111107
2017-01-17,31.0,24.0,1009.5,26.944444444444443
2017-01-16,31.0,23.000000000000004,1009.0,26.833333333333332
2017-01-15,30.0,24.499999999999996,1007.6,27.722222222222225
2017-01-14,31.38888888888889,25.0,1008.0,27.5
2017-01-13,32.0,24.72222222222222,1007.1,28.444444444444443
2017-01-12,31.0,25.0,1007.5,26.722222222222218
2017-01-08,32.0,25.72222222222222,1005.5,28.833333333333332
2017-01-07,30.5,24.0,1004.2,27.666666666666668
2017-01-06,33.0,24.0,1004.3,27.444444444444446
2017-01-05,33.0,24.0,1005.1,28.444444444444443
2017-01-04,33.0,25.500000000000004,1006.4,29.27777777777778
2017-01-02,34.0,26.0,1004.7,29.555555555555557
2017-01-01,32.0,24.0,1004.4,27.16666666666667
2016-12-31,29.0,24.499999999999996,1006.2,26.888888888888893
2016-12-30,31.0,25.0,1004.7,27.5
2016-12-29,32.5,24.499999999999996,1005.8,27.555555555555554
2016-12-28,31.0,24.0,1006.2,27.333333333333332
2016-12-27,32.0,24.0,1006.5,27.83333333333333
2016-12-26,30.88888888888889,24.499999999999996,1007.0,26.611111111111114
2016-12-23,31.0,24.499999999999996,1007.7,28.333333333333332
2016-12-21,31.0,25.0,1007.6,28.22222222222222
2016-12-20,29.0,25.0,1006.9,26.666666666666668
2016-12-18,31.5,25.500000000000004,1008.1,28.444444444444443
2016-12-17,31.0,25.0,1008.6,26.722222222222218
2016-12-16,32.0,24.0,1007.8,28.333333333333332
2016-12-10,29.0,25.500000000000004,1007.4,27.22222222222222
2016-12-09,32.27777777777778,24.72222222222222,1006.3,27.555555555555554
2016-12-08,32.111111111111114,26.0,1004.9,29.166666666666668
2016-12-07,32.0,26.999999999999996,1006.4,29.72222222222222
2016-12-06,32.5,25.500000000000004,1006.3,29.333333333333332
2016-12-05,33.0,25.0,1006.6,28.77777777777778
2016-12-04,33.0,25.0,1006.8,29.11111111111111
2016-12-01,32.5,23.5,1008.3,28.055555555555557
2016-11-30,32.0,24.0,1007.8,27.38888888888889
2016-11-28,32.5,25.0,1008.1,28.166666666666668
2016-11-27,31.0,25.500000000000004,1008.4,28.72222222222222
2016-11-26,31.0,24.499999999999996,1007.8,26.611111111111114
2016-11-25,33.0,26.999999999999996,1006.2,28.944444444444443
2016-11-24,32.0,25.0,1005.8,29.27777777777778
2016-11-23,32.0,25.0,1006.2,27.666666666666668
2016-11-19,32.0,24.0,1007.2,27.83333333333333
2016-11-17,33.0,25.0,1006.6,28.055555555555557
2016-11-16,33.5,24.499999999999996,1007.6,28.666666666666668
2016-11-15,33.0,24.0,1007.8,28.22222222222222
2016-11-14,33.0,26.0,1008.0,29.61111111111111
2016-11-13,33.22222222222222,26.0,1007.8,29.77777777777778
2016-11-12,33.0,24.0,1009.5,28.22222222222222
2016-11-10,33.0,26.0,1008.9,29.0
2016-11-09,34.0,24.0,1009.6,28.833333333333332
2016-11-08,32.0,25.0,1009.7,28.666666666666668
2016-11-07,31.22222222222222,24.0,1009.7,27.61111111111111
2016-11-03,32.0,26.999999999999996,1007.4,28.944444444444443
2016-11-02,31.22222222222222,26.0,1006.3,28.055555555555557
2016-11-01,32.0,26.0,1006.0,28.333333333333332
2016-10-31,32.0,26.999999999999996,1006.0,29.11111111111111
2016-10-30,32.0,25.0,1007.3,28.5
2016-10-29,32.0,26.0,1007.5,28.444444444444443
2016-10-28,31.0,26.5,1007.4,28.000000000000004
2016-10-27,32.0,26.5,1007.5,29.555555555555557
2016-10-25,32.0,26.0,1008.1,28.277777777777782
2016-10-24,30.0,25.0,1007.8,27.38888888888889
2016-10-23,30.5,24.0,1008.4,26.944444444444443
2016-10-19,31.5,24.499999999999996,1007.8,28.555555555555557
2016-10-16,30.0,26.77777777777778,1008.4,27.5
2016-10-15,31.38888888888889,26.5,1008.8,28.555555555555557
2016-10-14,31.0,24.777777777777775,1008.8,27.22222222222222
2016-10-13,31.0,25.0,1008.6,27.88888888888889
2016-10-12,32.0,24.0,1008.4,27.22222222222222
2016-10-11,31.0,25.0,1008.5,27.333333333333332
2016-10-10,33.0,25.0,1008.3,27.944444444444443
2016-10-09,33.0,25.0,1007.8,28.833333333333332
2016-10-08,34.22222222222222,26.999999999999996,1009.0,29.944444444444443
2016-10-07,33.0,25.0,1009.6,28.277777777777782
2016-10-06,32.5,25.0,1008.4,28.666666666666668
2016-10-05,33.0,26.0,1007.5,28.555555555555557
2016-10-04,31.0,25.0,1008.4,27.277777777777775
2016-10-03,32.0,24.499999999999996,1008.6,28.166666666666668
2016-10-02,31.27777777777778,25.0,1008.2,28.055555555555557
2016-10-01,30.0,25.0,1007.2,26.833333333333332
2016-09-30,32.0,25.500000000000004,1008.5,28.166666666666668
2016-09-29,32.0,26.38888888888889,1006.8,29.666666666666668
2016-09-28,32.0,24.88888888888889,1007.8,27.555555555555554
2016-09-25,31.38888888888889,26.0,1007.7,28.444444444444443
2016-09-24,31.0,25.0,1007.6,27.555555555555554
2016-09-23,31.0,25.0,1007.8,28.77777777777778
2016-09-22,32.0,24.777777777777775,1008.6,27.444444444444446
2016-09-21,30.0,24.499999999999996,1010.4,27.16666666666667
2016-09-20,29.38888888888889,25.222222222222225,1009.4,26.944444444444443
2016-09-19,31.0,25.0,1009.3,26.999999999999996
2016-09-18,31.0,26.0,1007.6,27.944444444444443
2016-09-17,30.0,24.0,1009.5,26.722222222222218
2016-09-16,30.0,25.0,1009.6,27.5
2016-09-15,31.0,25.0,1009.1,28.055555555555557
2016-09-14,31.0,25.611111111111107,1009.5,27.22222222222222
2016-09-13,33.0,26.0,1008.9,28.666666666666668
2016-09-12,32.0,26.0,1008.3,28.166666666666668
2016-09-11,30.0,26.5,1007.3,27.61111111111111
2016-09-10,29.5,25.72222222222222,1008.8,27.277777777777775
2016-09-09,30.27777777777778,24.499999999999996,1010.1,27.61111111111111
2016-09-08,31.0,25.0,1009.7,27.77777777777778
2016-09-07,30.0,24.61111111111111,1010.1,26.77777777777778
2016-09-06,30.5,25.0,1010.3,27.38888888888889
2016-09-05,31.0,24.61111111111111,1010.6,27.666666666666668
2016-09-04,31.0,26.611111111111114,1009.7,29.11111111111111
2016-09-02,30.0,24.0,1009.6,26.999999999999996
2016-09-01,31.11111111111111,23.72222222222222,1007.5,26.944444444444443
2016-08-31,31.0,24.0,1009.3,27.16666666666667
2016-08-30,31.22222222222222,24.0,1011.8,26.888888888888893
2016-08-29,32.0,25.0,1010.8,27.944444444444443
2016-08-28,29.0,24.0,1011.0,26.722222222222218
2016-08-27,31.0,25.0,1011.9,26.888888888888893
2016-08-26,31.0,25.0,1011.4,28.111111111111107
2016-08-25,30.0,24.0,1009.6,26.888888888888893
2016-08-24,30.0,24.0,1009.8,26.944444444444443
2016-08-23,31.0,24.0,1008.0,26.944444444444443
2016-08-22,30.0,24.777777777777775,1008.2,26.833333333333332
2016-08-21,29.38888888888889,23.000000000000004,1008.5,26.666666666666668
2016-08-20,29.0,24.499999999999996,1009.2,26.11111111111111
2016-08-19,30.0,24.0,1009.5,25.888888888888886
2016-08-17,31.0,24.0,1007.6,26.722222222222218
2016-08-16,30.5,24.0,1007.9,27.722222222222225
2016-08-15,30.0,25.0,1009.0,26.944444444444443
2016-08-12,29.77777777777778,24.0,1011.8,26.333333333333336
2016-08-11,31.0,21.5,1013.0,26.27777777777778
2016-08-10,30.0,21.0,1013.3,25.222222222222225
2016-08-09,31.0,23.000000000000004,1011.0,26.888888888888893
2016-08-08,30.0,24.0,1011.3,26.38888888888889
2016-08-07,29.0,24.0,1011.3,25.611111111111107
2016-08-06,26.999999999999996,24.0,1010.4,25.38888888888889
2016-08-05,28.000000000000004,23.5,1009.7,25.27777777777778
2016-08-04,28.88888888888889,24.0,1008.8,26.722222222222218
2016-08-02,31.22222222222222,25.0,1006.5,27.77777777777778
2016-08-01,31.0,24.0,1007.4,27.88888888888889
2016-07-31,31.0,23.000000000000004,1008.1,27.333333333333332
2016-07-29,31.0,26.0,1007.8,28.77777777777778
2016-07-27,31.5,25.500000000000004,1008.7,27.666666666666668
2016-07-26,32.0,25.0,1008.6,27.77777777777778
2016-07-25,32.0,23.77777777777778,1008.1,27.38888888888889
2016-07-24,31.22222222222222,26.0,1008.6,27.88888888888889
2016-07-23,31.5,23.388888888888886,1007.5,26.999999999999996
2016-07-21,32.0,26.0,1008.2,29.333333333333332
2016-07-20,32.0,24.0,1008.9,27.722222222222225
2016-07-19,31.0,25.38888888888889,1009.4,27.944444444444443
2016-07-18,32.0,25.0,1010.4,29.38888888888889
2016-07-17,30.22222222222222,24.0,1009.9,26.77777777777778
2016-07-16,31.0,15.0,1009.5,27.555555555555554
2016-07-15,31.0,24.0,1009.8,26.888888888888893
2016-07-14,31.0,23.5,1009.5,27.11111111111111
2016-07-13,31.0,25.0,1009.3,27.16666666666667
2016-07-12,30.5,25.0,1009.6,27.22222222222222
2016-07-11,30.0,24.61111111111111,1009.2,27.38888888888889
2016-07-10,30.0,24.0,1010.0,27.11111111111111
2016-07-09,30.0,24.0,1009.9,26.555555555555557
2016-07-08,31.0,26.0,1010.0,28.61111111111111
2016-07-07,31.0,25.500000000000004,1010.8,27.88888888888889
2016-07-06,30.5,25.0,1009.9,27.055555555555557
2016-07-04,30.0,25.500000000000004,1010.9,27.666666666666668
2016-07-03,29.0,23.000000000000004,1012.5,26.444444444444443
2016-07-02,30.5,21.999999999999996,1011.4,25.500000000000004
2016-07-01,31.22222222222222,24.499999999999996,1011.2,27.16666666666667
2016-06-30,32.0,25.0,1010.7,26.888888888888893
2016-06-29,32.5,24.0,1010.5,27.22222222222222
2016-06-28,32.0,25.0,1011.0,27.88888888888889
2016-06-27,32.0,26.0,1010.1,28.000000000000004
2016-06-26,30.5,25.0,1008.8,27.83333333333333
2016-06-25,31.38888888888889,25.0,1009.0,27.16666666666667
2016-06-24,32.0,25.0,1008.2,27.77777777777778
2016-06-23,31.0,25.888888888888886,1007.3,28.61111111111111
2016-06-22,32.0,25.500000000000004,1007.4,28.72222222222222
2016-06-21,31.5,26.0,1006.5,28.666666666666668
2016-06-20,33.0,25.0,1007.9,28.61111111111111
2016-06-19,32.0,26.0,1007.0,29.055555555555557
2016-06-18,32.0,25.0,1006.5,29.166666666666668
2016-06-17,32.0,25.0,1007.8,27.944444444444443
2016-06-16,31.0,24.0,1007.9,27.61111111111111
2016-06-15,31.0,23.000000000000004,1009.9,26.555555555555557
2016-06-14,32.77777777777778,23.000000000000004,1010.5,28.000000000000004
2016-06-13,32.0,24.499999999999996,1010.1,27.83333333333333
2016-06-12,32.5,21.999999999999996,1011.1,26.888888888888893
2016-06-11,31.0,24.499999999999996,1011.5,27.555555555555554
2016-06-10,31.0,26.38888888888889,1012.9,28.166666666666668
2016-06-09,31.0,21.999999999999996,1011.8,27.277777777777775
2016-06-08,30.0,26.0,1012.1,27.666666666666668
2016-06-07,31.0,24.0,1010.3,26.722222222222218
2016-06-06,29.5,24.0,1011.6,26.0
2016-06-05,30.0,24.0,1010.8,26.555555555555557
2016-06-04,29.5,24.222222222222218,1010.1,26.055555555555557
2016-06-03,32.0,25.777777777777782,1009.5,28.61111111111111
2016-05-31,32.611111111111114,26.999999999999996,1009.6,29.22222222222222
2016-05-30,32.0,25.0,1010.3,27.88888888888889
2016-05-29,31.0,25.0,1010.5,28.000000000000004
2016-05-28,32.0,24.0,1010.7,28.111111111111107
2016-05-26,32.0,25.500000000000004,1011.1,28.944444444444443
2016-05-25,30.5,24.0,1010.6,26.888888888888893
2016-05-24,31.0,26.0,1010.0,28.22222222222222
2016-04-19,32.0,25.0,1009.4,28.111111111111107
2016-04-18,31.5,24.499999999999996,1008.7,27.61111111111111
2016-04-15,32.0,25.0,1008.1,28.111111111111107
2016-04-14,33.0,25.0,1009.0,28.666666666666668
2016-04-13,33.0,25.0,1009.0,27.666666666666668
2016-04-12,32.0,25.0,1008.7,27.88888888888889
2016-04-11,32.22222222222222,25.777777777777782,1008.3,28.833333333333332
2016-04-10,32.0,25.0,1008.8,29.333333333333332
2016-04-09,32.388888888888886,24.777777777777775,1008.9,29.5
2016-04-06,30.5,24.499999999999996,1010.8,26.888888888888893
2016-04-05,32.0,25.777777777777782,1010.1,28.333333333333332
2016-04-01,31.5,25.0,1009.3,28.333333333333332
2016-03-31,32.0,25.0,1009.9,28.277777777777782
2016-03-30,31.0,24.0,1010.5,27.61111111111111
2016-03-29,31.0,24.0,1012.1,27.83333333333333
2016-03-28,26.999999999999996,24.0,1013.1,24.66666666666667
2016-03-27,29.0,24.499999999999996,1012.3,26.0
2016-03-25,32.22222222222222,25.0,1010.1,28.61111111111111
2016-03-24,32.0,25.38888888888889,1009.7,29.0
2016-03-23,32.0,25.222222222222225,1009.6,26.944444444444443
2016-03-21,29.0,24.0,1008.1,26.166666666666664
2016-03-20,30.0,24.0,1008.6,26.22222222222222
2016-03-19,33.0,26.0,1006.9,30.055555555555557
2016-03-18,33.22222222222222,26.77777777777778,1006.1,29.666666666666668
2016-03-17,33.0,26.0,1005.6,29.22222222222222
2016-03-16,33.0,25.0,1008.1,29.22222222222222
2016-03-15,30.27777777777778,24.388888888888893,1007.2,28.055555555555557
2016-03-14,32.0,24.0,1008.1,27.277777777777775
2016-03-13,32.0,25.500000000000004,1008.2,28.666666666666668
2016-03-12,33.0,25.0,1008.1,27.722222222222225
2016-03-11,33.0,26.5,1008.7,29.61111111111111
2016-03-10,33.0,26.0,1009.9,28.61111111111111
2016-03-09,32.0,26.0,1009.3,29.72222222222222
2016-03-08,32.22222222222222,25.0,1008.7,28.388888888888886
2016-03-07,32.0,25.0,1009.3,26.77777777777778
2016-03-06,32.0,26.0,1008.6,28.77777777777778
2016-03-05,33.0,25.0,1009.1,29.61111111111111
2016-03-04,31.0,25.38888888888889,1009.1,27.722222222222225
2016-03-03,34.0,25.0,1010.1,28.555555555555557
2016-03-02,33.0,25.0,1010.4,27.88888888888889
2016-03-01,31.0,25.0,1010.3,28.333333333333332
2016-02-29,32.0,25.0,1010.3,27.77777777777778
2016-02-28,31.0,25.500000000000004,1011.0,27.61111111111111
2016-02-27,31.5,20.500000000000004,1009.6,27.277777777777775
2016-02-26,32.0,25.0,1009.5,28.388888888888886
2016-02-25,31.0,24.0,1009.9,27.722222222222225
2016-02-24,33.5,25.0,1009.2,29.22222222222222
2016-02-23,33.111111111111114,23.000000000000004,1008.6,27.333333333333332
2016-02-22,31.5,23.77777777777778,1009.9,27.5
2016-02-21,32.0,24.0,1010.5,29.666666666666668
2016-02-20,32.0,24.499999999999996,1010.7,28.666666666666668
2016-02-19,32.22222222222222,24.0,1010.6,27.83333333333333
2016-02-18,30.0,23.000000000000004,1009.3,25.555555555555557
2016-02-16,30.0,24.0,1009.3,27.11111111111111
2016-02-15,30.0,25.0,1008.7,27.944444444444443
2016-02-14,26.999999999999996,24.388888888888893,1008.4,25.33333333333333
2016-02-13,31.0,23.000000000000004,1008.1,24.27777777777778
2016-02-12,30.0,24.0,1007.5,26.38888888888889
2016-02-10,29.77777777777778,25.0,1006.8,27.88888888888889
2016-02-09,33.0,26.0,1006.7,28.944444444444443
2016-02-08,32.0,26.0,1007.6,29.22222222222222
2016-02-06,33.0,25.888888888888886,1007.8,29.22222222222222
2016-02-05,32.0,19.0,1006.0,28.166666666666668
2016-02-04,35.111111111111114,18.000000000000004,1006.6,29.61111111111111
2016-02-03,33.5,25.500000000000004,1006.1,29.22222222222222
2016-02-01,34.0,25.0,1008.8,28.72222222222222
2016-01-31,31.5,25.500000000000004,1009.0,27.666666666666668
2016-01-30,33.5,26.0,1007.8,28.944444444444443
2016-01-29,33.0,26.0,1008.4,28.555555555555557
2016-01-28,31.0,25.0,1008.8,28.277777777777782
2016-01-26,34.0,26.0,1009.0,29.22222222222222
2016-01-25,34.0,25.0,1009.8,29.166666666666668
2016-01-24,34.5,24.777777777777775,1008.5,29.11111111111111
2016-01-23,32.22222222222222,25.0,1006.9,28.5
2016-01-21,32.0,25.0,1008.7,29.0
2016-01-20,33.388888888888886,25.0,1009.6,28.944444444444443
2016-01-19,33.0,25.777777777777782,1008.8,29.055555555555557
2016-01-17,32.0,26.0,1008.4,29.0
2016-01-16,32.0,26.0,1007.8,28.944444444444443
2016-01-14,33.22222222222222,25.0,1009.1,29.5
2016-01-12,32.0,24.0,1010.6,28.055555555555557
2016-01-11,33.0,25.38888888888889,1009.7,28.833333333333332
2015-12-31,30.0,25.611111111111107,1008.0,28.22222222222222
2015-12-30,33.0,23.61111111111111,1009.1,28.833333333333332
2015-12-29,34.388888888888886,24.0,1008.4,28.944444444444443
2015-12-28,33.27777777777778,25.611111111111107,1008.7,29.72222222222222
2015-12-27,32.0,26.0,1009.8,28.388888888888886
2015-12-26,35.0,26.0,1008.8,30.833333333333332
2015-12-25,32.22222222222222,25.0,1008.2,27.555555555555554
2015-12-24,35.0,25.500000000000004,1007.0,28.61111111111111
2015-12-23,34.0,25.0,1008.2,28.88888888888889
2015-12-22,29.77777777777778,24.499999999999996,1010.9,26.333333333333336
2015-12-20,34.0,24.72222222222222,1008.4,28.22222222222222
2015-12-19,31.0,24.777777777777775,1008.4,26.555555555555557
2015-12-16,33.0,25.0,1006.4,28.22222222222222
2015-12-15,33.0,26.0,1006.0,29.666666666666668
2015-12-14,33.5,25.500000000000004,1007.1,29.22222222222222
2015-12-12,33.22222222222222,26.0,1007.3,28.944444444444443
2015-12-11,32.0,26.999999999999996,1006.8,29.555555555555557
2015-12-10,32.388888888888886,26.0,1008.6,29.77777777777778
2015-12-09,33.0,26.5,1009.3,30.11111111111111
2015-12-08,33.0,26.0,1009.9,30.0
2015-12-07,32.0,26.0,1009.7,28.388888888888886
2015-12-06,32.22222222222222,26.0,1009.6,29.444444444444443
2015-12-04,31.77777777777778,25.0,1009.4,27.77777777777778
2015-12-02,31.27777777777778,25.27777777777778,1008.9,28.72222222222222
2015-12-01,33.0,24.499999999999996,1009.1,28.833333333333332
2015-11-30,33.0,26.0,1008.2,28.666666666666668
2015-11-29,32.0,24.0,1008.2,28.166666666666668
2015-11-28,31.5,24.499999999999996,1009.1,28.111111111111107
2015-11-27,31.0,24.0,1009.0,27.722222222222225
2015-11-26,33.0,25.0,1008.1,28.388888888888886
2015-11-24,32.0,26.999999999999996,1006.1,28.88888888888889
2015-11-23,32.0,23.61111111111111,1007.3,28.22222222222222
2015-11-22,32.0,26.999999999999996,1007.2,28.444444444444443
2015-11-21,31.61111111111111,25.0,1008.0,28.555555555555557
2015-11-19,31.38888888888889,24.777777777777775,1009.0,28.055555555555557
2015-11-18,32.0,26.0,1008.9,27.944444444444443
2015-11-17,32.0,25.500000000000004,1009.1,28.61111111111111
2015-11-16,31.27777777777778,25.0,1008.3,27.944444444444443
2015-11-14,31.38888888888889,25.222222222222225,1007.0,28.055555555555557
2015-11-13,29.77777777777778,26.0,1009.3,27.5
2015-11-11,31.0,24.0,1009.7,27.11111111111111
2015-11-10,34.0,23.000000000000004,1008.9,28.388888888888886
2015-11-09,33.0,25.500000000000004,1008.0,29.055555555555557
2015-11-08,32.0,25.0,1009.1,28.000000000000004
2015-11-07,31.0,20.0,1009.7,28.111111111111107
2015-11-06,30.5,25.38888888888889,1008.6,27.88888888888889
2015-11-05,31.0,25.0,1009.2,27.444444444444446
2015-11-04,32.0,24.0,1009.0,26.5
2015-11-03,31.5,25.0,1007.7,27.555555555555554
2015-10-31,31.22222222222222,25.500000000000004,1009.6,28.22222222222222
2015-10-28,31.5,26.0,1010.8,28.000000000000004
2015-10-27,31.0,25.0,1009.9,27.11111111111111
2015-10-26,32.0,26.0,1010.0,28.111111111111107
2015-10-25,31.27777777777778,25.0,1010.4,27.666666666666668
2015-10-24,32.0,24.61111111111111,1011.7,27.944444444444443
2015-10-23,31.0,25.0,1011.8,27.555555555555554
2015-10-22,30.38888888888889,25.611111111111107,1011.8,27.61111111111111
2015-10-21,31.0,25.777777777777782,1012.2,27.16666666666667
2015-10-20,30.0,24.388888888888893,1012.2,27.055555555555557
2015-10-19,30.38888888888889,25.0,1012.0,26.722222222222218
2015-10-18,30.0,24.0,1012.2,27.22222222222222
2015-10-17,31.0,24.499999999999996,1012.7,27.444444444444446
2015-10-16,30.5,23.22222222222222,1011.4,26.555555555555557
2015-10-15,30.0,24.388888888888893,1011.7,26.38888888888889
2015-10-14,30.0,21.0,1013.3,25.555555555555557
2015-10-13,30.5,21.5,1012.7,26.0
2015-10-12,30.0,22.77777777777778,1013.1,26.055555555555557
2015-10-11,29.27777777777778,23.000000000000004,1013.4,26.0
2015-10-09,31.0,23.388888888888886,1013.7,26.27777777777778
2015-10-08,30.0,25.0,1012.7,27.722222222222225
2015-10-07,30.0,23.000000000000004,1013.1,26.11111111111111
2015-10-06,31.0,21.999999999999996,1012.3,26.27777777777778
2015-10-05,29.0,23.277777777777782,1012.9,26.22222222222222
2015-10-04,29.38888888888889,23.5,1013.5,26.999999999999996
2015-10-03,31.0,24.61111111111111,1013.3,27.83333333333333
2015-10-02,28.5,24.499999999999996,1015.2,26.22222222222222
2015-09-30,30.5,23.61111111111111,1015.0,26.333333333333336
2015-09-29,31.0,24.0,1013.0,27.666666666666668
2015-09-28,31.0,24.0,1011.5,26.666666666666668
2015-09-27,28.388888888888886,23.77777777777778,1010.9,25.777777777777782
2015-09-26,29.5,22.5,1011.6,26.38888888888889
2015-09-24,30.0,24.72222222222222,1010.1,26.444444444444443
2015-09-23,28.5,24.0,1011.1,26.11111111111111
2015-09-22,29.0,22.77777777777778,1012.1,26.22222222222222
2015-09-21,30.0,20.0,1012.0,24.66666666666667
2015-09-20,29.5,20.0,1011.4,24.055555555555557
2015-09-19,29.61111111111111,20.500000000000004,1011.3,25.27777777777778
2015-09-18,28.000000000000004,22.88888888888889,1012.3,25.222222222222225
2015-09-17,30.0,22.77777777777778,1012.8,26.166666666666664
2015-09-16,31.0,24.0,1011.4,26.999999999999996
2015-09-15,30.0,23.000000000000004,1010.5,26.722222222222218
2015-09-14,31.0,25.0,1010.0,26.944444444444443
2015-09-13,30.0,24.0,1011.1,26.611111111111114
2015-09-12,26.999999999999996,24.0,1012.2,25.38888888888889
2015-09-11,29.38888888888889,23.000000000000004,1013.4,25.055555555555554
2015-09-10,30.0,22.5,1014.2,24.333333333333332
2015-09-08,30.0,24.0,1012.7,26.555555555555557
2015-09-07,29.0,24.0,1012.8,26.38888888888889
2015-09-06,29.5,24.222222222222218,1012.9,26.5
2015-09-05,31.22222222222222,21.999999999999996,1012.8,26.166666666666664
2015-09-04,31.0,23.000000000000004,1013.2,26.0
2015-09-03,30.0,22.5,1013.6,25.611111111111107
2015-09-02,30.0,22.5,1013.3,25.27777777777778
2015-09-01,31.0,24.0,1011.9,26.0
2015-08-31,31.0,24.0,1012.6,26.11111111111111
2015-08-30,29.0,24.222222222222218,1012.2,25.888888888888886
2015-08-29,31.0,23.5,1011.9,27.16666666666667
2015-08-28,31.0,24.0,1012.1,26.27777777777778
2015-08-27,30.0,23.000000000000004,1011.9,26.444444444444443
2015-08-26,29.0,21.77777777777778,1012.0,25.888888888888886
2015-08-25,29.0,21.0,1012.6,24.777777777777775
2015-08-24,30.0,23.000000000000004,1011.7,26.333333333333336
2015-08-23,30.0,23.77777777777778,1011.5,26.0
2015-08-22,30.5,24.61111111111111,1012.0,26.555555555555557
2015-08-21,29.0,22.61111111111111,1012.4,25.444444444444443
2015-08-20,28.5,21.999999999999996,1012.7,25.38888888888889
2015-08-19,30.0,22.722222222222225,1012.8,25.611111111111107
2015-08-18,28.5,22.5,1013.1,25.833333333333332
2015-08-17,30.0,22.277777777777775,1013.0,25.33333333333333
2015-08-16,28.000000000000004,21.77777777777778,1013.5,24.111111111111114
2015-08-15,30.0,19.0,1013.9,24.27777777777778
2015-08-14,28.61111111111111,15.0,1014.5,25.11111111111111
2015-08-13,26.999999999999996,21.611111111111114,1014.9,23.944444444444443
2015-08-12,32.0,19.0,1013.7,24.72222222222222
2015-08-11,29.0,19.0,1014.4,23.444444444444443
2015-08-10,29.0,19.61111111111111,1013.8,24.333333333333332
2015-08-09,29.0,18.5,1013.2,24.166666666666668
2015-08-08,28.111111111111107,19.0,1012.9,23.444444444444443
2015-08-07,28.000000000000004,21.0,1012.5,24.72222222222222
2015-08-06,29.22222222222222,20.0,1012.6,24.444444444444443
2015-08-05,31.0,21.5,1011.3,25.666666666666668
2015-08-04,29.0,21.0,1011.9,24.27777777777778
2015-08-03,30.0,19.499999999999996,1012.4,24.88888888888889
2015-08-02,29.0,20.222222222222225,1012.4,24.444444444444443
2015-08-01,29.0,23.000000000000004,1011.3,26.888888888888893
2015-07-31,26.999999999999996,20.0,1012.2,23.666666666666664
2015-07-30,30.0,23.000000000000004,1012.2,26.444444444444443
2015-07-29,29.5,21.0,1010.6,26.055555555555557
2015-07-28,30.0,23.61111111111111,1012.8,25.11111111111111
2015-07-27,30.0,23.000000000000004,1013.1,25.888888888888886
2015-07-26,30.0,23.000000000000004,1012.7,26.333333333333336
2015-07-25,30.0,24.0,1011.8,26.555555555555557
2015-07-24,31.0,23.000000000000004,1011.9,26.0
2015-07-23,31.0,25.222222222222225,1011.3,27.77777777777778
2015-07-22,30.0,24.0,1012.3,26.555555555555557
2015-07-21,30.0,24.111111111111114,1010.9,26.611111111111114
2015-07-20,28.000000000000004,20.0,1011.4,25.666666666666668
2015-07-19,26.999999999999996,23.000000000000004,1012.2,25.055555555555554
2015-07-17,28.000000000000004,23.000000000000004,1013.0,25.33333333333333
2015-07-16,28.61111111111111,23.5,1012.7,25.055555555555554
2015-07-15,26.999999999999996,22.722222222222225,1012.4,24.166666666666668
2015-07-14,28.000000000000004,23.000000000000004,1011.6,24.499999999999996
2015-07-13,29.0,23.388888888888886,1013.2,25.500000000000004
2015-07-12,28.5,21.999999999999996,1013.8,24.944444444444446
2015-07-11,28.388888888888886,23.000000000000004,1013.1,24.833333333333332
2015-07-10,26.999999999999996,24.0,1012.4,25.222222222222225
2015-07-09,28.000000000000004,24.0,1012.0,24.88888888888889
2015-07-08,28.5,16.0,1010.9,25.27777777777778
2015-07-07,28.72222222222222,21.999999999999996,1011.1,24.66666666666667
2015-07-06,29.0,21.999999999999996,1011.6,24.66666666666667
2015-07-05,29.0,23.000000000000004,1012.1,25.444444444444443
2015-07-04,28.000000000000004,20.0,1012.4,23.666666666666664
2015-07-03,29.0,22.5,1011.8,25.0
2015-07-01,28.5,20.500000000000004,1013.9,25.500000000000004
2015-06-30,30.38888888888889,21.38888888888889,1013.1,25.33333333333333
2015-06-29,28.61111111111111,22.38888888888889,1013.3,25.33333333333333
2015-06-28,28.388888888888886,20.777777777777782,1014.6,24.72222222222222
2015-06-27,29.5,23.388888888888886,1013.7,26.0
2015-06-26,28.5,24.0,1013.5,26.444444444444443
2015-06-25,29.5,21.611111111111114,1013.4,25.500000000000004
2015-06-24,30.22222222222222,21.0,1011.9,25.27777777777778
2015-06-23,29.77777777777778,22.5,1011.1,26.27777777777778
2015-06-22,30.0,23.000000000000004,1010.4,26.722222222222218
2015-06-21,30.0,21.999999999999996,1010.1,26.38888888888889
2015-06-20,31.0,23.000000000000004,1009.0,25.888888888888886
2015-06-19,31.0,20.0,1008.3,26.333333333333336
2015-06-18,29.77777777777778,24.499999999999996,1006.9,26.5
2015-06-17,30.22222222222222,25.0,1006.4,26.944444444444443
2015-06-16,30.0,25.0,1007.2,26.27777777777778
2015-06-15,30.38888888888889,24.61111111111111,1007.3,27.333333333333332
2015-06-14,31.0,24.0,1008.3,26.833333333333332
2015-06-13,30.0,23.5,1008.0,26.5
2015-06-11,31.0,24.499999999999996,1008.0,27.38888888888889
2015-06-10,29.61111111111111,25.222222222222225,1008.2,26.944444444444443
2015-06-09,30.11111111111111,25.0,1008.5,26.722222222222218
2015-06-08,30.0,23.5,1008.8,26.055555555555557
2015-06-07,31.0,24.61111111111111,1009.7,26.944444444444443
2015-06-06,30.5,25.0,1010.2,27.277777777777775
2015-06-05,30.0,24.72222222222222,1010.6,26.999999999999996
2015-06-04,31.11111111111111,24.388888888888893,1010.3,27.333333333333332
2015-06-03,30.27777777777778,23.277777777777782,1009.9,26.833333333333332
2015-06-02,30.5,22.277777777777775,1010.2,25.72222222222222
2015-06-01,29.38888888888889,23.277777777777782,1009.8,26.888888888888893
2015-05-31,29.0,21.999999999999996,1011.0,25.11111111111111
2015-05-30,30.61111111111111,23.388888888888886,1010.6,25.777777777777782
2015-05-29,31.22222222222222,24.499999999999996,1009.8,27.333333333333332
2015-05-28,30.0,25.0,1009.6,27.16666666666667
2015-05-26,30.5,25.0,1009.4,27.5
2015-05-25,30.5,24.499999999999996,1011.2,27.277777777777775
2015-05-24,30.0,24.499999999999996,1011.2,26.722222222222218
2015-05-23,28.000000000000004,23.000000000000004,1011.8,24.66666666666667
2015-05-22,30.0,15.5,1012.8,25.72222222222222
2015-05-21,30.0,23.5,1013.2,26.38888888888889
2015-05-20,30.0,21.0,1012.4,26.11111111111111
2015-05-19,31.0,23.77777777777778,1010.8,26.722222222222218
2015-05-18,31.0,24.0,1010.4,27.38888888888889
2015-05-17,29.22222222222222,25.0,1010.9,26.77777777777778
2015-05-16,30.0,24.61111111111111,1010.8,27.11111111111111
2015-05-15,29.0,22.5,1010.6,26.11111111111111
2015-05-14,26.0,24.0,1011.0,25.0
2015-05-13,25.0,23.000000000000004,1010.5,23.88888888888889
2015-05-12,29.0,23.77777777777778,1011.0,25.611111111111107
2015-05-11,25.0,21.999999999999996,1012.5,23.111111111111107
2015-05-10,30.0,23.000000000000004,1011.4,26.38888888888889
2015-05-09,30.0,21.999999999999996,1009.9,26.166666666666664
2015-05-08,30.0,23.000000000000004,1010.3,26.555555555555557
2015-05-07,29.27777777777778,24.0,1010.7,26.22222222222222
2015-05-06,26.999999999999996,23.000000000000004,1009.9,24.777777777777775
2015-05-05,30.0,24.0,1009.0,26.11111111111111
2015-05-04,30.22222222222222,24.499999999999996,1008.4,27.22222222222222
2015-05-03,31.0,26.0,1008.3,28.277777777777782
2015-05-02,30.0,24.0,1009.4,26.888888888888893
2015-05-01,32.27777777777778,24.0,1009.3,26.833333333333332
2015-04-30,30.5,25.0,1009.1,27.22222222222222
2015-04-29,31.0,25.0,1009.6,27.555555555555554
2015-04-28,31.0,25.0,1008.9,27.38888888888889
2015-04-27,31.0,25.0,1009.7,27.61111111111111
2015-04-26,30.0,24.499999999999996,1010.0,27.055555555555557
2015-04-25,30.0,23.5,1009.3,25.666666666666668
2015-04-24,29.5,25.0,1008.1,26.722222222222218
2015-04-23,30.0,24.499999999999996,1008.6,26.444444444444443
2015-04-22,31.0,24.88888888888889,1008.7,26.611111111111114
2015-04-21,31.0,24.0,1007.9,26.555555555555557
2015-04-20,29.0,23.5,1008.0,25.33333333333333
2015-04-19,30.0,24.0,1008.9,26.27777777777778
2015-04-18,31.0,24.499999999999996,1009.1,26.999999999999996
2015-04-16,32.0,26.0,1009.8,29.0
2015-04-15,32.0,24.0,1011.0,28.166666666666668
2015-04-14,30.5,24.0,1010.4,26.77777777777778
2015-04-13,32.611111111111114,23.77777777777778,1009.5,27.444444444444446
2015-04-11,31.5,25.0,1009.4,27.11111111111111
2015-04-10,30.38888888888889,24.0,1009.1,26.77777777777778
2015-04-09,30.11111111111111,23.61111111111111,1008.2,26.5
2015-04-08,31.0,24.0,1008.5,27.83333333333333
2015-04-07,31.0,24.88888888888889,1008.7,27.38888888888889
2015-04-06,31.0,23.000000000000004,1007.9,26.722222222222218
2015-04-05,31.0,24.27777777777778,1006.8,27.722222222222225
2015-04-04,32.0,25.0,1005.4,27.944444444444443
2015-04-03,33.0,26.888888888888893,1005.6,29.22222222222222
2015-04-02,31.61111111111111,25.0,1007.2,27.83333333333333
2015-04-01,32.0,24.0,1007.2,27.722222222222225
2015-03-31,31.0,25.0,1007.7,28.666666666666668
2015-03-30,30.0,25.0,1009.2,27.88888888888889
2015-03-29,31.11111111111111,23.72222222222222,1010.0,27.944444444444443
2015-03-28,31.0,24.0,1010.8,27.333333333333332
2015-03-27,30.22222222222222,23.88888888888889,1011.2,26.333333333333336
2015-03-26,30.5,24.0,1011.5,27.11111111111111
2015-03-25,30.38888888888889,24.0,1011.8,27.61111111111111
2015-03-24,31.0,24.0,1011.6,26.722222222222218
2015-03-23,30.0,24.0,1009.5,26.944444444444443
2015-03-22,31.0,24.0,1008.8,27.055555555555557
2015-03-21,31.0,25.0,1008.9,27.666666666666668
2015-03-20,32.0,25.0,1009.8,28.000000000000004
2015-03-19,32.27777777777778,23.000000000000004,1010.2,27.5
2015-03-18,31.0,23.000000000000004,1009.7,26.611111111111114
2015-03-17,30.0,23.000000000000004,1009.9,26.27777777777778
2015-03-16,26.0,22.5,1009.9,23.555555555555557
2015-03-15,25.0,22.61111111111111,1009.7,23.555555555555557
2015-03-14,32.0,23.000000000000004,1005.9,27.88888888888889
2015-03-13,32.0,23.5,1004.1,27.77777777777778
2015-03-12,31.0,24.388888888888893,1004.6,28.055555555555557
2015-03-11,29.0,22.77777777777778,1005.6,25.944444444444443
2015-03-10,27.5,22.5,1005.9,24.66666666666667
2015-03-09,26.0,23.000000000000004,1006.4,24.222222222222218
2015-03-08,29.0,23.77777777777778,1006.7,26.333333333333336
2015-03-07,30.0,24.0,1006.6,27.333333333333332
2015-03-06,30.0,24.0,1006.3,26.722222222222218
2015-03-05,30.0,24.0,1006.6,26.833333333333332
2015-03-04,29.0,24.72222222222222,1006.6,26.5
2015-03-03,29.0,23.5,1006.4,25.222222222222225
2015-03-01,31.0,23.88888888888889,1007.6,26.611111111111114
2015-02-28,32.0,24.0,1007.4,27.61111111111111
2015-02-27,31.5,24.0,1007.4,27.16666666666667
2015-02-26,32.0,23.000000000000004,1007.6,25.777777777777782
2015-02-25,33.0,24.0,1006.6,27.83333333333333
2015-02-24,30.0,24.499999999999996,1008.5,26.77777777777778
2015-02-23,29.0,24.0,1009.3,25.833333333333332
2015-02-22,31.0,24.0,1010.4,26.333333333333336
2015-02-21,33.0,24.499999999999996,1009.8,28.77777777777778
2015-02-20,34.0,25.0,1007.3,29.055555555555557
2015-02-19,32.22222222222222,25.0,1006.6,28.333333333333332
2015-02-18,31.0,24.0,1006.6,27.333333333333332
2015-02-17,32.0,24.499999999999996,1005.7,27.944444444444443
2015-02-16,33.0,23.77777777777778,1005.6,28.111111111111107
2015-02-15,32.27777777777778,23.5,1006.6,27.055555555555557
2015-02-14,32.5,24.0,1006.3,27.5
2015-02-13,30.0,24.0,1006.3,26.555555555555557
2015-02-12,31.0,24.0,1005.8,26.944444444444443
2015-02-11,29.0,23.5,1006.8,25.666666666666668
2015-02-10,30.0,23.000000000000004,1007.2,25.611111111111107
2015-02-09,30.5,25.0,1008.4,27.277777777777775
2015-02-08,31.0,23.61111111111111,1009.0,27.055555555555557
2015-02-07,30.27777777777778,24.388888888888893,1009.8,27.666666666666668
2015-02-06,30.0,23.5,1009.9,27.277777777777775
2015-02-05,29.27777777777778,23.000000000000004,1009.7,26.055555555555557
2015-02-04,25.0,23.000000000000004,1008.0,23.944444444444443
2015-02-03,32.0,24.0,1006.6,28.555555555555557
2015-02-02,26.999999999999996,23.000000000000004,1008.8,24.72222222222222
2015-02-01,29.38888888888889,23.000000000000004,1008.3,25.500000000000004
2015-01-31,24.0,22.722222222222225,1008.7,23.277777777777782
2015-01-30,32.0,23.000000000000004,1007.2,27.61111111111111
2015-01-29,32.27777777777778,23.5,1006.5,28.111111111111107
2015-01-28,33.22222222222222,23.388888888888886,1005.0,30.0
2015-01-27,33.0,23.72222222222222,1005.1,28.444444444444443
2015-01-26,32.0,23.72222222222222,1007.5,28.166666666666668
2015-01-25,34.27777777777778,25.0,1009.5,28.666666666666668
2015-01-24,34.0,24.0,1010.0,28.111111111111107
2015-01-23,32.0,24.777777777777775,1008.2,28.333333333333332
2015-01-22,31.0,24.499999999999996,1007.7,26.999999999999996
2015-01-21,34.0,24.0,1007.5,28.333333333333332
2015-01-20,33.0,24.0,1010.2,27.83333333333333
2015-01-19,33.0,25.0,1008.4,28.833333333333332
2015-01-18,32.27777777777778,24.0,1009.4,28.22222222222222
2015-01-17,32.0,25.0,1009.5,28.444444444444443
2015-01-16,32.0,24.0,1009.4,27.055555555555557
2015-01-15,32.388888888888886,24.61111111111111,1007.9,28.388888888888886
2015-01-14,32.0,23.000000000000004,1007.1,28.000000000000004
2015-01-13,32.0,24.0,1006.7,27.722222222222225
2015-01-12,28.5,22.61111111111111,1006.1,25.11111111111111
2015-01-11,24.88888888888889,23.000000000000004,1006.9,23.88888888888889
2015-01-10,33.0,23.388888888888886,1007.4,26.999999999999996
2015-01-09,32.0,23.000000000000004,1006.2,26.611111111111114
2015-01-08,29.0,23.5,1005.7,25.611111111111107
2015-01-07,31.0,23.72222222222222,1005.1,27.333333333333332
2015-01-06,33.0,23.72222222222222,1004.8,27.83333333333333
2015-01-05,28.77777777777778,23.77777777777778,1006.4,25.777777777777782
2015-01-04,32.0,24.0,1005.9,27.11111111111111
2015-01-03,32.0,24.0,1007.2,27.444444444444446
2015-01-02,31.27777777777778,24.0,1008.5,26.888888888888893
2014-12-31,33.0,25.0,1006.1,28.77777777777778
2014-12-30,33.0,25.0,1006.0,28.944444444444443
2014-12-29,33.0,25.0,1005.5,28.72222222222222
2014-12-28,33.111111111111114,26.0,1005.1,30.22222222222222
2014-12-27,31.0,25.0,1006.6,27.944444444444443
2014-12-26,32.0,25.72222222222222,1005.3,29.22222222222222
2014-12-25,32.0,26.11111111111111,1006.2,29.333333333333332
2014-12-23,33.0,25.0,1006.6,28.944444444444443
2014-12-22,33.0,26.0,1006.3,29.166666666666668
2014-12-21,33.0,23.88888888888889,1007.7,27.277777777777775
2014-12-20,32.0,25.500000000000004,1007.9,28.166666666666668
2014-12-19,33.0,26.0,1008.2,29.055555555555557
2014-12-18,34.0,26.0,1008.4,29.22222222222222
2014-12-17,33.0,25.0,1007.2,29.444444444444443
2014-12-16,33.0,24.777777777777775,1006.9,28.555555555555557
2014-12-15,30.0,23.000000000000004,1009.4,25.555555555555557
2014-12-13,33.0,26.0,1007.8,29.11111111111111
2014-12-12,33.0,24.88888888888889,1008.6,28.166666666666668
2014-12-11,33.0,24.72222222222222,1007.8,28.111111111111107
2014-12-10,32.0,25.0,1008.0,28.277777777777782
2014-12-09,32.0,24.0,1009.7,26.999999999999996
2014-12-08,33.0,24.0,1008.4,27.666666666666668
2014-12-07,33.0,25.0,1007.3,27.61111111111111
2014-12-06,32.0,24.72222222222222,1006.1,28.72222222222222
2014-12-05,33.0,26.5,1007.1,29.666666666666668
2014-12-04,32.0,25.500000000000004,1007.6,28.055555555555557
2014-12-03,32.0,24.0,1007.7,27.722222222222225
2014-12-02,31.0,24.0,1008.1,27.666666666666668
2014-12-01,32.0,23.000000000000004,1006.4,27.5
2014-11-30,31.0,24.61111111111111,1006.7,28.000000000000004
2014-11-29,31.0,23.88888888888889,1006.9,27.11111111111111
2014-11-28,31.22222222222222,25.0,1007.5,28.333333333333332
2014-11-27,32.0,25.0,1006.3,27.944444444444443
2014-11-25,31.0,24.0,1006.4,27.333333333333332
2014-11-24,30.0,24.499999999999996,1006.4,27.16666666666667
2014-11-23,29.88888888888889,24.388888888888893,1008.7,26.27777777777778
2014-11-22,32.0,25.0,1007.4,28.111111111111107
2014-11-21,32.0,25.0,1007.2,28.5
2014-11-20,32.0,25.611111111111107,1008.1,28.444444444444443
2014-11-19,31.0,23.000000000000004,1009.2,26.22222222222222
2014-11-18,33.0,23.000000000000004,1009.7,27.77777777777778
2014-11-17,32.0,25.0,1008.2,28.055555555555557
2014-11-16,31.77777777777778,25.0,1007.6,27.11111111111111
2014-11-15,31.0,25.0,1009.1,27.83333333333333
2014-11-14,32.0,26.0,1008.6,28.444444444444443
2014-11-13,30.0,25.0,1009.2,27.77777777777778
2014-11-12,32.0,25.0,1008.1,27.944444444444443
2014-11-11,32.0,25.0,1008.6,27.944444444444443
2014-11-10,32.0,26.0,1007.9,28.111111111111107
2014-11-09,31.0,25.0,1009.8,27.61111111111111
2014-11-08,31.22222222222222,24.0,1010.0,26.944444444444443
2014-11-07,31.0,22.5,1010.9,26.27777777777778
2014-11-05,32.0,23.77777777777778,1009.6,26.999999999999996
2014-11-04,33.0,25.500000000000004,1010.0,28.277777777777782
2014-11-03,31.0,25.888888888888886,1010.5,28.22222222222222
2014-11-02,32.0,26.0,1009.2,28.72222222222222
2014-11-01,31.0,25.0,1008.6,27.61111111111111
2014-10-31,31.0,24.0,1008.1,27.22222222222222
2014-10-30,31.5,25.0,1008.5,27.666666666666668
2014-10-29,31.5,24.0,1009.4,27.055555555555557
2014-10-28,32.0,24.0,1009.5,27.333333333333332
2014-10-27,30.0,23.000000000000004,1010.3,26.5
2014-10-26,30.0,22.5,1010.8,26.055555555555557
2014-10-25,30.0,24.0,1010.7,26.722222222222218
2014-10-24,31.0,24.0,1011.0,26.5
2014-10-23,31.0,24.0,1011.0,26.666666666666668
2014-10-22,31.0,24.0,1011.1,26.77777777777778
2014-10-21,32.0,25.0,1010.6,27.333333333333332
2014-10-20,30.0,25.500000000000004,1009.6,27.11111111111111
2014-10-19,30.0,24.388888888888893,1010.5,26.888888888888893
2014-10-18,30.0,25.38888888888889,1010.1,27.16666666666667
2014-10-17,31.11111111111111,25.500000000000004,1010.5,26.833333333333332
2014-10-16,30.38888888888889,25.0,1010.0,27.11111111111111
2014-10-15,29.72222222222222,24.0,1011.2,27.055555555555557
2014-10-14,30.5,21.999999999999996,1011.7,25.611111111111107
2014-10-13,29.88888888888889,21.27777777777778,1011.7,25.222222222222225
2014-10-12,31.0,23.72222222222222,1010.8,27.61111111111111
2014-10-11,30.0,24.0,1011.4,26.27777777777778
2014-10-10,30.11111111111111,24.0,1009.6,26.833333333333332
2014-10-09,30.0,24.0,1009.3,26.555555555555557
2014-10-08,29.11111111111111,24.0,1010.3,26.22222222222222
2014-10-07,29.0,21.0,1010.3,24.944444444444446
2014-10-06,29.0,24.0,1009.7,25.666666666666668
2014-10-05,31.0,24.0,1009.0,26.833333333333332
2014-10-03,29.0,24.0,1008.2,26.055555555555557
2014-10-02,28.000000000000004,23.000000000000004,1009.7,24.88888888888889
2014-10-01,29.0,23.000000000000004,1010.4,25.33333333333333
2014-09-30,30.0,22.61111111111111,1011.2,25.888888888888886
2014-09-29,30.0,21.0,1010.5,25.33333333333333
2014-09-28,28.61111111111111,22.77777777777778,1011.3,25.27777777777778
2014-09-26,30.0,24.0,1009.3,26.11111111111111
2014-09-25,28.000000000000004,24.0,1010.5,25.611111111111107
2014-09-24,31.0,23.61111111111111,1010.8,26.11111111111111
2014-09-23,30.0,25.0,1009.1,26.999999999999996
2014-09-22,29.38888888888889,24.61111111111111,1009.8,26.888888888888893
2014-09-21,28.000000000000004,24.388888888888893,1010.3,26.11111111111111
2014-09-20,27.5,24.27777777777778,1009.9,25.444444444444443
2014-09-19,28.5,24.111111111111114,1011.4,25.72222222222222
2014-09-18,28.000000000000004,24.0,1011.8,25.27777777777778
2014-09-17,28.277777777777782,23.61111111111111,1011.7,24.944444444444446
2014-09-16,27.5,23.88888888888889,1010.3,25.33333333333333
2014-09-15,28.111111111111107,23.22222222222222,1009.9,24.88888888888889
2014-09-14,25.777777777777782,23.388888888888886,1010.2,24.27777777777778
2014-09-13,28.22222222222222,23.22222222222222,1011.0,25.27777777777778
2014-09-12,29.72222222222222,21.722222222222218,1011.6,24.944444444444446
2014-09-11,25.38888888888889,20.611111111111107,1012.4,23.555555555555557
2014-09-10,29.72222222222222,21.611111111111114,1011.5,25.33333333333333
2014-09-09,30.5,22.5,1011.5,25.944444444444443
2014-09-08,32.5,23.88888888888889,1011.3,26.27777777777778
2014-09-07,27.22222222222222,23.5,1012.1,25.27777777777778
2014-09-06,29.0,23.77777777777778,1011.7,24.833333333333332
2014-09-05,28.388888888888886,24.111111111111114,1009.6,26.11111111111111
2014-09-04,29.22222222222222,23.88888888888889,1009.8,25.666666666666668
2014-09-03,28.61111111111111,24.72222222222222,1009.0,26.055555555555557
2014-09-02,29.22222222222222,24.499999999999996,1010.1,26.333333333333336
2014-09-01,29.0,24.388888888888893,1009.5,25.888888888888886
2014-08-31,27.11111111111111,24.0,1009.6,24.88888888888889
2014-08-30,28.000000000000004,23.5,1009.9,25.11111111111111
2014-08-29,28.5,23.5,1009.5,25.27777777777778
2014-08-28,29.0,23.88888888888889,1010.2,25.833333333333332
2014-08-27,29.0,24.0,1010.2,25.611111111111107
2014-08-26,28.277777777777782,23.77777777777778,1009.6,24.72222222222222
2014-08-25,26.999999999999996,23.000000000000004,1010.2,24.444444444444443
2014-08-24,30.0,24.0,1009.9,26.27777777777778
2014-08-23,30.0,24.499999999999996,1010.1,26.444444444444443
2014-08-22,30.0,23.5,1010.4,26.0
2014-08-21,30.0,24.0,1010.6,26.0
2014-08-20,29.0,23.77777777777778,1010.7,25.888888888888886
2014-08-19,29.0,24.0,1011.4,25.833333333333332
2014-08-18,30.0,24.88888888888889,1011.5,26.666666666666668
2014-08-17,29.22222222222222,25.0,1010.7,26.77777777777778
2014-08-16,32.0,24.0,1009.6,27.055555555555557
2014-08-15,30.0,23.000000000000004,1010.4,26.166666666666664
2014-08-14,31.5,23.000000000000004,1011.0,26.722222222222218
2014-08-13,29.22222222222222,24.499999999999996,1010.3,26.5
2014-08-12,28.000000000000004,24.0,1010.7,25.611111111111107
2014-08-11,31.0,23.72222222222222,1010.1,26.055555555555557
2014-08-10,29.0,24.499999999999996,1010.7,26.22222222222222
2014-08-09,30.22222222222222,23.000000000000004,1011.3,25.888888888888886
2014-08-08,30.0,23.000000000000004,1010.7,26.38888888888889
2014-08-07,30.0,24.0,1010.7,26.27777777777778
2014-08-06,29.0,23.88888888888889,1010.6,26.38888888888889
2014-08-05,31.0,24.0,1011.4,26.555555555555557
2014-08-04,29.0,23.000000000000004,1012.1,26.166666666666664
2014-08-03,29.0,23.000000000000004,1012.0,26.166666666666664
2014-08-02,31.0,24.0,1011.8,27.38888888888889
2014-08-01,31.0,23.72222222222222,1011.9,26.333333333333336
2014-07-31,31.0,24.0,1011.2,26.999999999999996
2014-07-30,31.0,23.000000000000004,1011.5,25.72222222222222
2014-07-29,30.0,24.0,1012.2,26.333333333333336
2014-07-28,31.0,23.000000000000004,1011.1,26.5
2014-07-27,31.0,23.77777777777778,1011.8,26.27777777777778
2014-07-26,30.0,21.0,1013.5,25.500000000000004
2014-07-25,30.0,23.000000000000004,1013.3,25.33333333333333
2014-07-24,29.0,21.0,1011.4,25.944444444444443
2014-07-23,29.0,21.0,1010.6,25.0
2014-07-22,28.111111111111107,21.0,1011.8,24.555555555555557
2014-07-21,28.111111111111107,21.999999999999996,1012.8,24.88888888888889
2014-07-20,30.0,23.88888888888889,1011.3,25.777777777777782
2014-07-19,29.22222222222222,23.000000000000004,1011.1,25.444444444444443
2014-07-18,29.0,21.0,1011.5,25.27777777777778
2014-07-17,30.0,24.0,1010.5,26.22222222222222
2014-07-16,30.0,21.888888888888893,1010.7,26.0
2014-07-15,32.0,23.77777777777778,1009.1,26.611111111111114
2014-07-14,29.0,24.0,1009.8,26.0
2014-07-13,27.5,23.000000000000004,1010.0,24.944444444444446
2014-07-12,28.000000000000004,24.0,1012.0,26.11111111111111
2014-07-10,28.000000000000004,23.000000000000004,1010.9,25.055555555555554
2014-07-09,28.000000000000004,24.0,1009.8,25.38888888888889
2014-07-08,28.000000000000004,24.499999999999996,1009.0,25.444444444444443
2014-07-07,28.388888888888886,24.222222222222218,1008.7,25.944444444444443
2014-07-04,30.0,24.0,1010.0,26.27777777777778
2014-07-03,29.0,21.999999999999996,1009.5,25.777777777777782
2014-07-02,26.999999999999996,24.0,1010.3,25.166666666666668
2014-07-01,29.0,24.0,1010.5,25.833333333333332
2014-06-29,29.0,25.0,1009.5,27.277777777777775
2014-06-27,31.0,23.77777777777778,1009.6,27.16666666666667
2014-06-26,29.0,23.000000000000004,1011.3,25.666666666666668
2014-06-25,29.5,24.0,1012.5,25.666666666666668
2014-06-24,29.0,23.000000000000004,1010.4,26.38888888888889
2014-06-23,30.5,24.499999999999996,1010.7,26.555555555555557
2014-06-22,29.38888888888889,24.0,1011.3,26.555555555555557
2014-06-21,30.11111111111111,25.0,1009.7,26.944444444444443
2014-06-20,28.388888888888886,26.0,1010.8,27.333333333333332
2014-06-19,32.0,24.27777777777778,1008.5,28.666666666666668
2014-06-17,30.0,25.888888888888886,1009.8,27.83333333333333
2014-06-16,32.0,24.0,1009.3,27.38888888888889
2014-06-15,32.0,24.0,1008.5,27.61111111111111
2014-06-14,30.0,25.0,1008.7,27.22222222222222
2014-06-13,30.0,26.0,1008.5,27.555555555555554
2014-06-12,30.0,24.0,1007.5,26.722222222222218
2014-06-11,29.22222222222222,24.88888888888889,1007.0,27.333333333333332
2014-06-10,29.0,23.5,1006.3,26.27777777777778
2014-06-09,25.0,21.999999999999996,1007.9,23.833333333333336
2014-06-08,32.0,23.000000000000004,1006.7,26.611111111111114
2014-06-06,32.0,24.777777777777775,1006.0,27.555555555555554
2014-06-05,32.0,25.0,1006.0,27.944444444444443
2014-06-04,32.0,24.499999999999996,1006.7,28.000000000000004
2014-06-03,31.0,25.0,1007.7,28.5
2014-06-02,31.0,24.0,1007.4,26.944444444444443
2014-06-01,28.000000000000004,24.0,1007.8,26.055555555555557
2014-05-31,31.22222222222222,24.0,1007.3,28.166666666666668
2014-05-30,32.0,23.000000000000004,1007.5,27.38888888888889
2014-05-29,31.0,24.0,1008.2,27.444444444444446
2014-05-27,32.0,24.88888888888889,1008.6,27.555555555555554
2014-05-26,32.0,24.0,1010.2,27.61111111111111
2014-05-25,33.0,25.0,1010.1,28.000000000000004
2014-05-24,31.0,25.0,1009.3,27.555555555555554
2014-05-23,30.0,24.0,1009.8,26.722222222222218
2014-05-22,31.11111111111111,25.0,1008.9,27.555555555555554
2014-05-21,30.0,25.0,1008.6,27.333333333333332
2014-05-20,31.11111111111111,24.0,1008.9,27.22222222222222
2014-05-19,31.0,24.0,1009.1,27.16666666666667
2014-05-18,31.0,25.0,1008.2,27.277777777777775
2014-05-17,32.0,24.61111111111111,1008.9,28.333333333333332
2014-05-16,32.0,25.0,1008.9,28.111111111111107
2014-05-15,31.0,24.88888888888889,1007.1,28.000000000000004
2014-05-13,31.0,25.500000000000004,1008.3,28.22222222222222
2014-05-12,31.38888888888889,25.0,1009.6,28.61111111111111
2014-05-11,32.0,25.500000000000004,1008.9,28.72222222222222
2014-05-10,32.0,24.0,1008.6,28.388888888888886
2014-05-09,31.11111111111111,25.0,1008.4,28.944444444444443
2014-05-08,32.0,24.88888888888889,1008.3,28.22222222222222
2014-05-07,31.0,26.0,1008.5,28.5
2014-05-06,31.0,24.0,1010.5,26.555555555555557
2014-05-05,31.0,23.000000000000004,1011.5,27.22222222222222
2014-05-02,28.5,23.000000000000004,1009.9,24.833333333333332
2014-04-30,30.0,23.000000000000004,1009.7,26.38888888888889
2014-04-29,31.0,23.000000000000004,1009.2,26.722222222222218
2014-04-28,31.0,23.000000000000004,1009.6,27.16666666666667
2014-04-27,31.0,23.000000000000004,1009.6,27.77777777777778
2014-04-26,31.0,24.499999999999996,1008.8,27.38888888888889
2014-04-25,31.0,24.0,1008.9,26.77777777777778
2014-04-24,31.0,25.0,1007.1,27.22222222222222
2014-04-23,31.0,24.0,1007.5,28.055555555555557
2014-04-22,31.0,24.0,1008.0,27.055555555555557
2014-04-20,31.0,24.499999999999996,1006.6,27.722222222222225
2014-04-19,31.0,23.000000000000004,1007.8,26.22222222222222
2014-04-18,30.0,24.0,1008.4,25.888888888888886
2014-04-17,31.0,24.0,1008.5,26.5
2014-04-15,30.0,22.61111111111111,1009.0,25.444444444444443
2014-04-14,32.0,24.777777777777775,1008.8,26.888888888888893
2014-04-13,31.22222222222222,25.0,1007.6,28.000000000000004
2014-04-11,29.0,24.0,1005.7,25.888888888888886
2014-04-10,26.0,23.5,1006.0,24.055555555555557
2014-04-09,30.0,23.72222222222222,1006.0,25.555555555555557
2014-04-08,31.0,25.0,1006.6,27.666666666666668
2014-04-07,31.0,23.88888888888889,1007.3,27.055555555555557
2014-04-06,32.0,23.61111111111111,1008.4,27.5
2014-04-05,32.0,24.777777777777775,1008.3,27.77777777777778
2014-04-04,31.0,24.499999999999996,1008.6,27.88888888888889
2014-04-03,31.11111111111111,24.0,1007.4,27.5
2014-04-01,30.0,24.0,1006.5,26.77777777777778
2014-03-31,31.61111111111111,25.0,1007.0,27.666666666666668
2014-03-30,32.72222222222222,26.0,1007.8,28.666666666666668
2014-03-29,31.0,26.722222222222218,1008.1,29.055555555555557
2014-03-28,31.22222222222222,25.777777777777782,1008.8,27.944444444444443
2014-03-27,32.0,26.0,1008.0,29.5
2014-03-26,32.0,24.0,1009.4,27.944444444444443
2014-03-25,32.0,23.77777777777778,1009.1,27.5
2014-03-24,30.0,25.0,1008.0,27.944444444444443
2014-03-23,31.0,24.0,1008.5,27.11111111111111
2014-03-22,32.0,25.0,1006.1,28.277777777777782
2014-03-21,32.0,24.0,1006.2,27.944444444444443
2014-03-20,32.0,24.0,1006.0,27.11111111111111
2014-03-19,31.0,24.222222222222218,1007.2,27.555555555555554
2014-03-18,31.0,23.5,1009.0,27.16666666666667
2014-03-17,30.0,23.000000000000004,1010.7,25.38888888888889
2014-03-16,30.0,24.0,1010.8,26.77777777777778
2014-03-15,32.0,23.000000000000004,1009.9,26.38888888888889
2014-03-14,32.0,24.0,1009.5,27.77777777777778
2014-03-13,32.0,24.0,1009.4,27.5
2014-03-12,30.0,23.72222222222222,1008.8,26.722222222222218
2014-03-11,30.0,24.0,1009.9,26.666666666666668
2014-03-10,32.0,23.000000000000004,1008.9,26.27777777777778
2014-03-09,31.0,25.0,1008.5,27.11111111111111
2014-03-08,30.0,24.0,1006.8,26.833333333333332
2014-03-07,26.0,23.61111111111111,1008.1,24.777777777777775
2014-03-06,29.0,23.000000000000004,1007.2,25.055555555555554
2014-03-05,30.0,24.0,1007.2,26.666666666666668
2014-03-04,31.0,23.000000000000004,1008.4,26.722222222222218
2014-03-02,28.000000000000004,23.000000000000004,1008.1,24.833333333333332
2014-03-01,29.77777777777778,23.000000000000004,1008.5,26.055555555555557
2014-02-28,26.999999999999996,22.88888888888889,1008.5,23.666666666666664
2014-02-27,30.0,23.5,1009.2,25.833333333333332
2014-02-26,28.388888888888886,23.88888888888889,1009.3,26.11111111111111
2014-02-25,29.5,23.22222222222222,1008.4,26.22222222222222
2014-02-24,29.0,23.000000000000004,1009.3,24.333333333333332
2014-02-22,30.38888888888889,24.0,1006.5,26.722222222222218
2014-02-20,33.0,22.77777777777778,1007.4,27.666666666666668
2014-02-19,32.0,23.5,1008.0,27.77777777777778
2014-02-18,33.0,24.0,1007.5,27.77777777777778
2014-02-17,34.0,24.0,1006.7,27.61111111111111
2014-02-16,32.0,23.000000000000004,1007.7,27.22222222222222
2014-02-15,26.999999999999996,23.000000000000004,1007.9,24.72222222222222
2014-02-14,31.0,24.0,1006.1,26.833333333333332
2014-02-13,29.0,24.777777777777775,1006.7,26.555555555555557
2014-02-12,32.0,24.88888888888889,1006.7,28.111111111111107
2014-02-11,31.0,24.0,1005.2,26.888888888888893
2014-02-10,31.0,23.61111111111111,1004.4,26.0
2014-02-09,31.5,23.77777777777778,1006.0,26.611111111111114
2014-02-08,33.388888888888886,25.0,1006.2,29.666666666666668
2014-02-07,33.0,24.499999999999996,1004.3,28.444444444444443
2014-02-06,33.0,24.0,1005.0,29.0
2014-02-05,32.0,25.0,1006.3,28.388888888888886
2014-02-04,33.388888888888886,24.0,1005.1,28.166666666666668
2014-02-02,35.0,24.499999999999996,1005.1,28.555555555555557
2014-02-01,30.0,24.777777777777775,1005.6,26.77777777777778
2014-01-31,34.0,25.500000000000004,1005.7,30.555555555555557
2014-01-30,31.0,21.999999999999996,1005.4,27.444444444444446
2014-01-29,30.88888888888889,22.61111111111111,1004.3,27.555555555555554
2014-01-28,30.0,23.000000000000004,1004.3,25.888888888888886
2014-01-27,32.0,23.22222222222222,1004.5,26.333333333333336
2014-01-26,29.5,23.72222222222222,1005.6,26.055555555555557
2014-01-25,28.22222222222222,23.000000000000004,1006.6,24.833333333333332
2014-01-23,27.77777777777778,23.000000000000004,1008.2,24.61111111111111
2014-01-19,28.388888888888886,23.72222222222222,1008.5,25.611111111111107
2014-01-17,28.22222222222222,23.77777777777778,1007.0,25.27777777777778
2014-01-16,31.0,26.77777777777778,1006.0,28.833333333333332
2014-01-15,30.38888888888889,24.88888888888889,1006.3,28.333333333333332
2014-01-14,32.0,24.0,1005.9,27.666666666666668
2014-01-13,32.388888888888886,25.0,1004.5,27.944444444444443
2014-01-12,31.0,24.72222222222222,1005.6,27.5
2014-01-10,31.0,25.0,1006.6,28.000000000000004
2014-01-09,32.0,23.61111111111111,1006.2,26.27777777777778
2014-01-08,31.0,24.0,1005.5,27.11111111111111
2014-01-07,34.0,25.0,1005.1,29.22222222222222
2014-01-06,35.0,25.0,1005.8,29.72222222222222
2014-01-05,34.388888888888886,24.0,1006.3,28.944444444444443
2014-01-04,33.0,24.0,1006.0,28.277777777777782
2014-01-03,33.5,25.0,1007.4,30.11111111111111
2014-01-01,33.0,24.0,1007.4,29.0
2013-12-31,32.0,24.0,1007.4,27.722222222222225
2013-12-30,32.0,25.0,1008.5,28.22222222222222
2013-12-29,32.22222222222222,21.999999999999996,1009.0,27.333333333333332
2013-12-28,31.0,23.000000000000004,1008.3,27.055555555555557
2013-12-27,31.0,25.0,1006.8,28.5
2013-12-26,31.0,23.000000000000004,1007.7,25.500000000000004
2013-12-25,32.0,23.61111111111111,1007.6,28.166666666666668
2013-12-24,32.0,25.0,1007.5,28.22222222222222
2013-12-23,29.0,23.61111111111111,1008.3,26.27777777777778
2013-12-22,31.11111111111111,24.72222222222222,1007.1,26.722222222222218
2013-12-20,31.0,24.0,1007.6,26.722222222222218
2013-12-19,31.0,24.0,1006.4,26.999999999999996
2013-12-18,33.0,25.611111111111107,1005.5,29.22222222222222
2013-12-17,31.38888888888889,25.0,1004.8,29.0
2013-12-16,32.0,25.0,1005.6,28.72222222222222
2013-12-15,32.0,23.77777777777778,1006.4,27.16666666666667
2013-12-14,31.0,25.0,1006.6,28.22222222222222
2013-12-12,30.22222222222222,25.0,1006.0,27.333333333333332
2013-12-11,32.0,26.999999999999996,1004.8,30.0
2013-12-10,31.5,25.0,1004.9,28.61111111111111
2013-12-09,31.0,24.72222222222222,1005.6,27.555555555555554
2013-12-08,30.0,24.88888888888889,1007.1,26.722222222222218
2013-12-07,31.0,25.500000000000004,1006.5,28.444444444444443
2013-12-06,30.0,25.0,1006.8,27.83333333333333
2013-12-05,31.11111111111111,24.0,1005.7,26.944444444444443
2013-12-04,29.0,25.0,1005.3,26.944444444444443
2013-12-03,28.000000000000004,24.499999999999996,1006.0,25.833333333333332
2013-12-02,31.0,23.000000000000004,1006.2,25.444444444444443
2013-12-01,32.0,24.61111111111111,1008.6,28.055555555555557
2013-11-30,32.0,24.0,1008.3,27.944444444444443
2013-11-29,31.38888888888889,24.61111111111111,1008.6,28.22222222222222
2013-11-28,33.0,25.0,1008.3,28.72222222222222
2013-11-27,34.0,24.0,1007.1,29.22222222222222
2013-11-26,32.0,25.0,1006.7,28.166666666666668
2013-11-25,32.388888888888886,24.777777777777775,1006.8,27.944444444444443
2013-11-24,31.0,24.0,1007.5,26.22222222222222
2013-11-23,32.22222222222222,25.500000000000004,1006.2,29.22222222222222
2013-11-22,32.0,25.0,1006.6,27.666666666666668
2013-11-21,30.0,24.0,1006.9,26.611111111111114
2013-11-20,32.0,25.0,1007.3,28.055555555555557
2013-11-19,33.0,24.0,1008.0,29.055555555555557
2013-11-18,33.0,24.0,1006.8,28.000000000000004
2013-11-17,32.0,23.77777777777778,1006.2,27.333333333333332
2013-11-16,32.0,25.500000000000004,1006.0,29.11111111111111
2013-11-15,30.0,24.0,1007.8,26.611111111111114
2013-11-14,32.111111111111114,24.88888888888889,1007.7,27.77777777777778
2013-11-13,33.0,24.61111111111111,1005.6,29.0
2013-11-12,33.0,26.0,1004.9,28.88888888888889
2013-11-11,31.0,24.0,1005.5,27.444444444444446
2013-11-10,32.0,24.0,1005.9,26.611111111111114
2013-11-09,31.0,25.0,1005.9,27.83333333333333
2013-11-08,32.0,24.0,1006.6,26.888888888888893
2013-11-07,31.0,25.0,1006.4,27.38888888888889
2013-11-06,32.0,26.0,1006.8,28.333333333333332
2013-11-05,31.0,25.0,1007.9,27.722222222222225
2013-11-04,32.388888888888886,23.88888888888889,1008.3,27.444444444444446
2013-11-03,31.0,24.0,1009.2,26.944444444444443
2013-11-02,31.0,21.999999999999996,1009.1,26.611111111111114
2013-11-01,29.0,23.000000000000004,1009.4,25.888888888888886
2013-10-31,31.0,24.0,1009.3,26.333333333333336
2013-10-29,32.0,24.0,1010.4,26.27777777777778
2013-10-28,32.0,25.0,1009.8,27.722222222222225
2013-10-27,31.5,23.000000000000004,1010.3,26.999999999999996
2013-10-26,32.0,24.0,1010.7,27.722222222222225
2013-10-24,33.0,25.500000000000004,1008.9,28.111111111111107
2013-10-23,31.11111111111111,26.0,1008.2,28.61111111111111
2013-10-22,32.0,25.0,1007.4,28.111111111111107
2013-10-21,32.0,25.0,1006.8,28.111111111111107
2013-10-20,33.0,24.0,1006.9,27.944444444444443
2013-10-19,32.0,26.77777777777778,1007.0,29.11111111111111
2013-10-18,32.0,24.0,1009.1,27.16666666666667
2013-10-17,32.0,25.0,1010.7,27.88888888888889
2013-10-16,33.0,23.000000000000004,1010.5,27.555555555555554
2013-10-15,32.0,26.0,1010.9,28.277777777777782
2013-10-14,32.0,25.0,1010.7,28.61111111111111
2013-10-13,32.0,23.000000000000004,1008.6,27.944444444444443
2013-10-12,31.0,25.0,1007.4,28.055555555555557
2013-10-11,30.0,24.0,1007.3,26.888888888888893
2013-10-10,30.0,25.0,1008.4,27.88888888888889
2013-10-09,28.000000000000004,24.0,1009.5,25.777777777777782
2013-10-08,30.0,23.77777777777778,1009.0,25.833333333333332
2013-10-07,30.0,25.0,1007.7,26.722222222222218
2013-10-06,29.0,24.0,1007.1,27.11111111111111
2013-10-05,30.11111111111111,23.72222222222222,1008.8,26.5
2013-10-04,29.0,24.0,1009.3,25.777777777777782
2013-10-03,31.0,23.000000000000004,1008.8,25.222222222222225
2013-10-02,30.0,24.88888888888889,1009.0,26.944444444444443
2013-10-01,31.0,24.0,1009.4,26.77777777777778
2013-09-30,29.11111111111111,24.0,1008.8,26.944444444444443
2013-09-29,30.0,23.000000000000004,1008.4,26.944444444444443
2013-09-28,30.0,25.0,1008.4,26.833333333333332
2013-09-27,30.38888888888889,24.0,1009.4,26.722222222222218
2013-09-26,30.0,23.000000000000004,1010.5,26.77777777777778
2013-09-25,30.38888888888889,24.0,1010.7,26.77777777777778
2013-09-24,30.27777777777778,23.000000000000004,1009.4,26.722222222222218
2013-09-23,29.0,24.88888888888889,1009.7,26.444444444444443
2013-09-22,28.000000000000004,23.000000000000004,1009.6,25.33333333333333
2013-09-21,32.0,24.0,1007.7,27.333333333333332
2013-09-20,30.11111111111111,25.0,1006.9,27.277777777777775
2013-09-18,31.0,25.0,1008.0,27.277777777777775
2013-09-17,31.0,23.000000000000004,1007.6,26.5
2013-09-15,31.0,23.77777777777778,1007.7,27.38888888888889
2013-09-14,32.0,25.0,1008.1,27.77777777777778
2013-09-13,30.0,24.777777777777775,1009.6,27.16666666666667
2013-09-12,31.0,24.0,1010.2,27.277777777777775
2013-09-11,31.0,24.0,1009.4,27.333333333333332
2013-09-10,31.0,23.000000000000004,1008.8,26.22222222222222
2013-09-09,30.38888888888889,24.0,1008.9,26.944444444444443
2013-09-08,31.0,24.88888888888889,1010.6,27.16666666666667
2013-09-07,30.0,24.0,1011.2,26.555555555555557
2013-09-06,30.0,21.999999999999996,1010.4,25.777777777777782
2013-09-05,30.0,21.999999999999996,1011.9,25.888888888888886
2013-09-04,30.0,22.5,1011.2,27.5
2013-09-03,30.38888888888889,23.000000000000004,1011.8,26.0
2013-09-02,31.0,23.77777777777778,1011.1,26.77777777777778
2013-09-01,30.5,20.0,1011.5,26.055555555555557
2013-08-31,30.38888888888889,23.61111111111111,1010.4,26.5
2013-08-30,31.0,24.0,1010.7,26.22222222222222
2013-08-29,31.38888888888889,25.0,1010.2,27.38888888888889
2013-08-28,30.0,24.0,1010.8,26.38888888888889
2013-08-27,30.0,24.61111111111111,1011.3,26.77777777777778
2013-08-26,30.0,24.0,1011.7,26.5
2013-08-25,30.0,23.000000000000004,1012.0,26.166666666666664
2013-08-24,32.0,21.0,1011.8,25.833333333333332
2013-08-23,31.0,24.0,1011.5,26.77777777777778
2013-08-22,30.0,21.0,1010.7,26.833333333333332
2013-08-21,29.0,21.611111111111114,1010.0,25.055555555555554
2013-08-20,31.0,21.999999999999996,1009.6,26.22222222222222
2013-08-19,31.0,22.5,1008.7,26.11111111111111
2013-08-18,31.0,23.000000000000004,1010.0,26.666666666666668
2013-08-17,31.0,23.000000000000004,1009.7,26.38888888888889
2013-08-16,31.0,23.000000000000004,1009.7,26.833333333333332
2013-08-15,31.0,22.88888888888889,1010.2,26.944444444444443
2013-08-14,31.0,24.0,1009.9,26.999999999999996
2013-08-13,30.0,23.000000000000004,1008.9,26.22222222222222
2013-08-12,31.11111111111111,24.0,1009.4,27.11111111111111
2013-08-11,30.0,23.000000000000004,1009.5,26.11111111111111
2013-08-10,29.11111111111111,23.000000000000004,1010.5,25.27777777777778
2013-08-09,28.388888888888886,24.0,1010.2,25.833333333333332
2013-08-08,26.0,22.722222222222225,1010.6,24.222222222222218
2013-08-05,30.0,23.61111111111111,1010.5,25.777777777777782
2013-08-04,28.277777777777782,23.000000000000004,1011.0,25.444444444444443
2013-08-03,26.999999999999996,22.722222222222225,1011.6,24.61111111111111
2013-08-02,30.11111111111111,23.72222222222222,1011.0,26.333333333333336
2013-08-01,30.0,21.999999999999996,1009.8,25.888888888888886
2013-07-31,29.0,23.000000000000004,1008.8,25.72222222222222
2013-07-30,30.0,23.5,1008.0,25.500000000000004
2013-07-29,32.0,25.0,1008.1,27.22222222222222
2013-07-28,32.0,24.499999999999996,1008.4,27.11111111111111
2013-07-27,31.0,23.88888888888889,1008.8,26.944444444444443
2013-07-25,31.0,24.72222222222222,1010.1,26.722222222222218
2013-07-24,30.0,24.72222222222222,1009.6,26.27777777777778
2013-07-23,31.0,25.0,1009.4,27.16666666666667
2013-07-22,30.11111111111111,24.72222222222222,1009.8,26.999999999999996
2013-07-21,29.0,23.000000000000004,1007.7,26.444444444444443
2013-07-20,31.0,23.000000000000004,1007.1,26.0
2013-07-19,30.0,24.88888888888889,1007.9,26.722222222222218
2013-07-18,30.77777777777778,25.0,1007.2,27.333333333333332
2013-07-17,31.22222222222222,25.0,1007.1,27.5
2013-07-16,31.5,24.61111111111111,1008.2,27.11111111111111
2013-07-15,31.0,24.0,1008.3,26.5
2013-07-14,29.0,23.000000000000004,1008.3,25.611111111111107
2013-07-12,30.0,25.500000000000004,1008.0,27.83333333333333
2013-07-11,31.22222222222222,24.0,1009.5,27.555555555555554
2013-07-10,31.0,21.5,1009.2,26.11111111111111
2013-07-09,30.0,21.0,1008.2,25.38888888888889
2013-07-08,31.0,24.0,1008.1,27.11111111111111
2013-07-07,29.0,21.999999999999996,1009.1,26.166666666666664
2013-07-06,30.0,23.5,1008.5,26.611111111111114
2013-07-05,30.0,23.000000000000004,1008.9,25.944444444444443
2013-07-04,30.0,23.000000000000004,1008.6,26.0
2013-07-03,28.000000000000004,23.88888888888889,1011.0,25.944444444444443
2013-07-02,26.999999999999996,21.0,1012.2,23.72222222222222
2013-07-01,29.0,23.000000000000004,1010.9,24.777777777777775
2013-06-30,30.22222222222222,24.0,1010.0,26.166666666666664
2013-06-29,30.0,24.0,1010.6,26.555555555555557
2013-06-28,29.0,25.0,1008.9,26.77777777777778
2013-06-27,30.0,25.0,1008.4,26.833333333333332
2013-06-26,29.0,24.0,1009.9,26.166666666666664
2013-06-25,30.0,23.000000000000004,1009.8,26.333333333333336
2013-06-24,31.0,25.0,1009.8,27.444444444444446
2013-06-23,30.0,24.0,1010.6,26.999999999999996
2013-06-22,29.0,24.0,1010.4,26.055555555555557
2013-06-21,28.000000000000004,24.0,1010.9,25.222222222222225
2013-06-20,28.000000000000004,23.5,1010.1,25.33333333333333
2013-06-19,30.0,24.0,1008.0,26.888888888888893
2013-06-18,30.0,23.77777777777778,1007.7,25.666666666666668
2013-06-17,29.0,24.72222222222222,1006.6,26.333333333333336
2013-06-16,31.0,24.0,1006.5,26.611111111111114
2013-06-15,30.22222222222222,24.499999999999996,1006.7,26.944444444444443
2013-06-14,30.0,25.0,1005.6,27.666666666666668
2013-06-13,31.22222222222222,25.0,1004.5,27.333333333333332
2013-06-12,30.0,26.0,1005.7,28.333333333333332
2013-06-11,30.0,24.0,1006.6,26.555555555555557
2013-06-10,31.0,25.0,1005.7,27.722222222222225
2013-06-09,32.0,25.0,1005.1,27.944444444444443
2013-06-08,31.0,25.0,1007.3,27.16666666666667
2013-06-07,30.0,23.72222222222222,1008.6,26.666666666666668
2013-06-06,31.0,24.0,1008.4,27.22222222222222
2013-06-05,32.0,25.0,1008.5,28.22222222222222
2013-06-04,30.0,24.0,1008.7,27.055555555555557
2013-06-03,31.0,24.499999999999996,1008.0,26.888888888888893
2013-06-02,30.22222222222222,25.0,1007.3,26.77777777777778
2013-06-01,31.0,24.0,1007.5,27.277777777777775
2013-05-31,31.0,25.0,1007.9,27.666666666666668
2013-05-30,30.0,23.5,1008.6,26.444444444444443
2013-05-29,31.0,22.722222222222225,1008.9,26.444444444444443
2013-05-28,31.0,23.72222222222222,1010.0,27.38888888888889
2013-05-27,30.0,24.88888888888889,1010.2,26.944444444444443
2013-05-26,30.0,24.0,1009.3,26.888888888888893
2013-05-25,30.0,25.0,1009.1,27.055555555555557
2013-05-24,30.0,23.000000000000004,1009.3,26.5
2013-05-23,29.22222222222222,24.0,1008.9,26.5
2013-05-22,31.0,25.0,1007.8,27.11111111111111
2013-05-21,31.0,24.0,1008.9,26.999999999999996
2013-05-20,33.0,24.0,1009.3,27.5
2013-05-19,31.0,25.500000000000004,1008.6,28.111111111111107
2013-05-18,31.0,25.0,1009.1,26.944444444444443
2013-05-17,31.0,25.0,1009.5,27.944444444444443
2013-05-16,32.0,25.0,1008.9,28.444444444444443
2013-05-14,31.0,26.0,1006.4,28.111111111111107
2013-05-13,30.22222222222222,25.0,1007.6,27.944444444444443
2013-05-12,31.38888888888889,25.0,1007.8,29.666666666666668
2013-05-11,31.0,25.0,1006.8,27.77777777777778
2013-05-10,31.0,25.0,1006.7,27.944444444444443
2013-05-08,31.0,26.0,1007.0,28.333333333333332
2013-05-07,30.0,24.0,1006.9,27.944444444444443
2013-05-06,31.0,24.0,1006.6,27.055555555555557
2013-05-05,32.0,25.0,1007.7,27.88888888888889
2013-05-04,32.0,25.0,1009.1,29.27777777777778
2013-05-03,31.0,26.0,1009.0,28.166666666666668
2013-05-02,31.0,25.0,1007.7,29.27777777777778
2013-05-01,31.0,25.0,1007.7,27.83333333333333
2013-04-30,31.0,24.0,1008.7,27.22222222222222
2013-04-29,29.77777777777778,23.000000000000004,1010.3,25.666666666666668
2013-04-28,31.0,24.777777777777775,1009.0,27.5
2013-04-27,30.0,24.0,1008.8,26.555555555555557
2013-04-26,29.0,24.499999999999996,1009.0,26.944444444444443
2013-04-25,30.22222222222222,24.0,1009.1,26.444444444444443
2013-04-24,30.0,24.0,1009.0,26.666666666666668
2013-04-23,31.0,24.0,1009.8,26.055555555555557
2013-04-22,30.5,23.72222222222222,1009.6,26.833333333333332
2013-04-21,30.5,26.0,1008.8,27.944444444444443
2013-04-19,30.27777777777778,26.0,1008.1,27.88888888888889
2013-04-18,30.22222222222222,24.0,1008.6,27.277777777777775
2013-04-17,31.0,23.5,1009.1,27.22222222222222
2013-04-16,30.0,24.88888888888889,1009.4,27.11111111111111
2013-04-15,31.0,24.0,1008.5,26.833333333333332
2013-04-14,30.0,24.0,1008.9,26.77777777777778
2013-04-13,30.0,24.72222222222222,1009.2,27.055555555555557
2013-04-12,31.0,24.0,1008.9,26.27777777777778
2013-04-11,30.0,23.72222222222222,1006.7,25.555555555555557
2013-04-10,33.0,24.0,1005.1,26.611111111111114
2013-04-09,32.0,25.0,1004.9,28.61111111111111
2013-04-08,32.0,25.611111111111107,1005.8,28.77777777777778
2013-04-07,32.27777777777778,26.0,1004.8,28.388888888888886
2013-04-06,30.0,26.0,1006.0,27.722222222222225
2013-04-05,32.27777777777778,26.0,1006.7,28.72222222222222
2013-04-04,32.0,25.0,1006.7,27.333333333333332
2013-04-03,32.0,26.0,1007.2,28.277777777777782
2013-04-02,32.0,25.0,1008.0,28.833333333333332
2013-04-01,32.0,24.499999999999996,1009.2,27.77777777777778
2013-03-31,31.0,25.0,1009.1,28.166666666666668
2013-03-30,31.0,24.0,1008.2,27.055555555555557
2013-03-29,31.0,24.499999999999996,1008.2,27.277777777777775
2013-03-28,31.38888888888889,24.0,1008.7,27.055555555555557
2013-03-27,31.0,23.000000000000004,1008.5,26.22222222222222
2013-03-26,31.11111111111111,23.000000000000004,1007.0,27.16666666666667
2013-03-25,32.0,24.0,1006.6,27.38888888888889
2013-03-24,31.0,24.0,1006.6,27.055555555555557
2013-03-23,30.0,24.0,1007.4,26.555555555555557
2013-03-22,31.0,23.61111111111111,1008.5,27.5
2013-03-21,30.0,23.000000000000004,1007.6,26.722222222222218
2013-03-20,31.0,25.0,1007.7,27.77777777777778
2013-03-19,30.38888888888889,24.499999999999996,1009.0,27.555555555555554
2013-03-18,30.11111111111111,25.0,1008.6,27.277777777777775
2013-03-17,30.0,24.0,1008.9,26.22222222222222
2013-03-16,30.0,23.000000000000004,1009.6,25.500000000000004
2013-03-15,28.000000000000004,23.000000000000004,1010.6,25.055555555555554
2013-03-14,26.999999999999996,23.000000000000004,1008.3,24.833333333333332
2013-03-13,33.0,23.000000000000004,1003.5,28.388888888888886
2013-03-12,32.0,24.499999999999996,1003.4,27.944444444444443
2013-03-11,29.0,21.999999999999996,1007.3,25.166666666666668
2013-03-10,30.0,23.5,1007.0,26.333333333333336
2013-03-09,30.0,25.0,1007.2,27.83333333333333
2013-03-06,31.0,23.000000000000004,1007.6,27.22222222222222
2013-03-05,33.22222222222222,23.88888888888889,1007.3,28.277777777777782
2013-03-04,34.0,24.0,1006.1,29.444444444444443
2013-03-03,33.0,24.0,1004.6,28.055555555555557
2013-03-02,31.38888888888889,23.000000000000004,1004.7,27.444444444444446
2013-03-01,30.0,25.0,1006.6,26.944444444444443
2013-02-28,29.0,23.000000000000004,1006.8,26.22222222222222
2013-02-27,31.0,23.61111111111111,1005.6,27.444444444444446
2013-02-26,33.0,24.0,1005.4,27.88888888888889
2013-02-25,31.61111111111111,24.0,1006.7,27.16666666666667
2013-02-24,32.0,24.0,1006.2,28.22222222222222
2013-02-23,28.000000000000004,23.5,1007.4,25.27777777777778
2013-02-22,32.0,25.0,1006.9,27.444444444444446
2013-02-21,31.0,24.499999999999996,1006.2,27.5
2013-02-20,33.0,26.0,1004.1,29.333333333333332
2013-02-19,32.0,25.0,1004.0,28.388888888888886
2013-02-18,32.0,24.0,1003.8,27.055555555555557
2013-02-17,31.0,24.0,1004.1,26.722222222222218
2013-02-13,32.0,23.61111111111111,1006.5,26.888888888888893
2013-02-12,32.0,24.61111111111111,1006.1,28.833333333333332
2013-02-11,32.0,24.499999999999996,1006.9,27.88888888888889
2013-02-10,33.0,24.0,1007.2,28.77777777777778
2013-02-09,32.0,26.0,1007.9,29.055555555555557
2013-02-08,32.0,24.0,1009.0,27.83333333333333
2013-02-07,31.0,23.72222222222222,1007.9,27.5
2013-02-06,31.0,23.000000000000004,1008.0,27.277777777777775
2013-02-05,33.0,24.0,1008.2,28.61111111111111
2013-02-04,33.5,25.0,1009.0,28.555555555555557
2013-02-03,33.0,24.0,1009.7,28.277777777777782
2013-02-02,32.0,24.499999999999996,1009.7,27.22222222222222
2013-02-01,32.0,24.777777777777775,1009.2,28.166666666666668
2013-01-31,32.0,23.5,1009.7,28.055555555555557
2013-01-30,31.22222222222222,24.0,1009.8,27.555555555555554
2013-01-29,32.0,25.0,1008.7,27.77777777777778
2013-01-28,32.5,23.000000000000004,1007.2,27.666666666666668
2013-01-27,33.0,23.000000000000004,1005.9,27.88888888888889
2013-01-26,31.0,24.72222222222222,1005.6,27.22222222222222
2013-01-25,33.0,25.0,1005.7,28.72222222222222
2013-01-24,34.0,25.0,1006.2,29.333333333333332
2013-01-23,34.0,25.0,1005.0,28.833333333333332
2013-01-22,34.0,26.0,1004.3,29.88888888888889
2013-01-21,34.0,25.0,1005.0,29.38888888888889
2013-01-20,34.22222222222222,25.0,1007.0,29.666666666666668
2013-01-19,33.0,25.500000000000004,1006.7,28.833333333333332
2013-01-18,31.0,24.61111111111111,1007.1,27.555555555555554
2013-01-17,32.0,23.5,1006.5,28.000000000000004
2013-01-16,32.0,23.000000000000004,1007.3,27.38888888888889
2013-01-15,33.0,23.72222222222222,1008.6,27.88888888888889
2013-01-14,31.0,24.0,1008.7,26.555555555555557
2013-01-13,32.0,23.000000000000004,1007.2,26.77777777777778
2013-01-12,32.0,25.0,1007.0,28.166666666666668
2013-01-11,31.0,24.0,1008.0,26.611111111111114
2013-01-10,31.22222222222222,24.222222222222218,1005.4,27.5
2013-01-09,28.000000000000004,23.61111111111111,1005.0,24.499999999999996
2013-01-08,32.0,24.0,1003.9,27.61111111111111
2013-01-07,31.22222222222222,24.499999999999996,1004.8,26.444444444444443
2013-01-06,32.0,24.88888888888889,1004.5,27.277777777777775
2013-01-05,33.72222222222222,24.72222222222222,1004.3,28.444444444444443
2013-01-04,33.388888888888886,25.0,1003.3,29.055555555555557
2013-01-03,33.0,25.0,1004.1,28.77777777777778
2013-01-02,34.0,26.0,1005.3,29.555555555555557
2013-01-01,33.0,25.0,1005.2,28.72222222222222
2012-12-31,32.0,25.0,1004.5,28.77777777777778
2012-12-30,29.0,24.0,1004.5,26.22222222222222
2012-12-29,33.0,25.0,1006.6,29.61111111111111
2012-12-28,32.0,25.0,1005.1,27.61111111111111
2012-12-27,33.0,25.0,1005.5,28.77777777777778
2012-12-26,32.0,26.999999999999996,1004.8,29.666666666666668
2012-12-25,33.22222222222222,26.0,1004.9,29.055555555555557
2012-12-24,33.0,24.0,1006.3,28.111111111111107
2012-12-22,33.0,26.38888888888889,1004.6,29.88888888888889
2012-12-21,34.22222222222222,23.000000000000004,1004.4,28.166666666666668
2012-12-20,33.0,23.000000000000004,1005.4,27.722222222222225
2012-12-19,32.0,23.000000000000004,1006.4,27.444444444444446
2012-12-17,35.0,21.0,1007.9,26.555555555555557
2012-12-16,34.0,20.0,1007.8,26.666666666666668
2012-12-15,31.5,21.999999999999996,1008.5,26.611111111111114
2012-12-14,32.388888888888886,23.000000000000004,1009.4,26.833333333333332
2012-12-13,31.0,24.0,1009.5,28.111111111111107
2012-12-12,32.0,24.0,1008.4,27.944444444444443
2012-12-11,31.5,24.0,1007.6,27.555555555555554
2012-12-10,31.0,23.000000000000004,1007.8,26.27777777777778
2012-12-09,31.5,26.0,1006.8,28.444444444444443
2012-12-08,31.11111111111111,24.0,1008.0,27.944444444444443
2012-12-07,32.77777777777778,23.000000000000004,1009.4,26.27777777777778
2012-12-06,33.0,25.0,1009.2,28.5
2012-12-05,34.0,26.0,1007.4,29.72222222222222
2012-12-04,33.0,26.0,1006.7,28.944444444444443
2012-11-29,32.0,23.000000000000004,1007.6,27.277777777777775
2012-11-28,31.38888888888889,23.000000000000004,1008.7,26.888888888888893
2012-11-27,31.22222222222222,21.999999999999996,1008.9,26.666666666666668
2012-11-26,31.5,21.999999999999996,1008.8,26.666666666666668
2012-11-25,32.0,23.000000000000004,1009.5,27.555555555555554
2012-11-24,31.5,23.000000000000004,1010.1,27.22222222222222
2012-11-23,31.11111111111111,23.000000000000004,1010.0,27.277777777777775
2012-11-22,32.5,23.000000000000004,1008.7,27.944444444444443
2012-11-21,32.0,21.999999999999996,1008.0,27.16666666666667
2012-11-20,32.388888888888886,23.000000000000004,1008.6,27.722222222222225
2012-11-19,31.0,24.0,1008.6,27.444444444444446
2012-11-18,31.0,25.0,1008.6,27.444444444444446
2012-11-17,32.0,24.0,1007.8,27.333333333333332
2012-11-16,31.38888888888889,25.0,1008.0,27.5
2012-11-15,32.0,24.0,1008.0,27.61111111111111
2012-11-14,31.0,24.222222222222218,1007.7,27.722222222222225
2012-11-13,32.0,25.0,1007.1,27.61111111111111
2012-11-12,32.0,24.61111111111111,1007.4,27.83333333333333
2012-11-11,30.0,25.500000000000004,1008.2,27.38888888888889
2012-11-10,31.0,24.0,1007.9,26.5
2012-11-09,30.0,25.0,1007.8,27.11111111111111
2012-11-08,30.5,23.000000000000004,1007.0,26.722222222222218
2012-11-07,30.77777777777778,24.0,1006.8,27.38888888888889
2012-11-06,32.0,26.0,1006.4,28.000000000000004
2012-11-05,31.61111111111111,25.72222222222222,1006.7,27.88888888888889
2012-11-04,32.0,25.0,1006.5,28.166666666666668
2012-11-03,32.0,25.0,1006.5,28.22222222222222
2012-11-02,32.0,25.0,1005.7,27.5
2012-11-01,32.0,26.0,1006.3,28.277777777777782
2012-10-31,32.0,26.0,1007.7,28.88888888888889
2012-10-30,31.0,24.777777777777775,1008.1,27.444444444444446
2012-10-29,30.0,25.0,1008.3,26.999999999999996
2012-10-28,30.0,24.0,1008.6,26.833333333333332
2012-10-27,30.0,24.0,1008.1,26.833333333333332
2012-10-19,30.0,24.0,1009.2,26.555555555555557
2012-10-18,30.0,25.0,1010.2,26.666666666666668
2012-10-17,30.0,25.0,1010.2,26.611111111111114
2012-10-16,29.0,24.0,1011.4,25.33333333333333
2012-10-15,29.0,24.0,1011.1,26.166666666666664
2012-10-14,32.0,25.500000000000004,1010.8,27.77777777777778
2012-10-13,31.0,24.0,1010.4,27.38888888888889
2012-10-12,32.0,24.0,1010.4,27.38888888888889
2012-10-11,31.5,25.0,1010.1,27.722222222222225
2012-10-10,31.0,25.0,1008.1,27.444444444444446
2012-10-09,31.0,25.0,1007.9,27.277777777777775
2012-10-08,30.0,23.000000000000004,1008.3,26.055555555555557
2012-10-07,30.0,24.0,1009.3,26.333333333333336
2012-10-06,29.0,25.0,1009.8,26.27777777777778
2012-10-05,30.0,24.0,1009.8,26.333333333333336
2012-10-04,29.0,23.000000000000004,1009.7,25.11111111111111
2012-10-03,26.999999999999996,22.61111111111111,1010.1,24.66666666666667
2012-10-02,27.38888888888889,21.611111111111114,1012.0,23.5
2012-10-01,30.0,21.999999999999996,1013.0,25.611111111111107
2012-09-30,30.0,21.0,1013.0,25.500000000000004
2012-09-29,30.0,19.388888888888893,1012.3,24.66666666666667
2012-09-28,32.0,19.0,1010.5,25.38888888888889
2012-09-27,32.0,23.61111111111111,1010.3,27.722222222222225
2012-09-26,29.0,24.0,1010.4,26.5
2012-09-25,31.22222222222222,25.0,1008.0,27.22222222222222
2012-09-24,31.0,25.0,1007.4,27.22222222222222
2012-09-23,31.0,24.72222222222222,1008.0,26.999999999999996
2012-09-22,29.0,24.0,1009.4,25.500000000000004
2012-09-21,30.5,23.5,1009.8,26.38888888888889
2012-09-20,30.0,24.0,1010.2,26.38888888888889
2012-09-19,32.0,23.000000000000004,1010.5,26.611111111111114
2012-09-18,31.0,21.999999999999996,1011.8,25.833333333333332
2012-09-17,30.0,21.999999999999996,1012.0,25.555555555555557
2012-09-16,29.11111111111111,24.0,1011.6,25.666666666666668
2012-09-15,31.0,23.000000000000004,1010.3,26.0
2012-09-14,31.0,25.0,1009.8,27.277777777777775
2012-09-05,29.0,25.0,1010.7,26.722222222222218
2012-09-04,30.5,24.72222222222222,1010.1,27.16666666666667
2012-09-03,30.0,24.88888888888889,1009.2,26.77777777777778
2012-09-02,31.22222222222222,24.0,1008.7,26.666666666666668
2012-09-01,29.27777777777778,25.0,1008.9,27.055555555555557
2012-08-31,29.0,23.72222222222222,1008.7,25.944444444444443
2012-08-30,30.0,24.0,1009.1,26.0
2012-08-29,31.0,24.0,1009.9,26.555555555555557
2012-08-28,32.0,24.777777777777775,1009.3,27.666666666666668
2012-08-27,32.0,24.0,1009.7,27.16666666666667
2012-08-26,31.27777777777778,23.5,1009.6,26.166666666666664
2012-08-25,32.5,25.0,1009.0,27.22222222222222
2012-08-24,31.0,24.0,1009.1,27.277777777777775
2012-08-23,31.0,24.0,1009.1,26.722222222222218
2012-08-22,30.0,24.88888888888889,1009.1,27.055555555555557
2012-08-21,31.0,23.000000000000004,1008.8,26.333333333333336
2012-08-20,30.0,25.0,1008.3,26.944444444444443
2012-08-19,31.0,24.0,1009.3,26.77777777777778
2012-08-18,30.5,23.5,1009.7,26.22222222222222
2012-08-17,29.11111111111111,24.0,1009.3,26.27777777777778
2012-08-16,29.0,24.0,1010.8,25.833333333333332
2012-08-15,29.5,21.999999999999996,1012.0,25.222222222222225
2012-08-14,29.0,23.000000000000004,1013.0,25.944444444444443
2012-08-13,26.999999999999996,21.999999999999996,1013.8,24.555555555555557
2012-08-12,25.0,20.0,1013.4,22.83333333333333
2012-08-11,26.0,21.999999999999996,1012.8,23.444444444444443
2012-08-10,26.0,21.999999999999996,1012.9,23.5
2012-08-09,29.0,23.000000000000004,1012.0,25.444444444444443
2012-08-08,30.5,23.000000000000004,1011.9,25.888888888888886
2012-08-07,29.0,21.999999999999996,1013.0,25.166666666666668
