Earth Date,Sol,Month,Min_temp,Max_temp,Pressure,Atmo_opacity
2022-10-19,3627,Mes 11,-67,-9,803,Soleado
2022-10-18,3626,Mes 11,-67,-12,804,Soleado
2022-10-17,3625,Mes 11,-67,-11,804,Soleado
2022-10-16,3624,Mes 11,-67,-12,806,Soleado
2022-10-15,3623,Mes 11,-67,-12,808,Soleado
2022-10-14,3622,Mes 11,-66,-12,809,Soleado
2022-10-13,3621,Mes 11,-68,-10,808,Soleado
2022-10-12,3620,Mes 11,-65,-12,806,Soleado
2022-10-11,3619,Mes 11,-66,-9,806,Soleado
2022-10-10,3618,Mes 11,-66,-10,807,Soleado
2022-10-09,3617,Mes 11,-70,-10,809,Soleado
2022-10-08,3616,Mes 11,-67,-10,809,Soleado
2022-10-07,3615,Mes 11,-69,-12,810,Soleado
2022-10-06,3614,Mes 11,-67,-14,811,Soleado
2022-10-05,3613,Mes 11,-66,-9,812,Soleado
2022-10-04,3612,Mes 11,-69,-11,816,Soleado
2022-10-03,3611,Mes 11,-69,-15,817,Soleado
2022-10-02,3610,Mes 11,-66,-14,817,Soleado
2022-10-01,3609,Mes 11,-67,-9,812,Soleado
2022-09-30,3608,Mes 11,-67,-11,811,Soleado
2022-09-29,3607,Mes 11,-68,-7,813,Soleado
2022-09-28,3606,Mes 11,-68,-7,815,Soleado
2022-09-27,3605,Mes 11,-69,-6,816,Soleado
2022-09-26,3604,Mes 11,-69,-3,817,Soleado
2022-09-25,3603,Mes 11,-70,-7,820,Soleado
2022-09-24,3602,Mes 11,-71,-6,818,Soleado
2022-09-23,3601,Mes 11,-70,-5,823,Soleado
2022-09-22,3600,Mes 11,-70,-4,822,Soleado
2022-09-21,3599,Mes 11,-69,-8,827,Soleado
2022-09-20,3598,Mes 11,-68,-4,824,Soleado
2022-09-18,3597,Mes 11,-70,-6,820,Soleado
2022-09-17,3596,Mes 11,-69,-3,824,Soleado
2022-09-16,3595,Mes 11,-69,-1,821,Soleado
2022-09-15,3594,Mes 11,-71,0,826,Soleado
2022-09-14,3593,Mes 11,-69,-5,828,Soleado
2022-09-13,3592,Mes 11,-69,-6,829,Soleado
2022-09-12,3591,Mes 11,-69,-7,826,Soleado
2022-09-11,3590,Mes 11,-69,-8,826,Soleado
2022-09-10,3589,Mes 11,-57,-6,809,Soleado
2022-09-04,3583,Mes 10,-70,-7,831,Soleado
2022-09-03,3582,Mes 10,-69,-9,833,Soleado
2022-09-02,3581,Mes 10,-73,-7,833,Soleado
2022-09-01,3580,Mes 10,-69,-10,838,Soleado
2022-08-31,3579,Mes 10,-71,-2,836,Soleado
2022-08-30,3578,Mes 10,-69,0,836,Soleado
2022-08-29,3577,Mes 10,-69,2,836,Soleado
2022-08-26,3574,Mes 10,-69,0,838,Soleado
2022-08-25,3573,Mes 10,-68,-4,839,Soleado
2022-08-24,3572,Mes 10,-69,-3,840,Soleado
2022-08-23,3571,Mes 10,-70,2,843,Soleado
2022-08-22,3570,Mes 10,-69,-1,841,Soleado
2022-08-21,3569,Mes 10,-68,1,842,Soleado
2022-08-20,3568,Mes 10,-71,-4,843,Soleado
2022-08-19,3567,Mes 10,-68,-2,843,Soleado
2022-08-18,3566,Mes 10,-69,-15,864,Soleado
2022-08-17,3565,Mes 10,-69,2,847,Soleado
2022-08-16,3564,Mes 10,-70,-7,851,Soleado
2022-08-15,3563,Mes 10,-69,-6,851,Soleado
2022-08-14,3562,Mes 10,-70,-3,850,Soleado
2022-08-12,3561,Mes 10,-69,1,850,Soleado
2022-08-11,3560,Mes 10,-67,-3,850,Soleado
2022-08-10,3559,Mes 10,-70,0,853,Soleado
2022-08-09,3558,Mes 10,-68,-2,853,Soleado
2022-08-08,3557,Mes 10,-72,-7,857,Soleado
2022-08-07,3556,Mes 10,-68,-7,857,Soleado
2022-08-06,3555,Mes 10,-68,-3,855,Soleado
2022-08-05,3554,Mes 10,-67,0,856,Soleado
2022-08-04,3553,Mes 10,-69,-4,855,Soleado
2022-08-03,3552,Mes 10,-69,-2,861,Soleado
2022-08-02,3551,Mes 10,-68,-2,862,Soleado
2022-08-01,3550,Mes 10,-67,-2,863,Soleado
2022-07-31,3549,Mes 10,-68,1,862,Soleado
2022-07-30,3548,Mes 10,-68,-2,860,Soleado
2022-07-29,3547,Mes 10,-69,1,862,Soleado
2022-07-28,3546,Mes 10,-70,-1,862,Soleado
2022-07-27,3545,Mes 10,-69,-1,864,Soleado
2022-07-26,3544,Mes 10,-69,-4,867,Soleado
2022-07-25,3543,Mes 10,-69,0,866,Soleado
2022-07-24,3542,Mes 10,-68,1,863,Soleado
2022-07-23,3541,Mes 10,-69,-2,865,Soleado
2022-07-22,3540,Mes 10,-69,-2,865,Soleado
2022-07-21,3539,Mes 9,-68,-1,858,Soleado
2022-07-20,3538,Mes 9,-69,-3,865,Soleado
2022-07-19,3537,Mes 9,-68,-1,867,Soleado
2022-07-18,3536,Mes 9,-68,-4,868,Soleado
2022-07-17,3535,Mes 9,-68,0,867,Soleado
2022-07-16,3534,Mes 9,-68,1,868,Soleado
2022-07-15,3533,Mes 9,-68,-3,870,Soleado
2022-07-14,3532,Mes 9,-68,-1,868,Soleado
2022-07-13,3531,Mes 9,-67,0,871,Soleado
2022-07-12,3530,Mes 9,-68,-2,871,Soleado
2022-07-11,3529,Mes 9,-69,-9,871,Soleado
2022-07-10,3528,Mes 9,-68,-11,874,Soleado
2022-07-09,3527,Mes 9,-70,-9,875,Soleado
2022-07-08,3526,Mes 9,-68,-14,876,Soleado
2022-07-06,3525,Mes 9,-70,-10,873,Soleado
2022-07-05,3524,Mes 9,-68,-9,875,Soleado
2022-07-04,3523,Mes 9,-67,-10,874,Soleado
2022-07-03,3522,Mes 9,-67,-10,870,Soleado
2022-07-02,3521,Mes 9,-69,-14,882,Soleado
2022-07-01,3520,Mes 9,-72,-11,875,Soleado
2022-06-30,3519,Mes 9,-68,-15,876,Soleado
2022-06-29,3518,Mes 9,-67,-12,872,Soleado
2022-06-28,3517,Mes 9,-70,-12,875,Soleado
2022-06-27,3516,Mes 9,-66,-8,875,Soleado
2022-06-26,3515,Mes 9,-66,-10,874,Soleado
2022-06-25,3514,Mes 9,-66,-10,874,Soleado
2022-06-24,3513,Mes 9,-68,-10,872,Soleado
2022-06-23,3512,Mes 9,-67,-7,874,Soleado
2022-06-22,3511,Mes 9,-65,-6,873,Soleado
2022-06-21,3510,Mes 9,-67,-12,877,Soleado
2022-06-20,3509,Mes 9,-67,-12,879,Soleado
2022-06-19,3508,Mes 9,-67,-2,878,Soleado
2022-06-18,3507,Mes 9,-66,-2,878,Soleado
2022-06-17,3506,Mes 9,-68,0,875,Soleado
2022-06-16,3505,Mes 9,-66,-2,876,Soleado
2022-06-15,3504,Mes 9,-74,1,874,Soleado
2022-06-14,3503,Mes 9,-57,-3,857,Soleado
2022-06-07,3496,Mes 9,-60,-52,887,Soleado
2022-06-06,3495,Mes 9,-65,4,866,Soleado
2022-06-05,3494,Mes 9,-66,-4,866,Soleado
2022-06-04,3493,Mes 8,-66,-4,865,Soleado
2022-06-03,3492,Mes 8,-69,0,866,Soleado
2022-06-02,3491,Mes 8,-67,-7,865,Soleado
2022-06-01,3490,Mes 8,-69,-2,863,Soleado
2022-05-31,3489,Mes 8,-65,0,861,Soleado
2022-05-29,3488,Mes 8,-67,0,860,Soleado
2022-05-28,3487,Mes 8,-63,-4,859,Soleado
2022-05-27,3486,Mes 8,-66,-5,857,Soleado
2022-05-26,3485,Mes 8,-66,-2,859,Soleado
2022-05-25,3484,Mes 8,-72,1,857,Soleado
2022-05-24,3483,Mes 8,-66,3,855,Soleado
2022-05-23,3482,Mes 8,-66,1,855,Soleado
2022-05-22,3481,Mes 8,-66,-2,853,Soleado
2022-05-21,3480,Mes 8,-65,1,851,Soleado
2022-05-20,3479,Mes 8,-66,3,851,Soleado
2022-05-19,3478,Mes 8,-66,-2,847,Soleado
2022-05-18,3477,Mes 8,-64,1,845,Soleado
2022-05-17,3476,Mes 8,-65,0,844,Soleado
2022-05-16,3475,Mes 8,-66,1,845,Soleado
2022-05-15,3474,Mes 8,-65,-1,843,Soleado
2022-05-14,3473,Mes 8,-69,2,842,Soleado
2022-05-13,3472,Mes 8,-65,1,841,Soleado
2022-05-12,3471,Mes 8,-64,6,839,Soleado
2022-05-11,3470,Mes 8,-67,2,839,Soleado
2022-05-10,3469,Mes 8,-65,1,838,Soleado
2022-05-09,3468,Mes 8,-71,1,834,Soleado
2022-05-08,3467,Mes 8,-67,4,833,Soleado
2022-05-07,3466,Mes 8,-67,5,829,Soleado
2022-05-06,3465,Mes 8,-66,7,830,Soleado
2022-05-05,3464,Mes 8,-70,7,826,Soleado
2022-05-04,3463,Mes 8,-68,4,825,Soleado
2022-05-03,3462,Mes 8,-69,6,822,Soleado
2022-05-02,3461,Mes 8,-71,6,822,Soleado
2022-05-01,3460,Mes 8,-68,1,822,Soleado
2022-04-30,3459,Mes 8,-69,4,820,Soleado
2022-04-29,3458,Mes 8,-68,5,826,Soleado
2022-04-28,3457,Mes 8,-68,1,816,Soleado
2022-04-27,3456,Mes 8,-67,4,814,Soleado
2022-04-26,3455,Mes 8,-72,6,810,Soleado
2022-04-25,3454,Mes 8,-68,6,807,Soleado
2022-04-24,3453,Mes 8,-67,7,805,Soleado
2022-04-22,3452,Mes 8,-67,8,805,Soleado
2022-04-21,3451,Mes 8,-67,7,805,Soleado
2022-04-20,3450,Mes 8,-67,3,803,Soleado
2022-04-19,3449,Mes 8,-67,-4,804,Soleado
2022-04-18,3448,Mes 8,-69,1,800,Soleado
2022-04-17,3447,Mes 8,-65,2,793,Soleado
2022-04-16,3446,Mes 7,-69,5,795,Soleado
2022-04-15,3445,Mes 7,-70,-2,795,Soleado
2022-04-14,3444,Mes 7,-67,1,794,Soleado
2022-04-13,3443,Mes 7,-68,2,792,Soleado
2022-04-12,3442,Mes 7,-67,2,791,Soleado
2022-04-11,3441,Mes 7,-67,-31,797,Soleado
2022-04-10,3440,Mes 7,-68,5,785,Soleado
2022-04-09,3439,Mes 7,-67,2,785,Soleado
2022-04-08,3438,Mes 7,-68,2,784,Soleado
2022-04-07,3437,Mes 7,-68,2,783,Soleado
2022-04-06,3436,Mes 7,-71,2,780,Soleado
2022-04-05,3435,Mes 7,-66,-1,778,Soleado
2022-04-04,3434,Mes 7,-67,2,776,Soleado
2022-04-03,3433,Mes 7,-73,1,775,Soleado
2022-04-02,3432,Mes 7,-67,0,773,Soleado
2022-04-01,3431,Mes 7,-67,-1,773,Soleado
2022-03-31,3430,Mes 7,-67,2,769,Soleado
2022-03-30,3429,Mes 7,-67,2,768,Soleado
2022-03-29,3428,Mes 7,-67,2,765,Soleado
2022-03-28,3427,Mes 7,-69,1,763,Soleado
2022-03-27,3426,Mes 7,-69,2,763,Soleado
2022-03-26,3425,Mes 7,-66,2,762,Soleado
2022-03-25,3424,Mes 7,-68,1,762,Soleado
2022-03-24,3423,Mes 7,-68,-5,760,Soleado
2022-03-23,3422,Mes 7,-68,1,757,Soleado
2022-03-22,3421,Mes 7,-68,-3,756,Soleado
2022-03-21,3420,Mes 7,-68,-1,756,Soleado
2022-03-20,3419,Mes 7,-68,1,754,Soleado
2022-03-19,3418,Mes 7,-69,0,753,Soleado
2022-03-18,3417,Mes 7,-68,1,751,Soleado
2022-03-17,3416,Mes 7,-67,0,749,Soleado
2022-03-15,3415,Mes 7,-69,-2,748,Soleado
2022-03-14,3414,Mes 7,-70,-6,747,Soleado
2022-03-13,3413,Mes 7,-66,-6,747,Soleado
2022-03-12,3412,Mes 7,-65,-12,745,Soleado
2022-03-11,3411,Mes 7,-66,-8,743,Soleado
2022-03-10,3410,Mes 7,-67,-11,742,Soleado
2022-03-09,3409,Mes 7,-64,-12,739,Soleado
2022-03-08,3408,Mes 7,-69,-10,740,Soleado
2022-03-07,3407,Mes 7,-73,-12,740,Soleado
2022-03-06,3406,Mes 7,-69,-12,738,Soleado
2022-03-05,3405,Mes 7,-69,-10,737,Soleado
2022-03-04,3404,Mes 7,-68,-9,735,Soleado
2022-03-03,3403,Mes 7,-69,-8,733,Soleado
2022-03-02,3402,Mes 7,-74,-12,735,Soleado
2022-03-01,3401,Mes 7,-71,-11,733,Soleado
2022-02-28,3400,Mes 7,-68,-12,732,Soleado
2022-02-27,3399,Mes 7,-69,-9,731,Soleado
2022-02-26,3398,Mes 7,-69,-7,729,Soleado
2022-02-25,3397,Mes 7,-69,-8,728,Soleado
2022-02-24,3396,Mes 6,-70,-6,729,Soleado
2022-02-23,3395,Mes 6,-69,-8,727,Soleado
2022-02-22,3394,Mes 6,-70,-4,726,Soleado
2022-02-21,3393,Mes 6,-69,-7,725,Soleado
2022-02-20,3392,Mes 6,-69,-4,723,Soleado
2022-02-19,3391,Mes 6,-72,-6,722,Soleado
2022-02-18,3390,Mes 6,-68,-5,722,Soleado
2022-02-17,3389,Mes 6,-69,-9,722,Soleado
2022-02-16,3388,Mes 6,-69,-10,721,Soleado
2022-02-15,3387,Mes 6,-69,-7,719,Soleado
2022-02-14,3386,Mes 6,-70,-8,717,Soleado
2022-02-13,3385,Mes 6,-69,-6,718,Soleado
2022-02-12,3384,Mes 6,-69,-8,718,Soleado
2022-02-11,3383,Mes 6,-70,-8,717,Soleado
2022-02-10,3382,Mes 6,-71,-11,717,Soleado
2022-02-09,3381,Mes 6,-72,1,715,Soleado
2022-02-08,3380,Mes 6,-72,1,714,Soleado
2022-02-06,3379,Mes 6,-71,2,714,Soleado
2022-02-05,3378,Mes 6,-71,-10,720,Soleado
2022-02-04,3377,Mes 6,-72,-1,713,Soleado
2022-02-03,3376,Mes 6,-72,-6,713,Soleado
2022-02-02,3375,Mes 6,-72,0,713,Soleado
2022-02-01,3374,Mes 6,-71,0,710,Soleado
2022-01-31,3373,Mes 6,-71,-2,710,Soleado
2022-01-30,3372,Mes 6,-72,-2,710,Soleado
2022-01-29,3371,Mes 6,-72,-8,711,Soleado
2022-01-28,3370,Mes 6,-71,-5,710,Soleado
2022-01-27,3369,Mes 6,-72,-6,710,Soleado
2022-01-26,3368,Mes 6,-71,-3,707,Soleado
2022-01-25,3367,Mes 6,-72,-3,707,Soleado
2022-01-24,3366,Mes 6,-70,-4,708,Soleado
2022-01-23,3365,Mes 6,-70,-6,707,Soleado
2022-01-22,3364,Mes 6,-71,-7,708,Soleado
2022-01-21,3363,Mes 6,-71,-8,707,Soleado
2022-01-20,3362,Mes 6,-72,-4,706,Soleado
2022-01-19,3361,Mes 6,-70,-6,705,Soleado
2022-01-18,3360,Mes 6,-71,-6,707,Soleado
2022-01-17,3359,Mes 6,-71,-9,708,Soleado
2022-01-16,3358,Mes 6,-71,-6,706,Soleado
2022-01-15,3357,Mes 6,-71,-7,706,Soleado
2022-01-14,3356,Mes 6,-69,-6,706,Soleado
2022-01-13,3355,Mes 6,-70,-5,706,Soleado
2022-01-11,3353,Mes 6,-69,-14,705,Soleado
2022-01-10,3352,Mes 6,-70,-16,706,Soleado
2022-01-09,3351,Mes 6,-71,-16,703,Soleado
2022-01-08,3350,Mes 6,-72,-20,703,Soleado
2022-01-07,3349,Mes 6,-72,-12,702,Soleado
2022-01-06,3348,Mes 6,-72,-12,703,Soleado
2022-01-05,3347,Mes 6,-72,-7,705,Soleado
2022-01-04,3346,Mes 6,-72,-12,706,Soleado
2022-01-03,3345,Mes 6,-73,-6,703,Soleado
2021-12-20,3332,Mes 5,-73,-6,703,Soleado
2021-12-19,3331,Mes 5,-73,-5,705,Soleado
2021-12-18,3330,Mes 5,-74,-15,707,Soleado
2021-12-17,3329,Mes 5,-76,-13,708,Soleado
2021-12-16,3328,Mes 5,-76,-15,707,Soleado
2021-12-15,3327,Mes 5,-75,-7,708,Soleado
2021-12-14,3326,Mes 5,-70,-11,708,Soleado
2021-12-13,3325,Mes 5,-98,-20,709,Soleado
2021-12-12,3324,Mes 5,-73,-21,711,Soleado
2021-12-11,3323,Mes 5,-74,-23,713,Soleado
2021-12-10,3322,Mes 5,-76,-12,713,Soleado
2021-12-09,3321,Mes 5,-77,-7,713,Soleado
2021-12-08,3320,Mes 5,-75,-3,713,Soleado
2021-12-07,3319,Mes 5,-77,-3,714,Soleado
2021-12-06,3318,Mes 5,-75,-10,716,Soleado
2021-12-05,3317,Mes 5,-74,-17,718,Soleado
2021-12-04,3316,Mes 5,-74,-18,717,Soleado
2021-12-03,3315,Mes 5,-75,-15,717,Soleado
2021-12-02,3314,Mes 5,-75,-11,718,Soleado
2021-12-01,3313,Mes 5,-73,-13,719,Soleado
2021-11-30,3312,Mes 5,-76,-14,719,Soleado
2021-11-29,3311,Mes 5,-76,-10,720,Soleado
2021-11-28,3310,Mes 5,-76,-11,720,Soleado
2021-11-27,3309,Mes 5,-75,-9,721,Soleado
2021-11-26,3308,Mes 5,-76,-9,722,Soleado
2021-11-25,3307,Mes 5,-66,-7,709,Soleado
2021-11-22,3305,Mes 5,-76,-12,724,Soleado
2021-11-21,3304,Mes 5,-77,-13,725,Soleado
2021-11-20,3303,Mes 5,-77,-11,725,Soleado
2021-11-19,3302,Mes 5,-76,-11,726,Soleado
2021-11-18,3301,Mes 5,-76,-12,726,Soleado
2021-11-17,3300,Mes 5,-76,-11,727,Soleado
2021-11-16,3299,Mes 5,-77,-13,729,Soleado
2021-11-15,3298,Mes 5,-74,-14,730,Soleado
2021-11-14,3297,Mes 5,-78,-11,730,Soleado
2021-11-13,3296,Mes 5,-76,-13,729,Soleado
2021-11-12,3295,Mes 5,-76,-10,732,Soleado
2021-11-11,3294,Mes 5,-76,-12,732,Soleado
2021-11-10,3293,Mes 5,-76,-12,734,Soleado
2021-11-09,3292,Mes 5,-76,-14,734,Soleado
2021-11-08,3291,Mes 5,-77,-12,735,Soleado
2021-11-07,3290,Mes 5,-77,-11,736,Soleado
2021-11-06,3289,Mes 5,-78,-11,737,Soleado
2021-11-05,3288,Mes 5,-77,-11,738,Soleado
2021-11-04,3287,Mes 5,-77,-16,739,Soleado
2021-11-03,3286,Mes 5,-78,-16,740,Soleado
2021-11-02,3285,Mes 5,-76,-12,741,Soleado
2021-11-01,3284,Mes 5,-78,-14,742,Soleado
2021-10-31,3283,Mes 5,-78,-11,744,Soleado
2021-10-30,3282,Mes 4,-77,-17,745,Soleado
2021-10-29,3281,Mes 4,-77,-15,747,Soleado
2021-10-28,3280,Mes 4,-77,-14,747,Soleado
2021-10-27,3279,Mes 4,-78,-15,748,Soleado
2021-10-26,3278,Mes 4,-79,-15,749,Soleado
2021-10-25,3277,Mes 4,-80,-20,750,Soleado
2021-10-24,3276,Mes 4,-77,-19,752,Soleado
2021-10-23,3275,Mes 4,-78,-15,753,Soleado
2021-10-22,3274,Mes 4,-77,-16,755,Soleado
2021-10-20,3272,Mes 4,-77,-30,755,Soleado
2021-10-19,3271,Mes 4,-78,-27,756,Soleado
2021-10-17,3270,Mes 4,-77,-28,758,Soleado
2021-10-16,3269,Mes 4,-77,-30,759,Soleado
2021-10-15,3268,Mes 4,-78,-29,760,Soleado
2021-10-14,3267,Mes 4,-79,-26,761,Soleado
2021-10-13,3266,Mes 4,-77,-29,762,Soleado
2021-10-12,3265,Mes 4,-78,-28,763,Soleado
2021-10-11,3264,Mes 4,-69,-33,751,Soleado
2021-10-10,3263,Mes 4,-78,-31,771,Soleado
2021-10-09,3262,Mes 4,-77,-32,767,Soleado
2021-10-08,3261,Mes 4,-69,-30,760,Soleado
2021-10-07,3260,Mes 4,-78,-67,787,Soleado
2021-10-06,3259,Mes 4,-77,-33,776,Soleado
2021-10-05,3258,Mes 4,-79,-37,776,Soleado
2021-09-30,3253,Mes 4,-80,-30,778,Soleado
2021-09-29,3252,Mes 4,-78,-34,778,Soleado
2021-09-28,3251,Mes 4,-79,-28,781,Soleado
2021-09-27,3250,Mes 4,-79,-33,781,Soleado
2021-09-26,3249,Mes 4,-79,-32,782,Soleado
2021-09-25,3248,Mes 4,-80,-32,783,Soleado
2021-09-24,3247,Mes 4,-81,-23,785,Soleado
2021-09-23,3246,Mes 4,-80,-24,787,Soleado
2021-09-22,3245,Mes 4,-80,-20,788,Soleado
2021-09-21,3244,Mes 4,-79,-24,788,Soleado
2021-09-20,3243,Mes 4,-79,-22,790,Soleado
2021-09-19,3242,Mes 4,-80,-23,791,Soleado
2021-09-18,3241,Mes 4,-80,-23,792,Soleado
2021-09-17,3240,Mes 4,-79,-26,794,Soleado
2021-09-16,3239,Mes 4,-78,-24,795,Soleado
2021-09-15,3238,Mes 4,-79,-22,796,Soleado
2021-09-14,3237,Mes 4,-80,-24,798,Soleado
2021-09-13,3236,Mes 4,-81,-26,799,Soleado
2021-09-12,3235,Mes 4,-79,-23,800,Soleado
2021-09-10,3234,Mes 4,-80,-20,801,Soleado
2021-09-09,3233,Mes 4,-81,-26,804,Soleado
2021-09-08,3232,Mes 4,-79,-24,804,Soleado
2021-09-07,3231,Mes 4,-79,-21,805,Soleado
2021-09-06,3230,Mes 4,-79,-23,806,Soleado
2021-09-05,3229,Mes 4,-80,-22,807,Soleado
2021-09-04,3228,Mes 4,-79,-27,809,Soleado
2021-09-03,3227,Mes 4,-79,-28,808,Soleado
2021-09-02,3226,Mes 4,-81,-23,812,Soleado
2021-09-01,3225,Mes 4,-81,-23,812,Soleado
2021-08-31,3224,Mes 4,-79,-22,813,Soleado
2021-08-30,3223,Mes 4,-81,-26,815,Soleado
2021-08-29,3222,Mes 4,-79,-20,817,Soleado
2021-08-28,3221,Mes 4,-80,-31,817,Soleado
2021-08-27,3220,Mes 4,-79,-29,819,Soleado
2021-08-26,3219,Mes 4,-79,-31,821,Soleado
2021-08-25,3218,Mes 4,-80,-33,821,Soleado
2021-08-24,3217,Mes 3,-79,-29,822,Soleado
2021-08-23,3216,Mes 3,-78,-24,824,Soleado
2021-08-22,3215,Mes 3,-80,-25,826,Soleado
2021-08-21,3214,Mes 3,-79,-23,826,Soleado
2021-08-20,3213,Mes 3,-79,-22,828,Soleado
2021-08-19,3212,Mes 3,-80,-21,829,Soleado
2021-08-18,3211,Mes 3,-80,-27,830,Soleado
2021-08-17,3210,Mes 3,-78,-25,832,Soleado
2021-08-16,3209,Mes 3,-78,-30,835,Soleado
2021-08-15,3208,Mes 3,-78,-32,834,Soleado
2021-08-14,3207,Mes 3,-76,-30,835,Soleado
2021-08-13,3206,Mes 3,-77,-30,836,Soleado
2021-08-12,3205,Mes 3,-77,-25,837,Soleado
2021-08-11,3204,Mes 3,-78,-26,838,Soleado
2021-08-10,3203,Mes 3,-80,-27,840,Soleado
2021-08-09,3202,Mes 3,-79,-29,841,Soleado
2021-08-08,3201,Mes 3,-77,-29,842,Soleado
2021-08-07,3200,Mes 3,-79,-26,843,Soleado
2021-08-06,3199,Mes 3,-78,-25,845,Soleado
2021-08-05,3198,Mes 3,-78,-27,845,Soleado
2021-08-03,3197,Mes 3,-79,-29,846,Soleado
2021-08-02,3196,Mes 3,-78,-24,847,Soleado
2021-08-01,3195,Mes 3,-78,-27,848,Soleado
2021-07-31,3194,Mes 3,-78,-25,848,Soleado
2021-07-30,3193,Mes 3,-79,-29,850,Soleado
2021-07-29,3192,Mes 3,-79,-24,851,Soleado
2021-07-28,3191,Mes 3,-80,-23,853,Soleado
2021-07-27,3190,Mes 3,-78,-24,853,Soleado
2021-07-26,3189,Mes 3,-78,-22,854,Soleado
2021-07-25,3188,Mes 3,-79,-20,855,Soleado
2021-07-24,3187,Mes 3,-79,-26,856,Soleado
2021-07-23,3186,Mes 3,-79,-27,857,Soleado
2021-07-22,3185,Mes 3,-79,-29,859,Soleado
2021-07-20,3183,Mes 3,-79,-22,859,Soleado
2021-07-19,3182,Mes 3,-80,-24,859,Soleado
2021-07-18,3181,Mes 3,-80,-25,860,Soleado
2021-07-17,3180,Mes 3,-78,-24,860,Soleado
2021-07-16,3179,Mes 3,-79,-22,862,Soleado
2021-07-15,3178,Mes 3,-80,-23,862,Soleado
2021-07-14,3177,Mes 3,-79,-21,861,Soleado
2021-07-13,3176,Mes 3,-80,-23,862,Soleado
2021-07-12,3175,Mes 3,-79,-24,863,Soleado
2021-07-11,3174,Mes 3,-78,-26,863,Soleado
2021-07-10,3173,Mes 3,-79,-23,864,Soleado
2021-07-09,3172,Mes 3,-78,-23,864,Soleado
2021-07-08,3171,Mes 3,-79,-19,865,Soleado
2021-07-07,3170,Mes 3,-79,-21,866,Soleado
2021-07-06,3169,Mes 3,-79,-23,865,Soleado
2021-07-05,3168,Mes 3,-78,-23,864,Soleado
2021-07-04,3167,Mes 3,-79,-24,867,Soleado
2021-07-03,3166,Mes 3,-79,-23,867,Soleado
2021-07-02,3165,Mes 3,-80,-23,867,Soleado
2021-07-01,3164,Mes 3,-79,-25,867,Soleado
2021-06-30,3163,Mes 3,-78,-25,868,Soleado
2021-06-29,3162,Mes 3,-78,-28,868,Soleado
2021-06-27,3161,Mes 3,-78,-23,870,Soleado
2021-06-26,3160,Mes 3,-78,-28,869,Soleado
2021-06-25,3159,Mes 3,-78,-26,869,Soleado
2021-06-24,3158,Mes 3,-78,-26,870,Soleado
2021-06-23,3157,Mes 3,-78,-25,869,Soleado
2021-06-22,3156,Mes 3,-79,-26,870,Soleado
2021-06-21,3155,Mes 3,-78,-29,872,Soleado
2021-06-20,3154,Mes 3,-78,-21,872,Soleado
2021-06-19,3153,Mes 3,-77,-24,873,Soleado
2021-06-18,3152,Mes 3,-80,-22,872,Soleado
2021-06-17,3151,Mes 2,-79,-21,873,Soleado
2021-06-16,3150,Mes 2,-78,-26,873,Soleado
2021-06-15,3149,Mes 2,-78,-26,873,Soleado
2021-06-14,3148,Mes 2,-77,-31,873,Soleado
2021-06-13,3147,Mes 2,-80,-23,872,Soleado
2021-06-12,3146,Mes 2,-79,-22,872,Soleado
2021-06-11,3145,Mes 2,-79,-24,873,Soleado
2021-06-10,3144,Mes 2,-79,-19,873,Soleado
2021-06-09,3143,Mes 2,-79,-21,874,Soleado
2021-06-08,3142,Mes 2,-79,-21,874,Soleado
2021-06-07,3141,Mes 2,-79,-28,874,Soleado
2021-06-06,3140,Mes 2,-80,-23,873,Soleado
2021-06-05,3139,Mes 2,-80,-22,873,Soleado
2021-06-04,3138,Mes 2,-79,-26,874,Soleado
2021-06-03,3137,Mes 2,-78,-28,873,Soleado
2021-06-02,3136,Mes 2,-77,-28,873,Soleado
2021-06-01,3135,Mes 2,-78,-23,872,Soleado
2021-05-31,3134,Mes 2,-78,-22,872,Soleado
2021-05-30,3133,Mes 2,-78,-22,872,Soleado
2021-05-29,3132,Mes 2,-77,-23,871,Soleado
2021-05-28,3131,Mes 2,-76,-23,872,Soleado
2021-05-27,3130,Mes 2,-77,-22,872,Soleado
2021-05-19,3123,Mes 2,-71,-21,863,Soleado
2021-05-18,3122,Mes 2,-76,-24,868,Soleado
2021-05-17,3121,Mes 2,-77,-20,867,Soleado
2021-05-16,3120,Mes 2,-76,-22,867,Soleado
2021-05-15,3119,Mes 2,-76,-24,867,Soleado
2021-05-14,3118,Mes 2,-76,-26,866,Soleado
2021-05-13,3117,Mes 2,-77,-20,865,Soleado
2021-05-12,3116,Mes 2,-77,-17,865,Soleado
2021-05-11,3115,Mes 2,-77,-19,864,Soleado
2021-05-10,3114,Mes 2,-78,-15,864,Soleado
2021-05-09,3113,Mes 2,-77,-20,864,Soleado
2021-05-08,3112,Mes 2,-77,-19,864,Soleado
2021-05-07,3111,Mes 2,-77,-21,863,Soleado
2021-05-06,3110,Mes 2,-77,-17,862,Soleado
2021-05-05,3109,Mes 2,-73,-20,861,Soleado
2021-05-04,3108,Mes 2,-73,-26,861,Soleado
2021-05-03,3107,Mes 2,-76,-24,861,Soleado
2021-05-02,3106,Mes 2,-75,-27,861,Soleado
2021-05-01,3105,Mes 2,-74,-28,861,Soleado
2021-04-30,3104,Mes 2,-74,-25,860,Soleado
2021-04-29,3103,Mes 2,-74,-24,860,Soleado
2021-04-28,3102,Mes 2,-74,-25,860,Soleado
2021-04-27,3101,Mes 2,-78,-25,860,Soleado
2021-04-26,3100,Mes 2,-74,-25,860,Soleado
2021-04-25,3099,Mes 2,-73,-26,859,Soleado
2021-04-24,3098,Mes 2,-74,-28,859,Soleado
2021-04-23,3097,Mes 2,-75,-24,858,Soleado
2021-04-22,3096,Mes 2,-73,-26,857,Soleado
2021-04-21,3095,Mes 2,-74,-26,857,Soleado
2021-04-20,3094,Mes 2,-75,-26,857,Soleado
2021-04-19,3093,Mes 2,-72,-26,857,Soleado
2021-04-18,3092,Mes 2,-74,-26,855,Soleado
2021-04-17,3091,Mes 2,-74,-26,854,Soleado
2021-04-16,3090,Mes 2,-73,-26,853,Soleado
2021-04-15,3089,Mes 2,-74,-29,854,Soleado
2021-04-13,3088,Mes 2,-75,-27,855,Soleado
2021-04-12,3087,Mes 2,-75,-26,853,Soleado
2021-04-11,3086,Mes 2,-75,-23,852,Soleado
2021-04-10,3085,Mes 1,-75,-13,853,Soleado
2021-04-09,3084,Mes 1,-75,-15,852,Soleado
2021-04-08,3083,Mes 1,-75,-15,852,Soleado
2021-04-07,3082,Mes 1,-76,-13,850,Soleado
2021-04-06,3081,Mes 1,-76,-16,850,Soleado
2021-04-05,3080,Mes 1,-76,-19,850,Soleado
2021-04-04,3079,Mes 1,-74,-12,849,Soleado
2021-04-03,3078,Mes 1,-73,-11,849,Soleado
2021-04-02,3077,Mes 1,-74,-12,848,Soleado
2021-04-01,3076,Mes 1,-73,-12,847,Soleado
2021-03-31,3075,Mes 1,-74,-15,846,Soleado
2021-03-30,3074,Mes 1,-74,-15,845,Soleado
2021-03-29,3073,Mes 1,-73,-20,846,Soleado
2021-03-28,3072,Mes 1,-74,-17,844,Soleado
2021-03-27,3071,Mes 1,-74,-16,843,Soleado
2021-03-26,3070,Mes 1,-74,-15,843,Soleado
2021-03-25,3069,Mes 1,-74,-12,843,Soleado
2021-03-24,3068,Mes 1,-74,-18,845,Soleado
2021-03-23,3067,Mes 1,-74,-10,840,Soleado
2021-03-22,3066,Mes 1,-74,-13,839,Soleado
2021-03-21,3065,Mes 1,-77,-13,841,Soleado
2021-03-20,3064,Mes 1,-74,-13,840,Soleado
2021-03-19,3063,Mes 1,-74,-15,839,Soleado
2021-03-18,3062,Mes 1,-73,-15,838,Soleado
2021-03-17,3061,Mes 1,-74,-13,837,Soleado
2021-03-16,3060,Mes 1,-73,-14,839,Soleado
2021-03-15,3059,Mes 1,-77,-16,836,Soleado
2021-03-14,3058,Mes 1,-73,-15,837,Soleado
2021-03-13,3057,Mes 1,-73,-13,836,Soleado
2021-03-12,3056,Mes 1,-74,-14,834,Soleado
2021-03-11,3055,Mes 1,-73,-12,832,Soleado
2021-03-10,3054,Mes 1,-73,-13,832,Soleado
2021-03-09,3053,Mes 1,-73,-12,834,Soleado
2021-03-07,3052,Mes 1,-74,-14,834,Soleado
2021-03-06,3051,Mes 1,-74,-11,833,Soleado
2021-03-05,3050,Mes 1,-73,-11,833,Soleado
2021-03-04,3049,Mes 1,-73,-9,832,Soleado
2021-03-03,3048,Mes 1,-73,-14,830,Soleado
2021-03-02,3047,Mes 1,-72,-15,830,Soleado
2021-03-01,3046,Mes 1,-73,-11,830,Soleado
2021-02-28,3045,Mes 1,-74,-10,830,Soleado
2021-02-27,3044,Mes 1,-74,-6,829,Soleado
2021-02-26,3043,Mes 1,-74,-14,828,Soleado
2021-02-25,3042,Mes 1,-73,-17,827,Soleado
2021-02-24,3041,Mes 1,-73,-13,828,Soleado
2021-02-23,3040,Mes 1,-74,-22,828,Soleado
2021-02-22,3039,Mes 1,-72,-20,827,Soleado
2021-02-21,3038,Mes 1,-74,-10,825,Soleado
2021-02-20,3037,Mes 1,-74,-9,825,Soleado
2021-02-19,3036,Mes 1,-73,-15,824,Soleado
2021-02-18,3035,Mes 1,-74,-8,824,Soleado
2021-02-17,3034,Mes 1,-74,-18,825,Soleado
2021-02-16,3033,Mes 1,-73,-16,823,Soleado
2021-02-15,3032,Mes 1,-74,-7,822,Soleado
2021-02-14,3031,Mes 1,-74,-13,821,Soleado
2021-02-13,3030,Mes 1,-74,-20,821,Soleado
2021-02-12,3029,Mes 1,-73,-19,821,Soleado
2021-02-11,3028,Mes 1,-73,-18,821,Soleado
2021-02-10,3027,Mes 1,-74,-17,820,Soleado
2021-02-09,3026,Mes 1,-74,-7,820,Soleado
2021-02-08,3025,Mes 1,-74,-6,820,Soleado
2021-02-06,3023,Mes 12,-74,-15,818,Soleado
2021-02-05,3022,Mes 12,-73,-2,818,Soleado
2021-02-04,3021,Mes 12,-74,-6,819,Soleado
2021-02-03,3020,Mes 12,-74,-7,817,Soleado
2021-02-02,3019,Mes 12,-73,-6,816,Soleado
2021-02-01,3018,Mes 12,-72,-19,817,Soleado
2021-01-31,3017,Mes 12,-73,-17,817,Soleado
2021-01-30,3016,Mes 12,-73,-9,815,Soleado
2021-01-28,3015,Mes 12,-73,-14,816,Soleado
2021-01-27,3014,Mes 12,-73,-9,814,Soleado
2021-01-26,3013,Mes 12,-73,-10,813,Soleado
2021-01-25,3012,Mes 12,-74,-12,812,Soleado
2021-01-24,3011,Mes 12,-73,-18,817,Soleado
2021-01-23,3010,Mes 12,-73,-16,817,Soleado
2021-01-22,3009,Mes 12,-77,-15,815,Soleado
2021-01-21,3008,Mes 12,-73,-3,814,Soleado
2021-01-20,3007,Mes 12,-73,-3,814,Soleado
2021-01-19,3006,Mes 12,-73,-14,814,Soleado
2021-01-18,3005,Mes 12,-73,-10,813,Soleado
2021-01-17,3004,Mes 12,-73,-17,813,Soleado
2021-01-16,3003,Mes 12,-73,-16,815,Soleado
2021-01-15,3002,Mes 12,-73,-14,815,Soleado
2021-01-14,3001,Mes 12,-74,-13,813,Soleado
2021-01-13,3000,Mes 12,-73,-16,812,Soleado
2021-01-12,2999,Mes 12,-73,-18,813,Soleado
2021-01-11,2998,Mes 12,-72,-17,812,Soleado
2021-01-10,2997,Mes 12,-72,-18,811,Soleado
2021-01-09,2996,Mes 12,-72,-18,812,Soleado
2021-01-08,2995,Mes 12,-74,-5,814,Soleado
2021-01-07,2994,Mes 12,-75,-6,814,Soleado
2021-01-06,2993,Mes 12,-74,-11,813,Soleado
2021-01-05,2992,Mes 12,-72,-10,815,Soleado
2021-01-04,2991,Mes 12,-100,-4,813,Soleado
2021-01-03,2990,Mes 12,-73,-5,811,Soleado
2021-01-02,2989,Mes 12,-73,-3,814,Soleado
2021-01-01,2988,Mes 12,-72,-10,813,Soleado
2020-12-31,2987,Mes 12,-74,-13,812,Soleado
2020-12-30,2986,Mes 12,-73,-11,813,Soleado
2020-12-29,2985,Mes 12,-72,-7,814,Soleado
2020-12-28,2984,Mes 12,-73,-8,814,Soleado
2020-12-27,2983,Mes 12,-73,-4,814,Soleado
2020-12-26,2982,Mes 12,-73,-6,814,Soleado
2020-12-25,2981,Mes 12,-72,-5,817,Soleado
2020-12-24,2980,Mes 12,-74,-10,816,Soleado
2020-12-22,2979,Mes 12,-71,-6,818,Soleado
2020-12-21,2978,Mes 12,-72,-1,815,Soleado
2020-12-20,2977,Mes 12,-72,-4,816,Soleado
2020-12-19,2976,Mes 12,-72,-10,816,Soleado
2020-12-18,2975,Mes 12,-73,-7,815,Soleado
2020-12-17,2974,Mes 12,-72,-15,818,Soleado
2020-12-16,2973,Mes 12,-72,-6,817,Soleado
2020-12-15,2972,Mes 12,-69,-5,818,Soleado
2020-12-14,2971,Mes 12,-70,-7,815,Soleado
2020-12-13,2970,Mes 12,-72,-10,815,Soleado
2020-12-12,2969,Mes 11,-71,-10,817,Soleado
2020-12-11,2968,Mes 11,-71,-10,815,Soleado
2020-12-10,2967,Mes 11,-56,-7,793,Soleado
2020-12-08,2965,Mes 11,-69,-54,843,Soleado
2020-12-07,2964,Mes 11,-69,-6,818,Soleado
2020-12-06,2963,Mes 11,-70,-9,813,Soleado
2020-12-05,2962,Mes 11,-69,-11,818,Soleado
2020-12-04,2961,Mes 11,-69,-9,817,Soleado
2020-12-03,2960,Mes 11,-69,-10,819,Soleado
2020-12-02,2959,Mes 11,-69,-6,818,Soleado
2020-12-01,2958,Mes 11,-74,-2,819,Soleado
2020-11-30,2957,Mes 11,-70,-12,819,Soleado
2020-11-29,2956,Mes 11,-70,-5,819,Soleado
2020-11-28,2955,Mes 11,-69,-3,821,Soleado
2020-11-27,2954,Mes 11,-69,-5,821,Soleado
2020-11-26,2953,Mes 11,-69,-8,823,Soleado
2020-11-25,2952,Mes 11,-68,-4,824,Soleado
2020-11-24,2951,Mes 11,-68,-8,827,Soleado
2020-11-23,2950,Mes 11,-69,-7,828,Soleado
2020-11-22,2949,Mes 11,-69,-3,827,Soleado
2020-11-21,2948,Mes 11,-69,-2,826,Soleado
2020-11-20,2947,Mes 11,-70,-3,826,Soleado
2020-11-19,2946,Mes 11,-71,-3,830,Soleado
2020-11-18,2945,Mes 11,-69,-2,834,Soleado
2020-11-17,2944,Mes 11,-70,-3,832,Soleado
2020-11-15,2943,Mes 11,-70,-6,829,Soleado
2020-11-14,2942,Mes 11,-69,-6,832,Soleado
2020-11-13,2941,Mes 11,-71,-10,828,Soleado
2020-11-12,2940,Mes 11,-70,-4,834,Soleado
2020-11-11,2939,Mes 11,-71,-9,835,Soleado
2020-11-10,2938,Mes 11,-70,-14,836,Soleado
2020-11-09,2937,Mes 11,-69,-14,837,Soleado
2020-11-08,2936,Mes 11,-70,-13,835,Soleado
2020-11-07,2935,Mes 11,Valor no disponible,Valor no disponible,837,Soleado
2020-11-06,2934,Mes 11,-70,1,834,Soleado
2020-11-05,2933,Mes 11,-69,-6,840,Soleado
2020-11-04,2932,Mes 11,-69,-3,839,Soleado
2020-11-03,2931,Mes 11,-69,-3,845,Soleado
2020-11-02,2930,Mes 11,-70,0,839,Soleado
2020-11-01,2929,Mes 11,-70,-3,838,Soleado
2020-10-31,2928,Mes 11,-71,-3,840,Soleado
2020-10-30,2927,Mes 11,-71,-3,841,Soleado
2020-10-29,2926,Mes 11,-70,-4,846,Soleado
2020-10-28,2925,Mes 11,-69,-2,844,Soleado
2020-10-27,2924,Mes 11,-69,-4,847,Soleado
2020-10-26,2923,Mes 11,-70,2,843,Soleado
2020-10-25,2922,Mes 11,-70,3,844,Soleado
2020-10-24,2921,Mes 11,-70,-1,845,Soleado
2020-10-23,2920,Mes 11,-70,-2,845,Soleado
2020-10-22,2919,Mes 11,-70,0,851,Soleado
2020-10-21,2918,Mes 10,-70,-2,852,Soleado
2020-10-20,2917,Mes 10,-71,-1,851,Soleado
2020-10-19,2916,Mes 10,-69,-2,848,Soleado
2020-10-18,2915,Mes 10,-70,-1,849,Soleado
2020-10-17,2914,Mes 10,-71,-1,850,Soleado
2020-10-16,2913,Mes 10,-70,-2,849,Soleado
2020-10-15,2912,Mes 10,-69,1,853,Soleado
2020-10-14,2911,Mes 10,-70,1,854,Soleado
2020-10-13,2910,Mes 10,-70,-1,854,Soleado
2020-10-12,2909,Mes 10,-70,-1,853,Soleado
2020-10-11,2908,Mes 10,-70,-1,854,Soleado
2020-10-10,2907,Mes 10,-70,-2,854,Soleado
2020-10-08,2906,Mes 10,-71,2,855,Soleado
2020-10-07,2905,Mes 10,-70,-1,859,Soleado
2020-10-06,2904,Mes 10,-70,-2,860,Soleado
2020-10-05,2903,Mes 10,-70,0,859,Soleado
2020-10-04,2902,Mes 10,-69,-7,856,Soleado
2020-10-03,2901,Mes 10,-70,2,860,Soleado
2020-10-02,2900,Mes 10,-69,0,861,Soleado
2020-10-01,2899,Mes 10,-71,-3,866,Soleado
2020-09-30,2898,Mes 10,-70,-3,869,Soleado
2020-09-29,2897,Mes 10,-68,-1,867,Soleado
2020-09-28,2896,Mes 10,-70,-4,866,Soleado
2020-09-27,2895,Mes 10,-69,-2,865,Soleado
2020-09-26,2894,Mes 10,-70,-1,867,Soleado
2020-09-25,2893,Mes 10,-72,0,869,Soleado
2020-09-24,2892,Mes 10,-70,-1,871,Soleado
2020-09-23,2891,Mes 10,-70,-3,872,Soleado
2020-09-22,2890,Mes 10,-71,0,871,Soleado
2020-09-21,2889,Mes 10,-71,3,870,Soleado
2020-09-20,2888,Mes 10,-70,4,870,Soleado
2020-09-19,2887,Mes 10,-70,0,872,Soleado
2020-09-18,2886,Mes 10,-71,-1,870,Soleado
2020-09-17,2885,Mes 10,-69,-3,873,Soleado
2020-09-16,2884,Mes 10,-69,-6,873,Soleado
2020-09-15,2883,Mes 10,-67,-1,872,Soleado
2020-09-14,2882,Mes 10,-69,2,873,Soleado
2020-09-13,2881,Mes 10,-68,3,874,Soleado
2020-09-12,2880,Mes 10,-71,-2,876,Soleado
2020-09-11,2879,Mes 10,-69,2,877,Soleado
2020-09-10,2878,Mes 10,-69,-4,879,Soleado
2020-09-09,2877,Mes 10,-69,-1,881,Soleado
2020-09-08,2876,Mes 10,-69,-1,881,Soleado
2020-09-07,2875,Mes 10,-69,-2,881,Soleado
2020-09-06,2874,Mes 10,-70,0,882,Soleado
2020-09-05,2873,Mes 10,-70,-2,884,Soleado
2020-09-04,2872,Mes 10,-70,-1,884,Soleado
2020-09-03,2871,Mes 10,-69,0,885,Soleado
2020-09-01,2870,Mes 9,-69,1,888,Soleado
2020-08-31,2869,Mes 9,-70,-2,887,Soleado
2020-08-30,2868,Mes 9,-69,0,887,Soleado
2020-08-29,2867,Mes 9,-69,-3,889,Soleado
2020-08-28,2866,Mes 9,-69,-1,888,Soleado
2020-08-27,2865,Mes 9,-68,1,887,Soleado
2020-08-26,2864,Mes 9,-68,-3,885,Soleado
2020-08-25,2863,Mes 9,-68,0,883,Soleado
2020-08-24,2862,Mes 9,-67,-3,884,Soleado
2020-08-23,2861,Mes 9,-67,2,885,Soleado
2020-08-22,2860,Mes 9,-68,-1,884,Soleado
2020-08-21,2859,Mes 9,-67,0,886,Soleado
2020-08-20,2858,Mes 9,-68,-1,886,Soleado
2020-08-19,2857,Mes 9,-67,1,888,Soleado
2020-08-18,2856,Mes 9,-67,-2,889,Soleado
2020-08-17,2855,Mes 9,-69,-3,890,Soleado
2020-08-16,2854,Mes 9,-69,-1,894,Soleado
2020-08-15,2853,Mes 9,-68,0,894,Soleado
2020-08-14,2852,Mes 9,-69,0,894,Soleado
2020-08-13,2851,Mes 9,-68,-1,894,Soleado
2020-08-12,2850,Mes 9,-68,-4,896,Soleado
2020-08-11,2849,Mes 9,-74,4,894,Soleado
2020-08-10,2848,Mes 9,-69,-2,893,Soleado
2020-08-09,2847,Mes 9,-68,3,895,Soleado
2020-08-08,2846,Mes 9,-67,0,894,Soleado
2020-08-07,2845,Mes 9,-68,-1,892,Soleado
2020-08-06,2844,Mes 9,-99,-1,889,Soleado
2020-08-05,2843,Mes 9,-69,-8,889,Soleado
2020-08-04,2842,Mes 9,-68,-1,890,Soleado
2020-08-03,2841,Mes 9,-68,3,889,Soleado
2020-08-02,2840,Mes 9,-72,0,889,Soleado
2020-08-01,2839,Mes 9,-68,-1,893,Soleado
2020-07-31,2838,Mes 9,-68,-3,892,Soleado
2020-07-30,2837,Mes 9,-67,-5,892,Soleado
2020-07-29,2836,Mes 9,-71,1,890,Soleado
2020-07-28,2835,Mes 9,-68,-7,890,Soleado
2020-07-27,2834,Mes 9,-67,0,888,Soleado
2020-07-25,2833,Mes 9,-66,0,888,Soleado
2020-07-24,2832,Mes 9,-70,0,887,Soleado
2020-07-23,2831,Mes 9,-68,1,885,Soleado
2020-07-22,2830,Mes 9,-66,-1,884,Soleado
2020-07-21,2829,Mes 9,-66,1,882,Soleado
2020-07-20,2828,Mes 9,-67,-6,882,Soleado
2020-07-19,2827,Mes 9,-64,-6,881,Soleado
2020-07-18,2826,Mes 9,-67,-7,882,Soleado
2020-07-17,2825,Mes 9,-67,-9,881,Soleado
2020-07-16,2824,Mes 8,-66,-4,879,Soleado
2020-07-15,2823,Mes 8,-70,-5,880,Soleado
2020-07-14,2822,Mes 8,-70,-5,878,Soleado
2020-07-13,2821,Mes 8,-66,-7,875,Soleado
2020-07-12,2820,Mes 8,-67,0,876,Soleado
2020-07-11,2819,Mes 8,-67,-4,874,Soleado
2020-07-10,2818,Mes 8,-67,-6,873,Soleado
2020-07-09,2817,Mes 8,-65,-4,873,Soleado
2020-07-08,2816,Mes 8,-52,-1,843,Soleado
2020-07-06,2814,Mes 8,-63,-53,895,Soleado
2020-07-05,2813,Mes 8,-65,-2,864,Soleado
2020-07-04,2812,Mes 8,-67,0,865,Soleado
2020-07-03,2811,Mes 8,-64,-1,863,Soleado
2020-07-02,2810,Mes 8,-52,-1,832,Soleado
2020-06-29,2807,Mes 8,-66,-1,869,Soleado
2020-06-28,2806,Mes 8,-65,-1,858,Soleado
2020-06-27,2805,Mes 8,-99,1,859,Soleado
2020-06-26,2804,Mes 8,-66,-1,860,Soleado
2020-06-25,2803,Mes 8,-100,1,854,Soleado
2020-06-24,2802,Mes 8,-69,-3,855,Soleado
2020-06-23,2801,Mes 8,-67,0,850,Soleado
2020-06-22,2800,Mes 8,-67,3,847,Soleado
2020-06-21,2799,Mes 8,-66,5,843,Soleado
2020-06-20,2798,Mes 8,-67,4,844,Soleado
2020-06-18,2797,Mes 8,-71,1,842,Soleado
2020-06-17,2796,Mes 8,-68,3,839,Soleado
2020-06-16,2795,Mes 8,-70,6,840,Soleado
2020-06-15,2794,Mes 8,-68,3,834,Soleado
2020-06-14,2793,Mes 8,-68,6,832,Soleado
2020-06-13,2792,Mes 8,-68,5,833,Soleado
2020-06-12,2791,Mes 8,-67,3,830,Soleado
2020-06-11,2790,Mes 8,-66,3,831,Soleado
2020-06-10,2789,Mes 8,-67,-4,829,Soleado
2020-06-09,2788,Mes 8,-68,-4,830,Soleado
2020-06-08,2787,Mes 8,-69,-4,828,Soleado
2020-06-07,2786,Mes 8,-68,-3,825,Soleado
2020-06-06,2785,Mes 8,-69,-3,824,Soleado
2020-06-05,2784,Mes 8,-68,-5,817,Soleado
2020-06-04,2783,Mes 8,-69,-5,817,Soleado
2020-06-03,2782,Mes 8,-66,-4,815,Soleado
2020-06-02,2781,Mes 8,-67,0,814,Soleado
2020-06-01,2780,Mes 8,-70,0,813,Soleado
2020-05-31,2779,Mes 8,-67,-5,810,Soleado
2020-05-30,2778,Mes 8,-67,-7,811,Soleado
2020-05-29,2777,Mes 7,-69,-7,808,Soleado
2020-05-28,2776,Mes 7,-69,-6,804,Soleado
2020-05-27,2775,Mes 7,-69,-7,805,Soleado
2020-05-26,2774,Mes 7,-67,-5,802,Soleado
2020-05-25,2773,Mes 7,-69,-6,801,Soleado
2020-05-24,2772,Mes 7,-68,-5,799,Soleado
2020-05-23,2771,Mes 7,-70,-7,796,Soleado
2020-05-22,2770,Mes 7,-69,-6,797,Soleado
2020-05-21,2769,Mes 7,-69,-4,793,Soleado
2020-05-20,2768,Mes 7,-69,-5,791,Soleado
2020-05-19,2767,Mes 7,-69,-6,791,Soleado
2020-05-18,2766,Mes 7,-69,-7,788,Soleado
2020-05-17,2765,Mes 7,-69,-6,787,Soleado
2020-05-16,2764,Mes 7,-68,-6,786,Soleado
2020-05-15,2763,Mes 7,-67,-6,782,Soleado
2020-05-14,2762,Mes 7,-68,-6,781,Soleado
2020-05-12,2761,Mes 7,-67,-7,779,Soleado
2020-05-11,2760,Mes 7,-70,-7,778,Soleado
2020-05-10,2759,Mes 7,-69,-5,777,Soleado
2020-05-09,2758,Mes 7,-68,-6,775,Soleado
2020-05-08,2757,Mes 7,-71,-6,773,Soleado
2020-05-07,2756,Mes 7,-69,-7,771,Soleado
2020-05-06,2755,Mes 7,-70,-7,769,Soleado
2020-05-05,2754,Mes 7,-69,-8,769,Soleado
2020-05-04,2753,Mes 7,-69,-7,767,Soleado
2020-05-03,2752,Mes 7,-69,-6,766,Soleado
2020-05-02,2751,Mes 7,-68,-7,765,Soleado
2020-05-01,2750,Mes 7,-69,-7,763,Soleado
2020-04-30,2749,Mes 7,-67,-7,762,Soleado
2020-04-29,2748,Mes 7,-68,-9,761,Soleado
2020-04-28,2747,Mes 7,-69,-9,761,Soleado
2020-04-27,2746,Mes 7,-70,-9,759,Soleado
2020-04-26,2745,Mes 7,-70,-4,757,Soleado
2020-04-25,2744,Mes 7,-68,8,755,Soleado
2020-04-24,2743,Mes 7,-68,-3,753,Soleado
2020-04-23,2742,Mes 7,-68,-3,752,Soleado
2020-04-22,2741,Mes 7,-69,-1,752,Soleado
2020-04-19,2738,Mes 7,-69,0,745,Soleado
2020-04-18,2737,Mes 7,-67,0,745,Soleado
2020-04-17,2736,Mes 7,-70,0,745,Soleado
2020-04-16,2735,Mes 7,-67,-3,743,Soleado
2020-04-15,2734,Mes 7,-66,-6,744,Soleado
2020-04-14,2733,Mes 7,-69,-11,742,Soleado
2020-04-13,2732,Mes 7,-69,-8,739,Soleado
2020-04-12,2731,Mes 7,-68,-4,739,Soleado
2020-04-11,2730,Mes 7,-68,-11,740,Soleado
2020-04-10,2729,Mes 7,-68,-4,737,Soleado
2020-04-09,2728,Mes 6,-68,-2,737,Soleado
2020-04-08,2727,Mes 6,-68,-5,735,Soleado
2020-04-07,2726,Mes 6,-68,-4,734,Soleado
2020-04-06,2725,Mes 6,-68,-4,733,Soleado
2020-04-04,2724,Mes 6,-68,-6,732,Soleado
2020-04-03,2723,Mes 6,-68,-4,732,Soleado
2020-04-02,2722,Mes 6,-67,-3,731,Soleado
2020-04-01,2721,Mes 6,-71,-5,731,Soleado
2020-03-31,2720,Mes 6,-69,-7,728,Soleado
2020-03-30,2719,Mes 6,-69,-10,728,Soleado
2020-03-29,2718,Mes 6,-68,-8,727,Soleado
2020-03-28,2717,Mes 6,-68,-5,727,Soleado
2020-03-27,2716,Mes 6,-69,-6,726,Soleado
2020-03-26,2715,Mes 6,-68,-6,724,Soleado
2020-03-25,2714,Mes 6,-68,-9,723,Soleado
2020-03-24,2713,Mes 6,-70,-6,722,Soleado
2020-03-23,2712,Mes 6,-69,-5,721,Soleado
2020-03-22,2711,Mes 6,-69,-6,721,Soleado
2020-03-21,2710,Mes 6,-70,-6,721,Soleado
2020-03-20,2709,Mes 6,-69,-6,720,Soleado
2020-03-19,2708,Mes 6,-69,-5,720,Soleado
2020-03-18,2707,Mes 6,-69,-7,718,Soleado
2020-03-16,2705,Mes 6,-70,-12,718,Soleado
2020-03-15,2704,Mes 6,-70,-8,718,Soleado
2020-03-14,2703,Mes 6,-70,-8,716,Soleado
2020-03-13,2702,Mes 6,-70,-5,714,Soleado
2020-03-12,2701,Mes 6,-73,-3,715,Soleado
2020-03-11,2700,Mes 6,-71,-4,716,Soleado
2020-03-10,2699,Mes 6,-68,-6,715,Soleado
2020-03-09,2698,Mes 6,-69,-10,715,Soleado
2020-03-08,2697,Mes 6,-70,-1,716,Soleado
2020-03-07,2696,Mes 6,-71,-2,713,Soleado
2020-03-06,2695,Mes 6,-70,-10,712,Soleado
2020-03-05,2694,Mes 6,-70,-10,711,Soleado
2020-03-04,2693,Mes 6,-69,-13,712,Soleado
2020-03-03,2692,Mes 6,-70,-13,712,Soleado
2020-03-02,2691,Mes 6,-69,-8,710,Soleado
2020-03-01,2690,Mes 6,-69,-11,710,Soleado
2020-02-29,2689,Mes 6,-69,-12,710,Soleado
2020-02-27,2688,Mes 6,-68,-12,712,Soleado
2020-02-26,2687,Mes 6,-71,-12,710,Soleado
2020-02-25,2686,Mes 6,-71,-12,711,Soleado
2020-02-24,2685,Mes 6,-69,-11,711,Soleado
2020-02-23,2684,Mes 6,-70,-12,711,Soleado
2020-02-22,2683,Mes 6,-70,-10,711,Soleado
2020-02-21,2682,Mes 6,-70,-13,711,Soleado
2020-02-20,2681,Mes 6,-70,-13,710,Soleado
2020-02-19,2680,Mes 6,-70,-13,711,Soleado
2020-02-18,2679,Mes 6,-70,-12,712,Soleado
2020-02-17,2678,Mes 6,-71,-11,711,Soleado
2020-02-16,2677,Mes 6,-72,-11,710,Soleado
2020-02-15,2676,Mes 6,-71,-14,711,Soleado
2020-02-14,2675,Mes 6,-71,-13,712,Soleado
2020-02-13,2674,Mes 6,-71,-14,712,Soleado
2020-02-12,2673,Mes 5,-71,-12,710,Soleado
2020-02-11,2672,Mes 5,-70,-12,710,Soleado
2020-02-10,2671,Mes 5,-71,-14,709,Soleado
2020-02-09,2670,Mes 5,-71,-14,710,Soleado
2020-02-08,2669,Mes 5,-71,-12,709,Soleado
2020-02-07,2668,Mes 5,-70,-13,709,Soleado
2020-02-06,2667,Mes 5,-70,-13,709,Soleado
2020-02-05,2666,Mes 5,-70,-11,708,Soleado
2020-02-04,2665,Mes 5,-69,-13,707,Soleado
2020-02-03,2664,Mes 5,-68,-13,708,Soleado
2020-02-02,2663,Mes 5,-70,-7,708,Soleado
2020-02-01,2662,Mes 5,-69,-8,709,Soleado
2020-01-31,2661,Mes 5,-71,-7,710,Soleado
2020-01-30,2660,Mes 5,-71,-11,710,Soleado
2020-01-29,2659,Mes 5,-74,-7,710,Soleado
2020-01-28,2658,Mes 5,-73,-14,713,Soleado
2020-01-27,2657,Mes 5,-74,-11,715,Soleado
2020-01-26,2656,Mes 5,-73,-13,715,Soleado
2020-01-25,2655,Mes 5,-74,-14,715,Soleado
2020-01-24,2654,Mes 5,-74,-10,717,Soleado
2020-01-23,2653,Mes 5,-75,-14,718,Soleado
2020-01-21,2652,Mes 5,-75,-16,717,Soleado
2020-01-20,2651,Mes 5,-75,-11,718,Soleado
2020-01-19,2650,Mes 5,-77,-17,720,Soleado
2020-01-18,2649,Mes 5,-78,-15,720,Soleado
2020-01-17,2648,Mes 5,-77,-15,721,Soleado
2020-01-16,2647,Mes 5,-77,-13,722,Soleado
2020-01-15,2646,Mes 5,-77,-15,724,Soleado
2020-01-14,2645,Mes 5,-78,-19,724,Soleado
2020-01-13,2644,Mes 5,-79,-17,724,Soleado
2020-01-12,2643,Mes 5,-75,-16,725,Soleado
2020-01-11,2642,Mes 5,-75,-14,727,Soleado
2020-01-10,2641,Mes 5,-75,-13,725,Soleado
2020-01-09,2640,Mes 5,-75,-18,727,Soleado
2020-01-08,2639,Mes 5,-76,-16,728,Soleado
2020-01-07,2638,Mes 5,-76,-18,728,Soleado
2020-01-06,2637,Mes 5,-75,-16,729,Soleado
2020-01-05,2636,Mes 5,-74,-17,730,Soleado
2020-01-04,2635,Mes 5,-76,-20,731,Soleado
2020-01-03,2634,Mes 5,-75,-17,731,Soleado
2020-01-02,2633,Mes 5,-76,-14,732,Soleado
2020-01-01,2632,Mes 5,-76,-13,732,Soleado
2019-12-31,2631,Mes 5,-76,-17,734,Soleado
2019-12-30,2630,Mes 5,-77,-20,734,Soleado
2019-12-29,2629,Mes 5,-76,-17,735,Soleado
2019-12-28,2628,Mes 5,-76,-18,736,Soleado
2019-12-27,2627,Mes 5,-75,-17,737,Soleado
2019-12-26,2626,Mes 5,-76,-16,737,Soleado
2019-12-25,2625,Mes 5,-77,-22,738,Soleado
2019-12-24,2624,Mes 5,-77,-21,741,Soleado
2019-12-23,2623,Mes 5,-76,-21,741,Soleado
2019-12-22,2622,Mes 5,-76,-20,742,Soleado
2019-12-21,2621,Mes 5,-77,-20,742,Soleado
2019-12-20,2620,Mes 5,-77,-19,743,Soleado
2019-12-19,2619,Mes 5,-77,-21,744,Soleado
2019-12-18,2618,Mes 5,-77,-21,746,Soleado
2019-12-17,2617,Mes 5,-79,-26,746,Soleado
2019-12-16,2616,Mes 5,-77,-23,747,Soleado
2019-12-14,2615,Mes 5,-78,-19,748,Soleado
2019-12-13,2614,Mes 5,-78,-20,748,Soleado
2019-12-12,2613,Mes 4,-77,-25,750,Soleado
2019-12-11,2612,Mes 4,-76,-25,752,Soleado
2019-12-10,2611,Mes 4,-77,-21,753,Soleado
2019-12-09,2610,Mes 4,-78,-21,754,Soleado
2019-12-08,2609,Mes 4,-78,-22,755,Soleado
2019-12-07,2608,Mes 4,-78,-20,755,Soleado
2019-12-06,2607,Mes 4,-78,-20,756,Soleado
2019-12-05,2606,Mes 4,-77,-21,758,Soleado
2019-12-04,2605,Mes 4,-77,-20,760,Soleado
2019-12-03,2604,Mes 4,-79,-19,760,Soleado
2019-12-02,2603,Mes 4,-79,-23,761,Soleado
2019-12-01,2602,Mes 4,-78,-17,762,Soleado
2019-11-30,2601,Mes 4,-78,-23,764,Soleado
2019-11-29,2600,Mes 4,-78,-19,766,Soleado
2019-11-28,2599,Mes 4,-77,-21,766,Soleado
2019-11-27,2598,Mes 4,-78,-20,768,Soleado
2019-11-26,2597,Mes 4,-78,-19,768,Soleado
2019-11-25,2596,Mes 4,-78,-21,770,Soleado
2019-11-24,2595,Mes 4,-79,-21,771,Soleado
2019-11-23,2594,Mes 4,-79,-22,772,Soleado
2019-11-22,2593,Mes 4,-79,-21,773,Soleado
2019-11-21,2592,Mes 4,-78,-25,775,Soleado
2019-11-20,2591,Mes 4,-78,-25,776,Soleado
2019-11-19,2590,Mes 4,-79,-22,777,Soleado
2019-11-18,2589,Mes 4,-79,-27,778,Soleado
2019-11-17,2588,Mes 4,-77,-27,780,Soleado
2019-11-16,2587,Mes 4,-78,-28,781,Soleado
2019-11-15,2586,Mes 4,-78,-28,781,Soleado
2019-11-14,2585,Mes 4,-78,-20,782,Soleado
2019-11-13,2584,Mes 4,-78,-22,783,Soleado
2019-11-12,2583,Mes 4,-78,-19,784,Soleado
2019-11-11,2582,Mes 4,-79,-24,786,Soleado
2019-11-10,2581,Mes 4,-78,-20,788,Soleado
2019-11-09,2580,Mes 4,-79,-24,788,Soleado
2019-11-07,2579,Mes 4,-80,-25,790,Soleado
2019-11-06,2578,Mes 4,-78,-22,792,Soleado
2019-11-05,2577,Mes 4,-80,-22,793,Soleado
2019-11-04,2576,Mes 4,-80,-26,794,Soleado
2019-11-03,2575,Mes 4,-80,-26,796,Soleado
2019-11-02,2574,Mes 4,-77,-32,797,Soleado
2019-11-01,2573,Mes 4,-77,-32,797,Soleado
2019-10-31,2572,Mes 4,-80,-22,798,Soleado
2019-10-30,2571,Mes 4,-79,-27,800,Soleado
2019-10-29,2570,Mes 4,-78,-28,801,Soleado
2019-10-28,2569,Mes 4,-78,-22,803,Soleado
2019-10-27,2568,Mes 4,-80,-28,805,Soleado
2019-10-26,2567,Mes 4,-79,-21,806,Soleado
2019-10-25,2566,Mes 4,-80,-27,807,Soleado
2019-10-24,2565,Mes 4,-79,-27,808,Soleado
2019-10-23,2564,Mes 4,-79,-31,810,Soleado
2019-10-22,2563,Mes 4,-78,-29,811,Soleado
2019-10-21,2562,Mes 4,-79,-29,812,Soleado
2019-10-20,2561,Mes 4,-79,-25,814,Soleado
2019-10-19,2560,Mes 4,-79,-26,814,Soleado
2019-10-18,2559,Mes 4,-79,-26,816,Soleado
2019-10-17,2558,Mes 4,-81,-29,818,Soleado
2019-10-16,2557,Mes 4,-82,-26,819,Soleado
2019-10-15,2556,Mes 4,-82,-28,821,Soleado
2019-10-14,2555,Mes 4,-81,-30,822,Soleado
2019-10-13,2554,Mes 4,-82,-27,824,Soleado
2019-10-12,2553,Mes 4,-82,-28,824,Soleado
2019-10-11,2552,Mes 4,-82,-30,826,Soleado
2019-10-10,2551,Mes 4,-82,-30,828,Soleado
2019-10-09,2550,Mes 4,-83,-31,829,Soleado
2019-10-08,2549,Mes 3,-82,-30,830,Soleado
2019-10-07,2548,Mes 3,-81,-28,831,Soleado
2019-10-06,2547,Mes 3,-82,-24,832,Soleado
2019-10-05,2546,Mes 3,-82,-31,833,Soleado
2019-10-04,2545,Mes 3,-81,-33,835,Soleado
2019-10-03,2544,Mes 3,-81,-30,837,Soleado
2019-10-02,2543,Mes 3,-82,-29,837,Soleado
2019-09-30,2542,Mes 3,-83,-26,838,Soleado
2019-09-29,2541,Mes 3,-81,-30,839,Soleado
2019-09-28,2540,Mes 3,-81,-30,840,Soleado
2019-09-27,2539,Mes 3,-81,-30,842,Soleado
2019-09-26,2538,Mes 3,-83,-28,843,Soleado
2019-09-25,2537,Mes 3,-80,-29,843,Soleado
2019-09-24,2536,Mes 3,-82,-30,844,Soleado
2019-09-23,2535,Mes 3,-82,-25,845,Soleado
2019-09-22,2534,Mes 3,-82,-29,847,Soleado
2019-09-21,2533,Mes 3,-83,-32,847,Soleado
2019-09-20,2532,Mes 3,-81,-31,849,Soleado
2019-09-19,2531,Mes 3,-81,-32,850,Soleado
2019-09-18,2530,Mes 3,-82,-27,850,Soleado
2019-09-17,2529,Mes 3,-81,-30,851,Soleado
2019-09-16,2528,Mes 3,-81,-28,852,Soleado
2019-09-15,2527,Mes 3,-83,-31,854,Soleado
2019-09-14,2526,Mes 3,-82,-29,854,Soleado
2019-09-13,2525,Mes 3,-83,-29,855,Soleado
2019-09-12,2524,Mes 3,-80,-31,856,Soleado
2019-09-11,2523,Mes 3,-82,-28,857,Soleado
2019-09-10,2522,Mes 3,-82,-32,858,Soleado
2019-09-09,2521,Mes 3,-80,-29,859,Soleado
2019-09-08,2520,Mes 3,-81,-32,859,Soleado
2019-09-07,2519,Mes 3,-82,-31,859,Soleado
2019-09-06,2518,Mes 3,-81,-26,860,Soleado
2019-09-05,2517,Mes 3,-82,-29,862,Soleado
2019-09-04,2516,Mes 3,-82,-31,862,Soleado
2019-09-03,2515,Mes 3,-81,-32,864,Soleado
2019-09-02,2514,Mes 3,-81,-29,865,Soleado
2019-09-01,2513,Mes 3,-81,-28,864,Soleado
2019-08-31,2512,Mes 3,-82,-28,864,Soleado
2019-08-30,2511,Mes 3,-81,-30,865,Soleado
2019-08-29,2510,Mes 3,-81,-33,866,Soleado
2019-08-28,2509,Mes 3,-82,-33,867,Soleado
2019-08-27,2508,Mes 3,-82,-33,868,Soleado
2019-08-26,2507,Mes 3,-82,-28,869,Soleado
2019-08-24,2506,Mes 3,-81,-31,869,Soleado
2019-08-23,2505,Mes 3,-81,-32,870,Soleado
2019-08-22,2504,Mes 3,-81,-33,870,Soleado
2019-08-21,2503,Mes 3,-81,-32,870,Soleado
2019-08-20,2502,Mes 3,-81,-31,871,Soleado
2019-08-19,2501,Mes 3,-81,-27,871,Soleado
2019-08-18,2500,Mes 3,-81,-30,871,Soleado
2019-08-17,2499,Mes 3,-82,-28,871,Soleado
2019-08-16,2498,Mes 3,-81,-33,872,Soleado
2019-08-15,2497,Mes 3,-82,-28,873,Soleado
2019-08-14,2496,Mes 3,-80,-29,873,Soleado
2019-08-13,2495,Mes 3,-81,-32,873,Soleado
2019-08-12,2494,Mes 3,-81,-28,872,Soleado
2019-08-11,2493,Mes 3,-81,-29,872,Soleado
2019-08-10,2492,Mes 3,-81,-32,872,Soleado
2019-08-09,2491,Mes 3,-80,-29,873,Soleado
2019-08-08,2490,Mes 3,-80,-28,873,Soleado
2019-08-07,2489,Mes 3,-81,-29,872,Soleado
2019-08-06,2488,Mes 3,-80,-27,872,Soleado
2019-08-05,2487,Mes 3,-82,-31,872,Soleado
2019-08-04,2486,Mes 3,-82,-28,873,Soleado
2019-08-03,2485,Mes 3,-81,-31,874,Soleado
2019-08-02,2484,Mes 3,-80,-33,874,Soleado
2019-08-01,2483,Mes 3,-81,-28,874,Soleado
2019-07-31,2482,Mes 2,-80,-29,873,Soleado
2019-07-30,2481,Mes 2,-80,-30,874,Soleado
2019-07-29,2480,Mes 2,-78,-31,874,Soleado
2019-07-28,2479,Mes 2,-79,-32,875,Soleado
2019-07-27,2478,Mes 2,-78,-34,875,Soleado
2019-07-26,2477,Mes 2,-78,-30,874,Soleado
2019-07-25,2476,Mes 2,-81,-26,874,Soleado
2019-07-24,2475,Mes 2,-77,-28,874,Soleado
2019-07-23,2474,Mes 2,-75,-30,874,Soleado
2019-07-22,2473,Mes 2,-75,-31,874,Soleado
2019-07-21,2472,Mes 2,-79,-27,875,Soleado
2019-07-20,2471,Mes 2,-78,-32,874,Soleado
2019-07-18,2470,Mes 2,-78,-27,873,Soleado
2019-07-17,2469,Mes 2,-79,-23,874,Soleado
2019-07-16,2468,Mes 2,-79,-30,873,Soleado
2019-07-15,2467,Mes 2,-79,-28,873,Soleado
2019-07-14,2466,Mes 2,-79,-31,873,Soleado
2019-07-13,2465,Mes 2,-80,-22,873,Soleado
2019-07-12,2464,Mes 2,-80,-22,873,Soleado
2019-07-11,2463,Mes 2,-80,-23,872,Soleado
2019-07-10,2462,Mes 2,-80,-27,873,Soleado
2019-07-09,2461,Mes 2,-79,-28,875,Soleado
2019-07-08,2460,Mes 2,-81,-27,873,Soleado
2019-07-07,2459,Mes 2,-80,-26,871,Soleado
2019-07-06,2458,Mes 2,-80,-27,871,Soleado
2019-07-05,2457,Mes 2,-79,-23,872,Soleado
2019-07-04,2456,Mes 2,-81,-27,870,Soleado
2019-07-03,2455,Mes 2,-80,-29,870,Soleado
2019-07-02,2454,Mes 2,-79,-23,870,Soleado
2019-07-01,2453,Mes 2,-79,-22,871,Soleado
2019-06-30,2452,Mes 2,-80,-19,870,Soleado
2019-06-29,2451,Mes 2,-79,-22,868,Soleado
2019-06-28,2450,Mes 2,-79,-26,869,Soleado
2019-06-27,2449,Mes 2,-79,-24,870,Soleado
2019-06-26,2448,Mes 2,-80,-26,869,Soleado
2019-06-25,2447,Mes 2,-81,-23,867,Soleado
2019-06-24,2446,Mes 2,-78,-25,868,Soleado
2019-06-23,2445,Mes 2,-80,-26,868,Soleado
2019-06-22,2444,Mes 2,-80,-26,867,Soleado
2019-06-21,2443,Mes 2,-80,-26,866,Soleado
2019-06-20,2442,Mes 2,-78,-27,867,Soleado
2019-06-19,2441,Mes 2,-81,-28,867,Soleado
2019-06-18,2440,Mes 2,-79,-26,865,Soleado
2019-06-17,2439,Mes 2,-80,-20,865,Soleado
2019-06-16,2438,Mes 2,-80,-25,865,Soleado
2019-06-15,2437,Mes 2,-79,-25,866,Soleado
2019-06-14,2436,Mes 2,-80,-22,863,Soleado
2019-06-13,2435,Mes 2,-79,-23,864,Soleado
2019-06-12,2434,Mes 2,-79,-17,865,Soleado
2019-06-10,2433,Mes 2,-79,-19,865,Soleado
2019-06-09,2432,Mes 2,-79,-14,863,Soleado
2019-06-08,2431,Mes 2,-78,-25,863,Soleado
2019-06-07,2430,Mes 2,-77,-21,863,Soleado
2019-06-06,2429,Mes 2,-77,-23,863,Soleado
2019-06-05,2428,Mes 2,-79,-21,861,Soleado
2019-06-04,2427,Mes 2,-76,-21,860,Soleado
2019-06-03,2426,Mes 2,-76,-24,859,Soleado
2019-06-02,2425,Mes 2,-79,-24,860,Soleado
2019-06-01,2424,Mes 2,-74,-24,860,Soleado
2019-05-31,2423,Mes 2,-73,-24,857,Soleado
2019-05-30,2422,Mes 2,-73,-27,857,Soleado
2019-05-29,2421,Mes 2,-73,-26,858,Soleado
2019-05-28,2420,Mes 2,-78,-26,857,Soleado
2019-05-27,2419,Mes 2,-75,-16,855,Soleado
2019-05-26,2418,Mes 2,-75,-21,855,Soleado
2019-05-25,2417,Mes 1,-77,-18,856,Soleado
2019-05-24,2416,Mes 1,-78,-14,855,Soleado
2019-05-23,2415,Mes 1,-77,-24,853,Soleado
2019-05-22,2414,Mes 1,-75,-24,853,Soleado
2019-05-21,2413,Mes 1,-78,-24,854,Soleado
2019-05-20,2412,Mes 1,-78,-14,853,Soleado
2019-05-19,2411,Mes 1,-77,-28,852,Soleado
2019-05-18,2410,Mes 1,-77,-25,852,Soleado
2019-05-17,2409,Mes 1,-77,-27,852,Soleado
2019-05-16,2408,Mes 1,-78,-27,852,Soleado
2019-05-15,2407,Mes 1,-77,-24,851,Soleado
2019-05-14,2406,Mes 1,-77,-24,849,Soleado
2019-05-13,2405,Mes 1,-75,-25,849,Soleado
2019-05-12,2404,Mes 1,-77,-24,848,Soleado
2019-05-11,2403,Mes 1,-76,-23,847,Soleado
2019-05-10,2402,Mes 1,-77,-23,846,Soleado
2019-05-09,2401,Mes 1,-77,-23,846,Soleado
2019-05-08,2400,Mes 1,-76,-24,846,Soleado
2019-05-07,2399,Mes 1,-75,-22,845,Soleado
2019-05-06,2398,Mes 1,-76,-22,844,Soleado
2019-05-04,2397,Mes 1,-75,-21,843,Soleado
2019-05-03,2396,Mes 1,-76,-22,843,Soleado
2019-05-02,2395,Mes 1,-76,-23,843,Soleado
2019-05-01,2394,Mes 1,-75,-22,841,Soleado
2019-04-30,2393,Mes 1,-76,-22,841,Soleado
2019-04-29,2392,Mes 1,-76,-20,840,Soleado
2019-04-28,2391,Mes 1,-77,-21,838,Soleado
2019-04-27,2390,Mes 1,-77,-23,838,Soleado
2019-04-26,2389,Mes 1,-76,-22,838,Soleado
2019-04-25,2388,Mes 1,-75,-22,839,Soleado
2019-04-24,2387,Mes 1,-77,-21,839,Soleado
2019-04-23,2386,Mes 1,-77,-20,837,Soleado
2019-04-22,2385,Mes 1,-75,-20,835,Soleado
2019-04-21,2384,Mes 1,-76,-21,834,Soleado
2019-04-20,2383,Mes 1,-74,-20,834,Soleado
2019-04-19,2382,Mes 1,-75,-21,834,Soleado
2019-04-18,2381,Mes 1,-75,-18,832,Soleado
2019-04-17,2380,Mes 1,-76,-20,831,Soleado
2019-04-16,2379,Mes 1,-74,-20,830,Soleado
2019-04-15,2378,Mes 1,-74,-22,830,Soleado
2019-04-14,2377,Mes 1,-74,-21,830,Soleado
2019-04-13,2376,Mes 1,-75,-20,830,Soleado
2019-04-12,2375,Mes 1,-75,-19,829,Soleado
2019-04-11,2374,Mes 1,-75,-18,829,Soleado
2019-04-10,2373,Mes 1,-76,-19,828,Soleado
2019-04-09,2372,Mes 1,-74,-20,828,Soleado
2019-04-08,2371,Mes 1,-74,-19,827,Soleado
2019-04-07,2370,Mes 1,-76,-20,827,Soleado
2019-04-06,2369,Mes 1,-76,-19,828,Soleado
2019-04-05,2368,Mes 1,-77,-18,827,Soleado
2019-04-04,2367,Mes 1,-75,-18,826,Soleado
2019-04-03,2366,Mes 1,-74,-19,825,Soleado
2019-04-02,2365,Mes 1,-74,-19,826,Soleado
2019-04-01,2364,Mes 1,-75,-20,826,Soleado
2019-03-31,2363,Mes 1,-74,-18,824,Soleado
2019-03-30,2362,Mes 1,-74,-17,824,Soleado
2019-03-28,2361,Mes 1,-75,-10,824,Soleado
2019-03-27,2360,Mes 1,-74,-18,823,Soleado
2019-03-26,2359,Mes 1,-74,-20,821,Soleado
2019-03-25,2358,Mes 1,-74,-18,820,Soleado
2019-03-24,2357,Mes 1,-78,-19,820,Soleado
2019-03-23,2356,Mes 12,-76,-16,821,Soleado
2019-03-22,2355,Mes 12,-75,-18,820,Soleado
2019-03-21,2354,Mes 12,-75,-18,819,Soleado
2019-03-20,2353,Mes 12,-74,-16,819,Soleado
2019-03-19,2352,Mes 12,-74,-16,818,Soleado
2019-03-18,2351,Mes 12,-75,-6,819,Soleado
2019-03-17,2350,Mes 12,-74,-17,819,Soleado
2019-03-16,2349,Mes 12,-74,-17,818,Soleado
2019-03-15,2348,Mes 12,-74,-19,818,Soleado
2019-03-14,2347,Mes 12,-60,-19,798,Soleado
2019-03-05,2338,Mes 12,-75,-13,817,Soleado
2019-03-04,2337,Mes 12,-73,-17,817,Soleado
2019-03-03,2336,Mes 12,-73,-19,814,Soleado
2019-03-02,2335,Mes 12,-73,-18,815,Soleado
2019-03-01,2334,Mes 12,-73,-18,814,Soleado
2019-02-28,2333,Mes 12,-57,-19,789,Soleado
2019-02-13,2319,Mes 12,-72,-17,812,Soleado
2019-02-12,2318,Mes 12,-73,-17,811,Soleado
2019-02-11,2317,Mes 12,-73,-16,812,Soleado
2019-02-10,2316,Mes 12,-72,-14,814,Soleado
2019-02-09,2315,Mes 12,-71,-17,813,Soleado
2019-02-08,2314,Mes 12,-71,-16,814,Soleado
2019-02-07,2313,Mes 12,-71,-14,814,Soleado
2019-02-06,2312,Mes 12,-72,-13,813,Soleado
2019-02-05,2311,Mes 12,-73,-11,812,Soleado
2019-02-04,2310,Mes 12,-75,-6,815,Soleado
2019-02-03,2309,Mes 12,-71,-16,814,Soleado
2019-02-02,2308,Mes 12,-71,-13,814,Soleado
2019-02-01,2307,Mes 12,-71,-13,814,Soleado
2019-01-31,2306,Mes 12,-70,-12,813,Soleado
2019-01-30,2305,Mes 12,-73,-4,814,Soleado
2019-01-29,2304,Mes 12,-73,-6,814,Soleado
2019-01-28,2303,Mes 12,-73,-7,815,Soleado
2019-01-27,2302,Mes 12,-73,-7,815,Soleado
2019-01-26,2301,Mes 12,-73,-17,817,Soleado
2019-01-25,2300,Mes 11,-73,-7,818,Soleado
2019-01-24,2299,Mes 11,-74,-5,818,Soleado
2019-01-23,2298,Mes 11,-71,-9,817,Soleado
2019-01-22,2297,Mes 11,-70,-12,818,Soleado
2019-01-21,2296,Mes 11,-73,-7,817,Soleado
2019-01-20,2295,Mes 11,-68,-8,820,Soleado
2019-01-19,2294,Mes 11,-70,-8,820,Soleado
2019-01-18,2293,Mes 11,-69,-9,821,Soleado
2019-01-17,2292,Mes 11,-72,-7,824,Soleado
2019-01-16,2291,Mes 11,-70,-8,823,Soleado
2019-01-15,2290,Mes 11,-69,-10,821,Soleado
2019-01-14,2289,Mes 11,-69,-8,822,Soleado
2019-01-12,2288,Mes 11,-68,-7,823,Soleado
2019-01-11,2287,Mes 11,-69,-7,821,Soleado
2019-01-10,2286,Mes 11,-68,-8,822,Soleado
2019-01-09,2285,Mes 11,-69,-8,823,Soleado
2019-01-08,2284,Mes 11,-70,-7,829,Soleado
2019-01-07,2283,Mes 11,-71,-9,825,Soleado
2019-01-06,2282,Mes 11,-71,-5,830,Soleado
2019-01-05,2281,Mes 11,-71,-6,826,Soleado
2019-01-04,2280,Mes 11,-71,-9,834,Soleado
2019-01-03,2279,Mes 11,-71,-8,830,Soleado
2019-01-02,2278,Mes 11,-71,-5,828,Soleado
2019-01-01,2277,Mes 11,-71,-5,831,Soleado
2018-12-31,2276,Mes 11,-71,-6,830,Soleado
2018-12-30,2275,Mes 11,-71,-7,834,Soleado
2018-12-29,2274,Mes 11,-74,-5,828,Soleado
2018-12-28,2273,Mes 11,-71,-5,834,Soleado
2018-12-27,2272,Mes 11,-73,-4,831,Soleado
2018-12-26,2271,Mes 11,-70,-7,830,Soleado
2018-12-25,2270,Mes 11,-75,-5,835,Soleado
2018-12-24,2269,Mes 11,-75,-4,829,Soleado
2018-12-23,2268,Mes 11,-74,-10,836,Soleado
2018-12-22,2267,Mes 11,-73,-5,830,Soleado
2018-12-21,2266,Mes 11,-71,-7,836,Soleado
2018-12-20,2265,Mes 11,-71,-5,836,Soleado
2018-12-19,2264,Mes 11,-71,-6,833,Soleado
2018-12-18,2263,Mes 11,-74,-7,838,Soleado
2018-12-16,2261,Mes 11,-70,-7,839,Soleado
2018-12-13,2258,Mes 11,-70,-6,841,Soleado
2018-12-12,2257,Mes 11,-72,-4,836,Soleado
2018-12-11,2256,Mes 11,-70,-11,843,Soleado
2018-12-10,2255,Mes 11,-71,-11,841,Soleado
2018-12-09,2254,Mes 11,-71,-13,845,Soleado
2018-12-08,2253,Mes 11,-70,-15,845,Soleado
2018-12-07,2252,Mes 11,-72,-15,840,Soleado
2018-12-05,2251,Mes 11,-74,-15,847,Soleado
2018-12-04,2250,Mes 11,-70,-14,842,Soleado
2018-12-03,2249,Mes 10,-70,-4,846,Soleado
2018-12-02,2248,Mes 10,-71,1,846,Soleado
2018-12-01,2247,Mes 10,-70,-4,844,Soleado
2018-11-30,2246,Mes 10,-71,2,848,Soleado
2018-11-29,2245,Mes 10,-70,-7,845,Soleado
2018-11-28,2244,Mes 10,-70,-5,849,Soleado
2018-11-27,2243,Mes 10,-70,-3,848,Soleado
2018-11-26,2242,Mes 10,-70,-2,848,Soleado
2018-11-25,2241,Mes 10,-70,-2,850,Soleado
2018-11-24,2240,Mes 10,-70,0,849,Soleado
2018-11-23,2239,Mes 10,-70,-2,852,Soleado
2018-11-22,2238,Mes 10,-69,-2,853,Soleado
2018-11-21,2237,Mes 10,-70,-3,854,Soleado
2018-11-20,2236,Mes 10,-71,-3,857,Soleado
2018-11-19,2235,Mes 10,-70,2,853,Soleado
2018-11-18,2234,Mes 10,-70,2,857,Soleado
2018-11-17,2233,Mes 10,-72,-4,857,Soleado
2018-11-16,2232,Mes 10,-73,-3,858,Soleado
2018-11-15,2231,Mes 10,-73,-10,860,Soleado
2018-11-14,2230,Mes 10,-72,-5,859,Soleado
2018-11-13,2229,Mes 10,-71,-2,861,Soleado
2018-11-12,2228,Mes 10,-71,0,860,Soleado
2018-11-11,2227,Mes 10,-72,-3,863,Soleado
2018-11-10,2226,Mes 10,-73,-4,863,Soleado
2018-11-09,2225,Mes 10,-71,1,864,Soleado
2018-11-08,2224,Mes 10,-72,0,865,Soleado
2018-11-07,2223,Mes 10,-71,2,863,Soleado
2018-11-06,2222,Mes 10,-70,-3,865,Soleado
2018-11-05,2221,Mes 10,-70,-4,865,Soleado
2018-11-04,2220,Mes 10,-73,-10,866,Soleado
2018-11-03,2219,Mes 10,-71,-7,868,Soleado
2018-11-02,2218,Mes 10,-71,-7,866,Soleado
2018-11-01,2217,Mes 10,-71,-13,868,Soleado
2018-10-31,2216,Mes 10,-69,-12,868,Soleado
2018-10-28,2214,Mes 10,-73,-13,872,Soleado
2018-10-27,2213,Mes 10,-70,-12,874,Soleado
2018-10-26,2212,Mes 10,-71,-13,877,Soleado
2018-10-25,2211,Mes 10,-71,-13,876,Soleado
2018-10-24,2210,Mes 10,-74,-11,877,Soleado
2018-10-23,2209,Mes 10,-73,-18,879,Soleado
2018-10-22,2208,Mes 10,-75,-18,880,Soleado
2018-10-21,2207,Mes 10,-72,-14,881,Soleado
2018-10-20,2206,Mes 10,-74,-14,881,Soleado
2018-10-19,2205,Mes 10,-70,-13,880,Soleado
