Earth Date,Sol,Month,Min_temp,Max_temp,Pressure,Atmo_opacity,Season,Mean_temp
2022-10-19,3627,1,-67.0,-9.0,803.0,Sunny,Winter,-38.0
2022-10-18,3626,1,-67.0,-12.0,804.0,Sunny,Winter,-39.5
2022-10-17,3625,1,-67.0,-11.0,804.0,Sunny,Winter,-39.0
2022-10-16,3624,1,-67.0,-12.0,806.0,Sunny,Winter,-39.5
2022-10-15,3623,1,-67.0,-12.0,808.0,Sunny,Winter,-39.5
2022-10-14,3622,1,-66.0,-12.0,809.0,Sunny,Winter,-39.0
2022-10-13,3621,1,-68.0,-10.0,808.0,Sunny,Winter,-39.0
2022-10-12,3620,1,-65.0,-12.0,806.0,Sunny,Winter,-38.5
2022-10-11,3619,1,-66.0,-9.0,806.0,Sunny,Winter,-37.5
2022-10-10,3618,1,-66.0,-10.0,807.0,Sunny,Winter,-38.0
2022-10-09,3617,1,-70.0,-10.0,809.0,Sunny,Winter,-40.0
2022-10-08,3616,1,-67.0,-10.0,809.0,Sunny,Winter,-38.5
2022-10-07,3615,1,-69.0,-12.0,810.0,Sunny,Winter,-40.5
2022-10-06,3614,1,-67.0,-14.0,811.0,Sunny,Winter,-40.5
2022-10-05,3613,1,-66.0,-9.0,812.0,Sunny,Winter,-37.5
2022-10-04,3612,1,-69.0,-11.0,816.0,Sunny,Winter,-40.0
2022-10-03,3611,1,-69.0,-15.0,817.0,Sunny,Winter,-42.0
2022-10-02,3610,1,-66.0,-14.0,817.0,Sunny,Winter,-40.0
2022-10-01,3609,1,-67.0,-9.0,812.0,Sunny,Winter,-38.0
2022-09-30,3608,1,-67.0,-11.0,811.0,Sunny,Winter,-39.0
2022-09-29,3607,1,-68.0,-7.0,813.0,Sunny,Winter,-37.5
2022-09-28,3606,1,-68.0,-7.0,815.0,Sunny,Winter,-37.5
2022-09-27,3605,1,-69.0,-6.0,816.0,Sunny,Winter,-37.5
2022-09-26,3604,1,-69.0,-3.0,817.0,Sunny,Winter,-36.0
2022-09-25,3603,1,-70.0,-7.0,820.0,Sunny,Winter,-38.5
2022-09-24,3602,1,-71.0,-6.0,818.0,Sunny,Winter,-38.5
2022-09-23,3601,1,-70.0,-5.0,823.0,Sunny,Winter,-37.5
2022-09-22,3600,1,-70.0,-4.0,822.0,Sunny,Winter,-37.0
2022-09-21,3599,1,-69.0,-8.0,827.0,Sunny,Winter,-38.5
2022-09-20,3598,1,-68.0,-4.0,824.0,Sunny,Winter,-36.0
2022-09-18,3597,1,-70.0,-6.0,820.0,Sunny,Winter,-38.0
2022-09-17,3596,1,-69.0,-3.0,824.0,Sunny,Winter,-36.0
2022-09-16,3595,1,-69.0,-1.0,821.0,Sunny,Winter,-35.0
2022-09-15,3594,1,-71.0,0.0,826.0,Sunny,Winter,-35.5
2022-09-14,3593,1,-69.0,-5.0,828.0,Sunny,Winter,-37.0
2022-09-13,3592,1,-69.0,-6.0,829.0,Sunny,Winter,-37.5
2022-09-12,3591,1,-69.0,-7.0,826.0,Sunny,Winter,-38.0
2022-09-11,3590,1,-69.0,-8.0,826.0,Sunny,Winter,-38.5
2022-09-10,3589,1,-57.0,-6.0,809.0,Sunny,Winter,-31.5
2022-09-04,3583,1,-70.0,-7.0,831.0,Sunny,Winter,-38.5
2022-09-03,3582,1,-69.0,-9.0,833.0,Sunny,Winter,-39.0
2022-09-02,3581,1,-73.0,-7.0,833.0,Sunny,Winter,-40.0
2022-09-01,3580,1,-69.0,-10.0,838.0,Sunny,Winter,-39.5
2022-08-31,3579,1,-71.0,-2.0,836.0,Sunny,Winter,-36.5
2022-08-30,3578,1,-69.0,0.0,836.0,Sunny,Winter,-34.5
2022-08-29,3577,1,-69.0,2.0,836.0,Sunny,Winter,-33.5
2022-08-26,3574,1,-69.0,0.0,838.0,Sunny,Winter,-34.5
2022-08-25,3573,1,-68.0,-4.0,839.0,Sunny,Winter,-36.0
2022-08-24,3572,1,-69.0,-3.0,840.0,Sunny,Winter,-36.0
2022-08-23,3571,1,-70.0,2.0,843.0,Sunny,Winter,-34.0
2022-08-22,3570,1,-69.0,-1.0,841.0,Sunny,Winter,-35.0
2022-08-21,3569,1,-68.0,1.0,842.0,Sunny,Winter,-33.5
2022-08-20,3568,1,-71.0,-4.0,843.0,Sunny,Winter,-37.5
2022-08-19,3567,1,-68.0,-2.0,843.0,Sunny,Winter,-35.0
2022-08-18,3566,1,-69.0,-15.0,864.0,Sunny,Winter,-42.0
2022-08-17,3565,1,-69.0,2.0,847.0,Sunny,Winter,-33.5
2022-08-16,3564,1,-70.0,-7.0,851.0,Sunny,Winter,-38.5
2022-08-15,3563,1,-69.0,-6.0,851.0,Sunny,Winter,-37.5
2022-08-14,3562,1,-70.0,-3.0,850.0,Sunny,Winter,-36.5
2022-08-12,3561,1,-69.0,1.0,850.0,Sunny,Winter,-34.0
2022-08-11,3560,1,-67.0,-3.0,850.0,Sunny,Winter,-35.0
2022-08-10,3559,1,-70.0,0.0,853.0,Sunny,Winter,-35.0
2022-08-09,3558,1,-68.0,-2.0,853.0,Sunny,Winter,-35.0
2022-08-08,3557,1,-72.0,-7.0,857.0,Sunny,Winter,-39.5
2022-08-07,3556,1,-68.0,-7.0,857.0,Sunny,Winter,-37.5
2022-08-06,3555,1,-68.0,-3.0,855.0,Sunny,Winter,-35.5
2022-08-05,3554,1,-67.0,0.0,856.0,Sunny,Winter,-33.5
2022-08-04,3553,1,-69.0,-4.0,855.0,Sunny,Winter,-36.5
2022-08-03,3552,1,-69.0,-2.0,861.0,Sunny,Winter,-35.5
2022-08-02,3551,1,-68.0,-2.0,862.0,Sunny,Winter,-35.0
2022-08-01,3550,1,-67.0,-2.0,863.0,Sunny,Winter,-34.5
2022-07-31,3549,1,-68.0,1.0,862.0,Sunny,Winter,-33.5
2022-07-30,3548,1,-68.0,-2.0,860.0,Sunny,Winter,-35.0
2022-07-29,3547,1,-69.0,1.0,862.0,Sunny,Winter,-34.0
2022-07-28,3546,1,-70.0,-1.0,862.0,Sunny,Winter,-35.5
2022-07-27,3545,1,-69.0,-1.0,864.0,Sunny,Winter,-35.0
2022-07-26,3544,1,-69.0,-4.0,867.0,Sunny,Winter,-36.5
2022-07-25,3543,1,-69.0,0.0,866.0,Sunny,Winter,-34.5
2022-07-24,3542,1,-68.0,1.0,863.0,Sunny,Winter,-33.5
2022-07-23,3541,1,-69.0,-2.0,865.0,Sunny,Winter,-35.5
2022-07-22,3540,1,-69.0,-2.0,865.0,Sunny,Winter,-35.5
2022-07-21,3539,9,-68.0,-1.0,858.0,Sunny,Summer,-34.5
2022-07-20,3538,9,-69.0,-3.0,865.0,Sunny,Summer,-36.0
2022-07-19,3537,9,-68.0,-1.0,867.0,Sunny,Summer,-34.5
2022-07-18,3536,9,-68.0,-4.0,868.0,Sunny,Summer,-36.0
2022-07-17,3535,9,-68.0,0.0,867.0,Sunny,Summer,-34.0
2022-07-16,3534,9,-68.0,1.0,868.0,Sunny,Summer,-33.5
2022-07-15,3533,9,-68.0,-3.0,870.0,Sunny,Summer,-35.5
2022-07-14,3532,9,-68.0,-1.0,868.0,Sunny,Summer,-34.5
2022-07-13,3531,9,-67.0,0.0,871.0,Sunny,Summer,-33.5
2022-07-12,3530,9,-68.0,-2.0,871.0,Sunny,Summer,-35.0
2022-07-11,3529,9,-69.0,-9.0,871.0,Sunny,Summer,-39.0
2022-07-10,3528,9,-68.0,-11.0,874.0,Sunny,Summer,-39.5
2022-07-09,3527,9,-70.0,-9.0,875.0,Sunny,Summer,-39.5
2022-07-08,3526,9,-68.0,-14.0,876.0,Sunny,Summer,-41.0
2022-07-06,3525,9,-70.0,-10.0,873.0,Sunny,Summer,-40.0
2022-07-05,3524,9,-68.0,-9.0,875.0,Sunny,Summer,-38.5
2022-07-04,3523,9,-67.0,-10.0,874.0,Sunny,Summer,-38.5
2022-07-03,3522,9,-67.0,-10.0,870.0,Sunny,Summer,-38.5
2022-07-02,3521,9,-69.0,-14.0,882.0,Sunny,Summer,-41.5
2022-07-01,3520,9,-72.0,-11.0,875.0,Sunny,Summer,-41.5
2022-06-30,3519,9,-68.0,-15.0,876.0,Sunny,Summer,-41.5
2022-06-29,3518,9,-67.0,-12.0,872.0,Sunny,Summer,-39.5
2022-06-28,3517,9,-70.0,-12.0,875.0,Sunny,Summer,-41.0
2022-06-27,3516,9,-66.0,-8.0,875.0,Sunny,Summer,-37.0
2022-06-26,3515,9,-66.0,-10.0,874.0,Sunny,Summer,-38.0
2022-06-25,3514,9,-66.0,-10.0,874.0,Sunny,Summer,-38.0
2022-06-24,3513,9,-68.0,-10.0,872.0,Sunny,Summer,-39.0
2022-06-23,3512,9,-67.0,-7.0,874.0,Sunny,Summer,-37.0
2022-06-22,3511,9,-65.0,-6.0,873.0,Sunny,Summer,-35.5
2022-06-21,3510,9,-67.0,-12.0,877.0,Sunny,Summer,-39.5
2022-06-20,3509,9,-67.0,-12.0,879.0,Sunny,Summer,-39.5
2022-06-19,3508,9,-67.0,-2.0,878.0,Sunny,Summer,-34.5
2022-06-18,3507,9,-66.0,-2.0,878.0,Sunny,Summer,-34.0
2022-06-17,3506,9,-68.0,0.0,875.0,Sunny,Summer,-34.0
2022-06-16,3505,9,-66.0,-2.0,876.0,Sunny,Summer,-34.0
2022-06-15,3504,9,-74.0,1.0,874.0,Sunny,Summer,-36.5
2022-06-14,3503,9,-57.0,-3.0,857.0,Sunny,Summer,-30.0
2022-06-07,3496,9,-60.0,-52.0,887.0,Sunny,Summer,-56.0
2022-06-06,3495,9,-65.0,4.0,866.0,Sunny,Summer,-30.5
2022-06-05,3494,9,-66.0,-4.0,866.0,Sunny,Summer,-35.0
2022-06-04,3493,8,-66.0,-4.0,865.0,Sunny,Summer,-35.0
2022-06-03,3492,8,-69.0,0.0,866.0,Sunny,Summer,-34.5
2022-06-02,3491,8,-67.0,-7.0,865.0,Sunny,Summer,-37.0
2022-06-01,3490,8,-69.0,-2.0,863.0,Sunny,Summer,-35.5
2022-05-31,3489,8,-65.0,0.0,861.0,Sunny,Summer,-32.5
2022-05-29,3488,8,-67.0,0.0,860.0,Sunny,Summer,-33.5
2022-05-28,3487,8,-63.0,-4.0,859.0,Sunny,Summer,-33.5
2022-05-27,3486,8,-66.0,-5.0,857.0,Sunny,Summer,-35.5
2022-05-26,3485,8,-66.0,-2.0,859.0,Sunny,Summer,-34.0
2022-05-25,3484,8,-72.0,1.0,857.0,Sunny,Summer,-35.5
2022-05-24,3483,8,-66.0,3.0,855.0,Sunny,Summer,-31.5
2022-05-23,3482,8,-66.0,1.0,855.0,Sunny,Summer,-32.5
2022-05-22,3481,8,-66.0,-2.0,853.0,Sunny,Summer,-34.0
2022-05-21,3480,8,-65.0,1.0,851.0,Sunny,Summer,-32.0
2022-05-20,3479,8,-66.0,3.0,851.0,Sunny,Summer,-31.5
2022-05-19,3478,8,-66.0,-2.0,847.0,Sunny,Summer,-34.0
2022-05-18,3477,8,-64.0,1.0,845.0,Sunny,Summer,-31.5
2022-05-17,3476,8,-65.0,0.0,844.0,Sunny,Summer,-32.5
2022-05-16,3475,8,-66.0,1.0,845.0,Sunny,Summer,-32.5
2022-05-15,3474,8,-65.0,-1.0,843.0,Sunny,Summer,-33.0
2022-05-14,3473,8,-69.0,2.0,842.0,Sunny,Summer,-33.5
2022-05-13,3472,8,-65.0,1.0,841.0,Sunny,Summer,-32.0
2022-05-12,3471,8,-64.0,6.0,839.0,Sunny,Summer,-29.0
2022-05-11,3470,8,-67.0,2.0,839.0,Sunny,Summer,-32.5
2022-05-10,3469,8,-65.0,1.0,838.0,Sunny,Summer,-32.0
2022-05-09,3468,8,-71.0,1.0,834.0,Sunny,Summer,-35.0
2022-05-08,3467,8,-67.0,4.0,833.0,Sunny,Summer,-31.5
2022-05-07,3466,8,-67.0,5.0,829.0,Sunny,Summer,-31.0
2022-05-06,3465,8,-66.0,7.0,830.0,Sunny,Summer,-29.5
2022-05-05,3464,8,-70.0,7.0,826.0,Sunny,Summer,-31.5
2022-05-04,3463,8,-68.0,4.0,825.0,Sunny,Summer,-32.0
2022-05-03,3462,8,-69.0,6.0,822.0,Sunny,Summer,-31.5
2022-05-02,3461,8,-71.0,6.0,822.0,Sunny,Summer,-32.5
2022-05-01,3460,8,-68.0,1.0,822.0,Sunny,Summer,-33.5
2022-04-30,3459,8,-69.0,4.0,820.0,Sunny,Summer,-32.5
2022-04-29,3458,8,-68.0,5.0,826.0,Sunny,Summer,-31.5
2022-04-28,3457,8,-68.0,1.0,816.0,Sunny,Summer,-33.5
2022-04-27,3456,8,-67.0,4.0,814.0,Sunny,Summer,-31.5
2022-04-26,3455,8,-72.0,6.0,810.0,Sunny,Summer,-33.0
2022-04-25,3454,8,-68.0,6.0,807.0,Sunny,Summer,-31.0
2022-04-24,3453,8,-67.0,7.0,805.0,Sunny,Summer,-30.0
2022-04-22,3452,8,-67.0,8.0,805.0,Sunny,Summer,-29.5
2022-04-21,3451,8,-67.0,7.0,805.0,Sunny,Summer,-30.0
2022-04-20,3450,8,-67.0,3.0,803.0,Sunny,Summer,-32.0
2022-04-19,3449,8,-67.0,-4.0,804.0,Sunny,Summer,-35.5
2022-04-18,3448,8,-69.0,1.0,800.0,Sunny,Summer,-34.0
2022-04-17,3447,8,-65.0,2.0,793.0,Sunny,Summer,-31.5
2022-04-16,3446,7,-69.0,5.0,795.0,Sunny,Summer,-32.0
2022-04-15,3445,7,-70.0,-2.0,795.0,Sunny,Summer,-36.0
2022-04-14,3444,7,-67.0,1.0,794.0,Sunny,Summer,-33.0
2022-04-13,3443,7,-68.0,2.0,792.0,Sunny,Summer,-33.0
2022-04-12,3442,7,-67.0,2.0,791.0,Sunny,Summer,-32.5
2022-04-11,3441,7,-67.0,-31.0,797.0,Sunny,Summer,-49.0
2022-04-10,3440,7,-68.0,5.0,785.0,Sunny,Summer,-31.5
2022-04-09,3439,7,-67.0,2.0,785.0,Sunny,Summer,-32.5
2022-04-08,3438,7,-68.0,2.0,784.0,Sunny,Summer,-33.0
2022-04-07,3437,7,-68.0,2.0,783.0,Sunny,Summer,-33.0
2022-04-06,3436,7,-71.0,2.0,780.0,Sunny,Summer,-34.5
2022-04-05,3435,7,-66.0,-1.0,778.0,Sunny,Summer,-33.5
2022-04-04,3434,7,-67.0,2.0,776.0,Sunny,Summer,-32.5
2022-04-03,3433,7,-73.0,1.0,775.0,Sunny,Summer,-36.0
2022-04-02,3432,7,-67.0,0.0,773.0,Sunny,Summer,-33.5
2022-04-01,3431,7,-67.0,-1.0,773.0,Sunny,Summer,-34.0
2022-03-31,3430,7,-67.0,2.0,769.0,Sunny,Summer,-32.5
2022-03-30,3429,7,-67.0,2.0,768.0,Sunny,Summer,-32.5
2022-03-29,3428,7,-67.0,2.0,765.0,Sunny,Summer,-32.5
2022-03-28,3427,7,-69.0,1.0,763.0,Sunny,Summer,-34.0
2022-03-27,3426,7,-69.0,2.0,763.0,Sunny,Summer,-33.5
2022-03-26,3425,7,-66.0,2.0,762.0,Sunny,Summer,-32.0
2022-03-25,3424,7,-68.0,1.0,762.0,Sunny,Summer,-33.5
2022-03-24,3423,7,-68.0,-5.0,760.0,Sunny,Summer,-36.5
2022-03-23,3422,7,-68.0,1.0,757.0,Sunny,Summer,-33.5
2022-03-22,3421,7,-68.0,-3.0,756.0,Sunny,Summer,-35.5
2022-03-21,3420,7,-68.0,-1.0,756.0,Sunny,Summer,-34.5
2022-03-20,3419,7,-68.0,1.0,754.0,Sunny,Summer,-33.5
2022-03-19,3418,7,-69.0,0.0,753.0,Sunny,Summer,-34.5
2022-03-18,3417,7,-68.0,1.0,751.0,Sunny,Summer,-33.5
2022-03-17,3416,7,-67.0,0.0,749.0,Sunny,Summer,-33.5
2022-03-15,3415,7,-69.0,-2.0,748.0,Sunny,Summer,-35.5
2022-03-14,3414,7,-70.0,-6.0,747.0,Sunny,Summer,-38.0
2022-03-13,3413,7,-66.0,-6.0,747.0,Sunny,Summer,-36.0
2022-03-12,3412,7,-65.0,-12.0,745.0,Sunny,Summer,-38.5
2022-03-11,3411,7,-66.0,-8.0,743.0,Sunny,Summer,-37.0
2022-03-10,3410,7,-67.0,-11.0,742.0,Sunny,Summer,-39.0
2022-03-09,3409,7,-64.0,-12.0,739.0,Sunny,Summer,-38.0
2022-03-08,3408,7,-69.0,-10.0,740.0,Sunny,Summer,-39.5
2022-03-07,3407,7,-73.0,-12.0,740.0,Sunny,Summer,-42.5
2022-03-06,3406,7,-69.0,-12.0,738.0,Sunny,Summer,-40.5
2022-03-05,3405,7,-69.0,-10.0,737.0,Sunny,Summer,-39.5
2022-03-04,3404,7,-68.0,-9.0,735.0,Sunny,Summer,-38.5
2022-03-03,3403,7,-69.0,-8.0,733.0,Sunny,Summer,-38.5
2022-03-02,3402,7,-74.0,-12.0,735.0,Sunny,Summer,-43.0
2022-03-01,3401,7,-71.0,-11.0,733.0,Sunny,Summer,-41.0
2022-02-28,3400,7,-68.0,-12.0,732.0,Sunny,Summer,-40.0
2022-02-27,3399,7,-69.0,-9.0,731.0,Sunny,Summer,-39.0
2022-02-26,3398,7,-69.0,-7.0,729.0,Sunny,Summer,-38.0
2022-02-25,3397,7,-69.0,-8.0,728.0,Sunny,Summer,-38.5
2022-02-24,3396,6,-70.0,-6.0,729.0,Sunny,Spring,-38.0
2022-02-23,3395,6,-69.0,-8.0,727.0,Sunny,Spring,-38.5
2022-02-22,3394,6,-70.0,-4.0,726.0,Sunny,Spring,-37.0
2022-02-21,3393,6,-69.0,-7.0,725.0,Sunny,Spring,-38.0
2022-02-20,3392,6,-69.0,-4.0,723.0,Sunny,Spring,-36.5
2022-02-19,3391,6,-72.0,-6.0,722.0,Sunny,Spring,-39.0
2022-02-18,3390,6,-68.0,-5.0,722.0,Sunny,Spring,-36.5
2022-02-17,3389,6,-69.0,-9.0,722.0,Sunny,Spring,-39.0
2022-02-16,3388,6,-69.0,-10.0,721.0,Sunny,Spring,-39.5
2022-02-15,3387,6,-69.0,-7.0,719.0,Sunny,Spring,-38.0
2022-02-14,3386,6,-70.0,-8.0,717.0,Sunny,Spring,-39.0
2022-02-13,3385,6,-69.0,-6.0,718.0,Sunny,Spring,-37.5
2022-02-12,3384,6,-69.0,-8.0,718.0,Sunny,Spring,-38.5
2022-02-11,3383,6,-70.0,-8.0,717.0,Sunny,Spring,-39.0
2022-02-10,3382,6,-71.0,-11.0,717.0,Sunny,Spring,-41.0
2022-02-09,3381,6,-72.0,1.0,715.0,Sunny,Spring,-35.5
2022-02-08,3380,6,-72.0,1.0,714.0,Sunny,Spring,-35.5
2022-02-06,3379,6,-71.0,2.0,714.0,Sunny,Spring,-34.5
2022-02-05,3378,6,-71.0,-10.0,720.0,Sunny,Spring,-40.5
2022-02-04,3377,6,-72.0,-1.0,713.0,Sunny,Spring,-36.5
2022-02-03,3376,6,-72.0,-6.0,713.0,Sunny,Spring,-39.0
2022-02-02,3375,6,-72.0,0.0,713.0,Sunny,Spring,-36.0
2022-02-01,3374,6,-71.0,0.0,710.0,Sunny,Spring,-35.5
2022-01-31,3373,6,-71.0,-2.0,710.0,Sunny,Spring,-36.5
2022-01-30,3372,6,-72.0,-2.0,710.0,Sunny,Spring,-37.0
2022-01-29,3371,6,-72.0,-8.0,711.0,Sunny,Spring,-40.0
2022-01-28,3370,6,-71.0,-5.0,710.0,Sunny,Spring,-38.0
2022-01-27,3369,6,-72.0,-6.0,710.0,Sunny,Spring,-39.0
2022-01-26,3368,6,-71.0,-3.0,707.0,Sunny,Spring,-37.0
2022-01-25,3367,6,-72.0,-3.0,707.0,Sunny,Spring,-37.5
2022-01-24,3366,6,-70.0,-4.0,708.0,Sunny,Spring,-37.0
2022-01-23,3365,6,-70.0,-6.0,707.0,Sunny,Spring,-38.0
2022-01-22,3364,6,-71.0,-7.0,708.0,Sunny,Spring,-39.0
2022-01-21,3363,6,-71.0,-8.0,707.0,Sunny,Spring,-39.5
2022-01-20,3362,6,-72.0,-4.0,706.0,Sunny,Spring,-38.0
2022-01-19,3361,6,-70.0,-6.0,705.0,Sunny,Spring,-38.0
2022-01-18,3360,6,-71.0,-6.0,707.0,Sunny,Spring,-38.5
2022-01-17,3359,6,-71.0,-9.0,708.0,Sunny,Spring,-40.0
2022-01-16,3358,6,-71.0,-6.0,706.0,Sunny,Spring,-38.5
2022-01-15,3357,6,-71.0,-7.0,706.0,Sunny,Spring,-39.0
2022-01-14,3356,6,-69.0,-6.0,706.0,Sunny,Spring,-37.5
2022-01-13,3355,6,-70.0,-5.0,706.0,Sunny,Spring,-37.5
2022-01-11,3353,6,-69.0,-14.0,705.0,Sunny,Spring,-41.5
2022-01-10,3352,6,-70.0,-16.0,706.0,Sunny,Spring,-43.0
2022-01-09,3351,6,-71.0,-16.0,703.0,Sunny,Spring,-43.5
2022-01-08,3350,6,-72.0,-20.0,703.0,Sunny,Spring,-46.0
2022-01-07,3349,6,-72.0,-12.0,702.0,Sunny,Spring,-42.0
2022-01-06,3348,6,-72.0,-12.0,703.0,Sunny,Spring,-42.0
2022-01-05,3347,6,-72.0,-7.0,705.0,Sunny,Spring,-39.5
2022-01-04,3346,6,-72.0,-12.0,706.0,Sunny,Spring,-42.0
2022-01-03,3345,6,-73.0,-6.0,703.0,Sunny,Spring,-39.5
2021-12-20,3332,5,-73.0,-6.0,703.0,Sunny,Spring,-39.5
2021-12-19,3331,5,-73.0,-5.0,705.0,Sunny,Spring,-39.0
2021-12-18,3330,5,-74.0,-15.0,707.0,Sunny,Spring,-44.5
2021-12-17,3329,5,-76.0,-13.0,708.0,Sunny,Spring,-44.5
2021-12-16,3328,5,-76.0,-15.0,707.0,Sunny,Spring,-45.5
2021-12-15,3327,5,-75.0,-7.0,708.0,Sunny,Spring,-41.0
2021-12-14,3326,5,-70.0,-11.0,708.0,Sunny,Spring,-40.5
2021-12-13,3325,5,-98.0,-20.0,709.0,Sunny,Spring,-59.0
2021-12-12,3324,5,-73.0,-21.0,711.0,Sunny,Spring,-47.0
2021-12-11,3323,5,-74.0,-23.0,713.0,Sunny,Spring,-48.5
2021-12-10,3322,5,-76.0,-12.0,713.0,Sunny,Spring,-44.0
2021-12-09,3321,5,-77.0,-7.0,713.0,Sunny,Spring,-42.0
2021-12-08,3320,5,-75.0,-3.0,713.0,Sunny,Spring,-39.0
2021-12-07,3319,5,-77.0,-3.0,714.0,Sunny,Spring,-40.0
2021-12-06,3318,5,-75.0,-10.0,716.0,Sunny,Spring,-42.5
2021-12-05,3317,5,-74.0,-17.0,718.0,Sunny,Spring,-45.5
2021-12-04,3316,5,-74.0,-18.0,717.0,Sunny,Spring,-46.0
2021-12-03,3315,5,-75.0,-15.0,717.0,Sunny,Spring,-45.0
2021-12-02,3314,5,-75.0,-11.0,718.0,Sunny,Spring,-43.0
2021-12-01,3313,5,-73.0,-13.0,719.0,Sunny,Spring,-43.0
2021-11-30,3312,5,-76.0,-14.0,719.0,Sunny,Spring,-45.0
2021-11-29,3311,5,-76.0,-10.0,720.0,Sunny,Spring,-43.0
2021-11-28,3310,5,-76.0,-11.0,720.0,Sunny,Spring,-43.5
2021-11-27,3309,5,-75.0,-9.0,721.0,Sunny,Spring,-42.0
2021-11-26,3308,5,-76.0,-9.0,722.0,Sunny,Spring,-42.5
2021-11-25,3307,5,-66.0,-7.0,709.0,Sunny,Spring,-36.5
2021-11-22,3305,5,-76.0,-12.0,724.0,Sunny,Spring,-44.0
2021-11-21,3304,5,-77.0,-13.0,725.0,Sunny,Spring,-45.0
2021-11-20,3303,5,-77.0,-11.0,725.0,Sunny,Spring,-44.0
2021-11-19,3302,5,-76.0,-11.0,726.0,Sunny,Spring,-43.5
2021-11-18,3301,5,-76.0,-12.0,726.0,Sunny,Spring,-44.0
2021-11-17,3300,5,-76.0,-11.0,727.0,Sunny,Spring,-43.5
2021-11-16,3299,5,-77.0,-13.0,729.0,Sunny,Spring,-45.0
2021-11-15,3298,5,-74.0,-14.0,730.0,Sunny,Spring,-44.0
2021-11-14,3297,5,-78.0,-11.0,730.0,Sunny,Spring,-44.5
2021-11-13,3296,5,-76.0,-13.0,729.0,Sunny,Spring,-44.5
2021-11-12,3295,5,-76.0,-10.0,732.0,Sunny,Spring,-43.0
2021-11-11,3294,5,-76.0,-12.0,732.0,Sunny,Spring,-44.0
2021-11-10,3293,5,-76.0,-12.0,734.0,Sunny,Spring,-44.0
2021-11-09,3292,5,-76.0,-14.0,734.0,Sunny,Spring,-45.0
2021-11-08,3291,5,-77.0,-12.0,735.0,Sunny,Spring,-44.5
2021-11-07,3290,5,-77.0,-11.0,736.0,Sunny,Spring,-44.0
2021-11-06,3289,5,-78.0,-11.0,737.0,Sunny,Spring,-44.5
2021-11-05,3288,5,-77.0,-11.0,738.0,Sunny,Spring,-44.0
2021-11-04,3287,5,-77.0,-16.0,739.0,Sunny,Spring,-46.5
2021-11-03,3286,5,-78.0,-16.0,740.0,Sunny,Spring,-47.0
2021-11-02,3285,5,-76.0,-12.0,741.0,Sunny,Spring,-44.0
2021-11-01,3284,5,-78.0,-14.0,742.0,Sunny,Spring,-46.0
2021-10-31,3283,5,-78.0,-11.0,744.0,Sunny,Spring,-44.5
2021-10-30,3282,4,-77.0,-17.0,745.0,Sunny,Spring,-47.0
2021-10-29,3281,4,-77.0,-15.0,747.0,Sunny,Spring,-46.0
2021-10-28,3280,4,-77.0,-14.0,747.0,Sunny,Spring,-45.5
2021-10-27,3279,4,-78.0,-15.0,748.0,Sunny,Spring,-46.5
2021-10-26,3278,4,-79.0,-15.0,749.0,Sunny,Spring,-47.0
2021-10-25,3277,4,-80.0,-20.0,750.0,Sunny,Spring,-50.0
2021-10-24,3276,4,-77.0,-19.0,752.0,Sunny,Spring,-48.0
2021-10-23,3275,4,-78.0,-15.0,753.0,Sunny,Spring,-46.5
2021-10-22,3274,4,-77.0,-16.0,755.0,Sunny,Spring,-46.5
2021-10-20,3272,4,-77.0,-30.0,755.0,Sunny,Spring,-53.5
2021-10-19,3271,4,-78.0,-27.0,756.0,Sunny,Spring,-52.5
2021-10-17,3270,4,-77.0,-28.0,758.0,Sunny,Spring,-52.5
2021-10-16,3269,4,-77.0,-30.0,759.0,Sunny,Spring,-53.5
2021-10-15,3268,4,-78.0,-29.0,760.0,Sunny,Spring,-53.5
2021-10-14,3267,4,-79.0,-26.0,761.0,Sunny,Spring,-52.5
2021-10-13,3266,4,-77.0,-29.0,762.0,Sunny,Spring,-53.0
2021-10-12,3265,4,-78.0,-28.0,763.0,Sunny,Spring,-53.0
2021-10-11,3264,4,-69.0,-33.0,751.0,Sunny,Spring,-51.0
2021-10-10,3263,4,-78.0,-31.0,771.0,Sunny,Spring,-54.5
2021-10-09,3262,4,-77.0,-32.0,767.0,Sunny,Spring,-54.5
2021-10-08,3261,4,-69.0,-30.0,760.0,Sunny,Spring,-49.5
2021-10-07,3260,4,-78.0,-67.0,787.0,Sunny,Spring,-72.5
2021-10-06,3259,4,-77.0,-33.0,776.0,Sunny,Spring,-55.0
2021-10-05,3258,4,-79.0,-37.0,776.0,Sunny,Spring,-58.0
2021-09-30,3253,4,-80.0,-30.0,778.0,Sunny,Spring,-55.0
2021-09-29,3252,4,-78.0,-34.0,778.0,Sunny,Spring,-56.0
2021-09-28,3251,4,-79.0,-28.0,781.0,Sunny,Spring,-53.5
2021-09-27,3250,4,-79.0,-33.0,781.0,Sunny,Spring,-56.0
2021-09-26,3249,4,-79.0,-32.0,782.0,Sunny,Spring,-55.5
2021-09-25,3248,4,-80.0,-32.0,783.0,Sunny,Spring,-56.0
2021-09-24,3247,4,-81.0,-23.0,785.0,Sunny,Spring,-52.0
2021-09-23,3246,4,-80.0,-24.0,787.0,Sunny,Spring,-52.0
2021-09-22,3245,4,-80.0,-20.0,788.0,Sunny,Spring,-50.0
2021-09-21,3244,4,-79.0,-24.0,788.0,Sunny,Spring,-51.5
2021-09-20,3243,4,-79.0,-22.0,790.0,Sunny,Spring,-50.5
2021-09-19,3242,4,-80.0,-23.0,791.0,Sunny,Spring,-51.5
2021-09-18,3241,4,-80.0,-23.0,792.0,Sunny,Spring,-51.5
2021-09-17,3240,4,-79.0,-26.0,794.0,Sunny,Spring,-52.5
2021-09-16,3239,4,-78.0,-24.0,795.0,Sunny,Spring,-51.0
2021-09-15,3238,4,-79.0,-22.0,796.0,Sunny,Spring,-50.5
2021-09-14,3237,4,-80.0,-24.0,798.0,Sunny,Spring,-52.0
2021-09-13,3236,4,-81.0,-26.0,799.0,Sunny,Spring,-53.5
2021-09-12,3235,4,-79.0,-23.0,800.0,Sunny,Spring,-51.0
2021-09-10,3234,4,-80.0,-20.0,801.0,Sunny,Spring,-50.0
2021-09-09,3233,4,-81.0,-26.0,804.0,Sunny,Spring,-53.5
2021-09-08,3232,4,-79.0,-24.0,804.0,Sunny,Spring,-51.5
2021-09-07,3231,4,-79.0,-21.0,805.0,Sunny,Spring,-50.0
2021-09-06,3230,4,-79.0,-23.0,806.0,Sunny,Spring,-51.0
2021-09-05,3229,4,-80.0,-22.0,807.0,Sunny,Spring,-51.0
2021-09-04,3228,4,-79.0,-27.0,809.0,Sunny,Spring,-53.0
2021-09-03,3227,4,-79.0,-28.0,808.0,Sunny,Spring,-53.5
2021-09-02,3226,4,-81.0,-23.0,812.0,Sunny,Spring,-52.0
2021-09-01,3225,4,-81.0,-23.0,812.0,Sunny,Spring,-52.0
2021-08-31,3224,4,-79.0,-22.0,813.0,Sunny,Spring,-50.5
2021-08-30,3223,4,-81.0,-26.0,815.0,Sunny,Spring,-53.5
2021-08-29,3222,4,-79.0,-20.0,817.0,Sunny,Spring,-49.5
2021-08-28,3221,4,-80.0,-31.0,817.0,Sunny,Spring,-55.5
2021-08-27,3220,4,-79.0,-29.0,819.0,Sunny,Spring,-54.0
2021-08-26,3219,4,-79.0,-31.0,821.0,Sunny,Spring,-55.0
2021-08-25,3218,4,-80.0,-33.0,821.0,Sunny,Spring,-56.5
2021-08-24,3217,3,-79.0,-29.0,822.0,Sunny,Winter,-54.0
2021-08-23,3216,3,-78.0,-24.0,824.0,Sunny,Winter,-51.0
2021-08-22,3215,3,-80.0,-25.0,826.0,Sunny,Winter,-52.5
2021-08-21,3214,3,-79.0,-23.0,826.0,Sunny,Winter,-51.0
2021-08-20,3213,3,-79.0,-22.0,828.0,Sunny,Winter,-50.5
2021-08-19,3212,3,-80.0,-21.0,829.0,Sunny,Winter,-50.5
2021-08-18,3211,3,-80.0,-27.0,830.0,Sunny,Winter,-53.5
2021-08-17,3210,3,-78.0,-25.0,832.0,Sunny,Winter,-51.5
2021-08-16,3209,3,-78.0,-30.0,835.0,Sunny,Winter,-54.0
2021-08-15,3208,3,-78.0,-32.0,834.0,Sunny,Winter,-55.0
2021-08-14,3207,3,-76.0,-30.0,835.0,Sunny,Winter,-53.0
2021-08-13,3206,3,-77.0,-30.0,836.0,Sunny,Winter,-53.5
2021-08-12,3205,3,-77.0,-25.0,837.0,Sunny,Winter,-51.0
2021-08-11,3204,3,-78.0,-26.0,838.0,Sunny,Winter,-52.0
2021-08-10,3203,3,-80.0,-27.0,840.0,Sunny,Winter,-53.5
2021-08-09,3202,3,-79.0,-29.0,841.0,Sunny,Winter,-54.0
2021-08-08,3201,3,-77.0,-29.0,842.0,Sunny,Winter,-53.0
2021-08-07,3200,3,-79.0,-26.0,843.0,Sunny,Winter,-52.5
2021-08-06,3199,3,-78.0,-25.0,845.0,Sunny,Winter,-51.5
2021-08-05,3198,3,-78.0,-27.0,845.0,Sunny,Winter,-52.5
2021-08-03,3197,3,-79.0,-29.0,846.0,Sunny,Winter,-54.0
2021-08-02,3196,3,-78.0,-24.0,847.0,Sunny,Winter,-51.0
2021-08-01,3195,3,-78.0,-27.0,848.0,Sunny,Winter,-52.5
2021-07-31,3194,3,-78.0,-25.0,848.0,Sunny,Winter,-51.5
2021-07-30,3193,3,-79.0,-29.0,850.0,Sunny,Winter,-54.0
2021-07-29,3192,3,-79.0,-24.0,851.0,Sunny,Winter,-51.5
2021-07-28,3191,3,-80.0,-23.0,853.0,Sunny,Winter,-51.5
2021-07-27,3190,3,-78.0,-24.0,853.0,Sunny,Winter,-51.0
2021-07-26,3189,3,-78.0,-22.0,854.0,Sunny,Winter,-50.0
2021-07-25,3188,3,-79.0,-20.0,855.0,Sunny,Winter,-49.5
2021-07-24,3187,3,-79.0,-26.0,856.0,Sunny,Winter,-52.5
2021-07-23,3186,3,-79.0,-27.0,857.0,Sunny,Winter,-53.0
2021-07-22,3185,3,-79.0,-29.0,859.0,Sunny,Winter,-54.0
2021-07-20,3183,3,-79.0,-22.0,859.0,Sunny,Winter,-50.5
2021-07-19,3182,3,-80.0,-24.0,859.0,Sunny,Winter,-52.0
2021-07-18,3181,3,-80.0,-25.0,860.0,Sunny,Winter,-52.5
2021-07-17,3180,3,-78.0,-24.0,860.0,Sunny,Winter,-51.0
2021-07-16,3179,3,-79.0,-22.0,862.0,Sunny,Winter,-50.5
2021-07-15,3178,3,-80.0,-23.0,862.0,Sunny,Winter,-51.5
2021-07-14,3177,3,-79.0,-21.0,861.0,Sunny,Winter,-50.0
2021-07-13,3176,3,-80.0,-23.0,862.0,Sunny,Winter,-51.5
2021-07-12,3175,3,-79.0,-24.0,863.0,Sunny,Winter,-51.5
2021-07-11,3174,3,-78.0,-26.0,863.0,Sunny,Winter,-52.0
2021-07-10,3173,3,-79.0,-23.0,864.0,Sunny,Winter,-51.0
2021-07-09,3172,3,-78.0,-23.0,864.0,Sunny,Winter,-50.5
2021-07-08,3171,3,-79.0,-19.0,865.0,Sunny,Winter,-49.0
2021-07-07,3170,3,-79.0,-21.0,866.0,Sunny,Winter,-50.0
2021-07-06,3169,3,-79.0,-23.0,865.0,Sunny,Winter,-51.0
2021-07-05,3168,3,-78.0,-23.0,864.0,Sunny,Winter,-50.5
2021-07-04,3167,3,-79.0,-24.0,867.0,Sunny,Winter,-51.5
2021-07-03,3166,3,-79.0,-23.0,867.0,Sunny,Winter,-51.0
2021-07-02,3165,3,-80.0,-23.0,867.0,Sunny,Winter,-51.5
2021-07-01,3164,3,-79.0,-25.0,867.0,Sunny,Winter,-52.0
2021-06-30,3163,3,-78.0,-25.0,868.0,Sunny,Winter,-51.5
2021-06-29,3162,3,-78.0,-28.0,868.0,Sunny,Winter,-53.0
2021-06-27,3161,3,-78.0,-23.0,870.0,Sunny,Winter,-50.5
2021-06-26,3160,3,-78.0,-28.0,869.0,Sunny,Winter,-53.0
2021-06-25,3159,3,-78.0,-26.0,869.0,Sunny,Winter,-52.0
2021-06-24,3158,3,-78.0,-26.0,870.0,Sunny,Winter,-52.0
2021-06-23,3157,3,-78.0,-25.0,869.0,Sunny,Winter,-51.5
2021-06-22,3156,3,-79.0,-26.0,870.0,Sunny,Winter,-52.5
2021-06-21,3155,3,-78.0,-29.0,872.0,Sunny,Winter,-53.5
2021-06-20,3154,3,-78.0,-21.0,872.0,Sunny,Winter,-49.5
2021-06-19,3153,3,-77.0,-24.0,873.0,Sunny,Winter,-50.5
2021-06-18,3152,3,-80.0,-22.0,872.0,Sunny,Winter,-51.0
2021-06-17,3151,2,-79.0,-21.0,873.0,Sunny,Winter,-50.0
2021-06-16,3150,2,-78.0,-26.0,873.0,Sunny,Winter,-52.0
2021-06-15,3149,2,-78.0,-26.0,873.0,Sunny,Winter,-52.0
2021-06-14,3148,2,-77.0,-31.0,873.0,Sunny,Winter,-54.0
2021-06-13,3147,2,-80.0,-23.0,872.0,Sunny,Winter,-51.5
2021-06-12,3146,2,-79.0,-22.0,872.0,Sunny,Winter,-50.5
2021-06-11,3145,2,-79.0,-24.0,873.0,Sunny,Winter,-51.5
2021-06-10,3144,2,-79.0,-19.0,873.0,Sunny,Winter,-49.0
2021-06-09,3143,2,-79.0,-21.0,874.0,Sunny,Winter,-50.0
2021-06-08,3142,2,-79.0,-21.0,874.0,Sunny,Winter,-50.0
2021-06-07,3141,2,-79.0,-28.0,874.0,Sunny,Winter,-53.5
2021-06-06,3140,2,-80.0,-23.0,873.0,Sunny,Winter,-51.5
2021-06-05,3139,2,-80.0,-22.0,873.0,Sunny,Winter,-51.0
2021-06-04,3138,2,-79.0,-26.0,874.0,Sunny,Winter,-52.5
2021-06-03,3137,2,-78.0,-28.0,873.0,Sunny,Winter,-53.0
2021-06-02,3136,2,-77.0,-28.0,873.0,Sunny,Winter,-52.5
2021-06-01,3135,2,-78.0,-23.0,872.0,Sunny,Winter,-50.5
2021-05-31,3134,2,-78.0,-22.0,872.0,Sunny,Winter,-50.0
2021-05-30,3133,2,-78.0,-22.0,872.0,Sunny,Winter,-50.0
2021-05-29,3132,2,-77.0,-23.0,871.0,Sunny,Winter,-50.0
2021-05-28,3131,2,-76.0,-23.0,872.0,Sunny,Winter,-49.5
2021-05-27,3130,2,-77.0,-22.0,872.0,Sunny,Winter,-49.5
2021-05-19,3123,2,-71.0,-21.0,863.0,Sunny,Winter,-46.0
2021-05-18,3122,2,-76.0,-24.0,868.0,Sunny,Winter,-50.0
2021-05-17,3121,2,-77.0,-20.0,867.0,Sunny,Winter,-48.5
2021-05-16,3120,2,-76.0,-22.0,867.0,Sunny,Winter,-49.0
2021-05-15,3119,2,-76.0,-24.0,867.0,Sunny,Winter,-50.0
2021-05-14,3118,2,-76.0,-26.0,866.0,Sunny,Winter,-51.0
2021-05-13,3117,2,-77.0,-20.0,865.0,Sunny,Winter,-48.5
2021-05-12,3116,2,-77.0,-17.0,865.0,Sunny,Winter,-47.0
2021-05-11,3115,2,-77.0,-19.0,864.0,Sunny,Winter,-48.0
2021-05-10,3114,2,-78.0,-15.0,864.0,Sunny,Winter,-46.5
2021-05-09,3113,2,-77.0,-20.0,864.0,Sunny,Winter,-48.5
2021-05-08,3112,2,-77.0,-19.0,864.0,Sunny,Winter,-48.0
2021-05-07,3111,2,-77.0,-21.0,863.0,Sunny,Winter,-49.0
2021-05-06,3110,2,-77.0,-17.0,862.0,Sunny,Winter,-47.0
2021-05-05,3109,2,-73.0,-20.0,861.0,Sunny,Winter,-46.5
2021-05-04,3108,2,-73.0,-26.0,861.0,Sunny,Winter,-49.5
2021-05-03,3107,2,-76.0,-24.0,861.0,Sunny,Winter,-50.0
2021-05-02,3106,2,-75.0,-27.0,861.0,Sunny,Winter,-51.0
2021-05-01,3105,2,-74.0,-28.0,861.0,Sunny,Winter,-51.0
2021-04-30,3104,2,-74.0,-25.0,860.0,Sunny,Winter,-49.5
2021-04-29,3103,2,-74.0,-24.0,860.0,Sunny,Winter,-49.0
2021-04-28,3102,2,-74.0,-25.0,860.0,Sunny,Winter,-49.5
2021-04-27,3101,2,-78.0,-25.0,860.0,Sunny,Winter,-51.5
2021-04-26,3100,2,-74.0,-25.0,860.0,Sunny,Winter,-49.5
2021-04-25,3099,2,-73.0,-26.0,859.0,Sunny,Winter,-49.5
2021-04-24,3098,2,-74.0,-28.0,859.0,Sunny,Winter,-51.0
2021-04-23,3097,2,-75.0,-24.0,858.0,Sunny,Winter,-49.5
2021-04-22,3096,2,-73.0,-26.0,857.0,Sunny,Winter,-49.5
2021-04-21,3095,2,-74.0,-26.0,857.0,Sunny,Winter,-50.0
2021-04-20,3094,2,-75.0,-26.0,857.0,Sunny,Winter,-50.5
2021-04-19,3093,2,-72.0,-26.0,857.0,Sunny,Winter,-49.0
2021-04-18,3092,2,-74.0,-26.0,855.0,Sunny,Winter,-50.0
2021-04-17,3091,2,-74.0,-26.0,854.0,Sunny,Winter,-50.0
2021-04-16,3090,2,-73.0,-26.0,853.0,Sunny,Winter,-49.5
2021-04-15,3089,2,-74.0,-29.0,854.0,Sunny,Winter,-51.5
2021-04-13,3088,2,-75.0,-27.0,855.0,Sunny,Winter,-51.0
2021-04-12,3087,2,-75.0,-26.0,853.0,Sunny,Winter,-50.5
2021-04-11,3086,2,-75.0,-23.0,852.0,Sunny,Winter,-49.0
2021-04-10,3085,1,-75.0,-13.0,853.0,Sunny,Winter,-44.0
2021-04-09,3084,1,-75.0,-15.0,852.0,Sunny,Winter,-45.0
2021-04-08,3083,1,-75.0,-15.0,852.0,Sunny,Winter,-45.0
2021-04-07,3082,1,-76.0,-13.0,850.0,Sunny,Winter,-44.5
2021-04-06,3081,1,-76.0,-16.0,850.0,Sunny,Winter,-46.0
2021-04-05,3080,1,-76.0,-19.0,850.0,Sunny,Winter,-47.5
2021-04-04,3079,1,-74.0,-12.0,849.0,Sunny,Winter,-43.0
2021-04-03,3078,1,-73.0,-11.0,849.0,Sunny,Winter,-42.0
2021-04-02,3077,1,-74.0,-12.0,848.0,Sunny,Winter,-43.0
2021-04-01,3076,1,-73.0,-12.0,847.0,Sunny,Winter,-42.5
2021-03-31,3075,1,-74.0,-15.0,846.0,Sunny,Winter,-44.5
2021-03-30,3074,1,-74.0,-15.0,845.0,Sunny,Winter,-44.5
2021-03-29,3073,1,-73.0,-20.0,846.0,Sunny,Winter,-46.5
2021-03-28,3072,1,-74.0,-17.0,844.0,Sunny,Winter,-45.5
2021-03-27,3071,1,-74.0,-16.0,843.0,Sunny,Winter,-45.0
2021-03-26,3070,1,-74.0,-15.0,843.0,Sunny,Winter,-44.5
2021-03-25,3069,1,-74.0,-12.0,843.0,Sunny,Winter,-43.0
2021-03-24,3068,1,-74.0,-18.0,845.0,Sunny,Winter,-46.0
2021-03-23,3067,1,-74.0,-10.0,840.0,Sunny,Winter,-42.0
2021-03-22,3066,1,-74.0,-13.0,839.0,Sunny,Winter,-43.5
2021-03-21,3065,1,-77.0,-13.0,841.0,Sunny,Winter,-45.0
2021-03-20,3064,1,-74.0,-13.0,840.0,Sunny,Winter,-43.5
2021-03-19,3063,1,-74.0,-15.0,839.0,Sunny,Winter,-44.5
2021-03-18,3062,1,-73.0,-15.0,838.0,Sunny,Winter,-44.0
2021-03-17,3061,1,-74.0,-13.0,837.0,Sunny,Winter,-43.5
2021-03-16,3060,1,-73.0,-14.0,839.0,Sunny,Winter,-43.5
2021-03-15,3059,1,-77.0,-16.0,836.0,Sunny,Winter,-46.5
2021-03-14,3058,1,-73.0,-15.0,837.0,Sunny,Winter,-44.0
2021-03-13,3057,1,-73.0,-13.0,836.0,Sunny,Winter,-43.0
2021-03-12,3056,1,-74.0,-14.0,834.0,Sunny,Winter,-44.0
2021-03-11,3055,1,-73.0,-12.0,832.0,Sunny,Winter,-42.5
2021-03-10,3054,1,-73.0,-13.0,832.0,Sunny,Winter,-43.0
2021-03-09,3053,1,-73.0,-12.0,834.0,Sunny,Winter,-42.5
2021-03-07,3052,1,-74.0,-14.0,834.0,Sunny,Winter,-44.0
2021-03-06,3051,1,-74.0,-11.0,833.0,Sunny,Winter,-42.5
2021-03-05,3050,1,-73.0,-11.0,833.0,Sunny,Winter,-42.0
2021-03-04,3049,1,-73.0,-9.0,832.0,Sunny,Winter,-41.0
2021-03-03,3048,1,-73.0,-14.0,830.0,Sunny,Winter,-43.5
2021-03-02,3047,1,-72.0,-15.0,830.0,Sunny,Winter,-43.5
2021-03-01,3046,1,-73.0,-11.0,830.0,Sunny,Winter,-42.0
2021-02-28,3045,1,-74.0,-10.0,830.0,Sunny,Winter,-42.0
2021-02-27,3044,1,-74.0,-6.0,829.0,Sunny,Winter,-40.0
2021-02-26,3043,1,-74.0,-14.0,828.0,Sunny,Winter,-44.0
2021-02-25,3042,1,-73.0,-17.0,827.0,Sunny,Winter,-45.0
2021-02-24,3041,1,-73.0,-13.0,828.0,Sunny,Winter,-43.0
2021-02-23,3040,1,-74.0,-22.0,828.0,Sunny,Winter,-48.0
2021-02-22,3039,1,-72.0,-20.0,827.0,Sunny,Winter,-46.0
2021-02-21,3038,1,-74.0,-10.0,825.0,Sunny,Winter,-42.0
2021-02-20,3037,1,-74.0,-9.0,825.0,Sunny,Winter,-41.5
2021-02-19,3036,1,-73.0,-15.0,824.0,Sunny,Winter,-44.0
2021-02-18,3035,1,-74.0,-8.0,824.0,Sunny,Winter,-41.0
2021-02-17,3034,1,-74.0,-18.0,825.0,Sunny,Winter,-46.0
2021-02-16,3033,1,-73.0,-16.0,823.0,Sunny,Winter,-44.5
2021-02-15,3032,1,-74.0,-7.0,822.0,Sunny,Winter,-40.5
2021-02-14,3031,1,-74.0,-13.0,821.0,Sunny,Winter,-43.5
2021-02-13,3030,1,-74.0,-20.0,821.0,Sunny,Winter,-47.0
2021-02-12,3029,1,-73.0,-19.0,821.0,Sunny,Winter,-46.0
2021-02-11,3028,1,-73.0,-18.0,821.0,Sunny,Winter,-45.5
2021-02-10,3027,1,-74.0,-17.0,820.0,Sunny,Winter,-45.5
2021-02-09,3026,1,-74.0,-7.0,820.0,Sunny,Winter,-40.5
2021-02-08,3025,1,-74.0,-6.0,820.0,Sunny,Winter,-40.0
2021-02-06,3023,1,-74.0,-15.0,818.0,Sunny,Winter,-44.5
2021-02-05,3022,1,-73.0,-2.0,818.0,Sunny,Winter,-37.5
2021-02-04,3021,1,-74.0,-6.0,819.0,Sunny,Winter,-40.0
2021-02-03,3020,1,-74.0,-7.0,817.0,Sunny,Winter,-40.5
2021-02-02,3019,1,-73.0,-6.0,816.0,Sunny,Winter,-39.5
2021-02-01,3018,1,-72.0,-19.0,817.0,Sunny,Winter,-45.5
2021-01-31,3017,1,-73.0,-17.0,817.0,Sunny,Winter,-45.0
2021-01-30,3016,1,-73.0,-9.0,815.0,Sunny,Winter,-41.0
2021-01-28,3015,1,-73.0,-14.0,816.0,Sunny,Winter,-43.5
2021-01-27,3014,1,-73.0,-9.0,814.0,Sunny,Winter,-41.0
2021-01-26,3013,1,-73.0,-10.0,813.0,Sunny,Winter,-41.5
2021-01-25,3012,1,-74.0,-12.0,812.0,Sunny,Winter,-43.0
2021-01-24,3011,1,-73.0,-18.0,817.0,Sunny,Winter,-45.5
2021-01-23,3010,1,-73.0,-16.0,817.0,Sunny,Winter,-44.5
2021-01-22,3009,1,-77.0,-15.0,815.0,Sunny,Winter,-46.0
2021-01-21,3008,1,-73.0,-3.0,814.0,Sunny,Winter,-38.0
2021-01-20,3007,1,-73.0,-3.0,814.0,Sunny,Winter,-38.0
2021-01-19,3006,1,-73.0,-14.0,814.0,Sunny,Winter,-43.5
2021-01-18,3005,1,-73.0,-10.0,813.0,Sunny,Winter,-41.5
2021-01-17,3004,1,-73.0,-17.0,813.0,Sunny,Winter,-45.0
2021-01-16,3003,1,-73.0,-16.0,815.0,Sunny,Winter,-44.5
2021-01-15,3002,1,-73.0,-14.0,815.0,Sunny,Winter,-43.5
2021-01-14,3001,1,-74.0,-13.0,813.0,Sunny,Winter,-43.5
2021-01-13,3000,1,-73.0,-16.0,812.0,Sunny,Winter,-44.5
2021-01-12,2999,1,-73.0,-18.0,813.0,Sunny,Winter,-45.5
2021-01-11,2998,1,-72.0,-17.0,812.0,Sunny,Winter,-44.5
2021-01-10,2997,1,-72.0,-18.0,811.0,Sunny,Winter,-45.0
2021-01-09,2996,1,-72.0,-18.0,812.0,Sunny,Winter,-45.0
2021-01-08,2995,1,-74.0,-5.0,814.0,Sunny,Winter,-39.5
2021-01-07,2994,1,-75.0,-6.0,814.0,Sunny,Winter,-40.5
2021-01-06,2993,1,-74.0,-11.0,813.0,Sunny,Winter,-42.5
2021-01-05,2992,1,-72.0,-10.0,815.0,Sunny,Winter,-41.0
2021-01-04,2991,1,-100.0,-4.0,813.0,Sunny,Winter,-52.0
2021-01-03,2990,1,-73.0,-5.0,811.0,Sunny,Winter,-39.0
2021-01-02,2989,1,-73.0,-3.0,814.0,Sunny,Winter,-38.0
2021-01-01,2988,1,-72.0,-10.0,813.0,Sunny,Winter,-41.0
2020-12-31,2987,1,-74.0,-13.0,812.0,Sunny,Winter,-43.5
2020-12-30,2986,1,-73.0,-11.0,813.0,Sunny,Winter,-42.0
2020-12-29,2985,1,-72.0,-7.0,814.0,Sunny,Winter,-39.5
2020-12-28,2984,1,-73.0,-8.0,814.0,Sunny,Winter,-40.5
2020-12-27,2983,1,-73.0,-4.0,814.0,Sunny,Winter,-38.5
2020-12-26,2982,1,-73.0,-6.0,814.0,Sunny,Winter,-39.5
2020-12-25,2981,1,-72.0,-5.0,817.0,Sunny,Winter,-38.5
2020-12-24,2980,1,-74.0,-10.0,816.0,Sunny,Winter,-42.0
2020-12-22,2979,1,-71.0,-6.0,818.0,Sunny,Winter,-38.5
2020-12-21,2978,1,-72.0,-1.0,815.0,Sunny,Winter,-36.5
2020-12-20,2977,1,-72.0,-4.0,816.0,Sunny,Winter,-38.0
2020-12-19,2976,1,-72.0,-10.0,816.0,Sunny,Winter,-41.0
2020-12-18,2975,1,-73.0,-7.0,815.0,Sunny,Winter,-40.0
2020-12-17,2974,1,-72.0,-15.0,818.0,Sunny,Winter,-43.5
2020-12-16,2973,1,-72.0,-6.0,817.0,Sunny,Winter,-39.0
2020-12-15,2972,1,-69.0,-5.0,818.0,Sunny,Winter,-37.0
2020-12-14,2971,1,-70.0,-7.0,815.0,Sunny,Winter,-38.5
2020-12-13,2970,1,-72.0,-10.0,815.0,Sunny,Winter,-41.0
2020-12-12,2969,1,-71.0,-10.0,817.0,Sunny,Winter,-40.5
2020-12-11,2968,1,-71.0,-10.0,815.0,Sunny,Winter,-40.5
2020-12-10,2967,1,-56.0,-7.0,793.0,Sunny,Winter,-31.5
2020-12-08,2965,1,-69.0,-54.0,843.0,Sunny,Winter,-61.5
2020-12-07,2964,1,-69.0,-6.0,818.0,Sunny,Winter,-37.5
2020-12-06,2963,1,-70.0,-9.0,813.0,Sunny,Winter,-39.5
2020-12-05,2962,1,-69.0,-11.0,818.0,Sunny,Winter,-40.0
2020-12-04,2961,1,-69.0,-9.0,817.0,Sunny,Winter,-39.0
2020-12-03,2960,1,-69.0,-10.0,819.0,Sunny,Winter,-39.5
2020-12-02,2959,1,-69.0,-6.0,818.0,Sunny,Winter,-37.5
2020-12-01,2958,1,-74.0,-2.0,819.0,Sunny,Winter,-38.0
2020-11-30,2957,1,-70.0,-12.0,819.0,Sunny,Winter,-41.0
2020-11-29,2956,1,-70.0,-5.0,819.0,Sunny,Winter,-37.5
2020-11-28,2955,1,-69.0,-3.0,821.0,Sunny,Winter,-36.0
2020-11-27,2954,1,-69.0,-5.0,821.0,Sunny,Winter,-37.0
2020-11-26,2953,1,-69.0,-8.0,823.0,Sunny,Winter,-38.5
2020-11-25,2952,1,-68.0,-4.0,824.0,Sunny,Winter,-36.0
2020-11-24,2951,1,-68.0,-8.0,827.0,Sunny,Winter,-38.0
2020-11-23,2950,1,-69.0,-7.0,828.0,Sunny,Winter,-38.0
2020-11-22,2949,1,-69.0,-3.0,827.0,Sunny,Winter,-36.0
2020-11-21,2948,1,-69.0,-2.0,826.0,Sunny,Winter,-35.5
2020-11-20,2947,1,-70.0,-3.0,826.0,Sunny,Winter,-36.5
2020-11-19,2946,1,-71.0,-3.0,830.0,Sunny,Winter,-37.0
2020-11-18,2945,1,-69.0,-2.0,834.0,Sunny,Winter,-35.5
2020-11-17,2944,1,-70.0,-3.0,832.0,Sunny,Winter,-36.5
2020-11-15,2943,1,-70.0,-6.0,829.0,Sunny,Winter,-38.0
2020-11-14,2942,1,-69.0,-6.0,832.0,Sunny,Winter,-37.5
2020-11-13,2941,1,-71.0,-10.0,828.0,Sunny,Winter,-40.5
2020-11-12,2940,1,-70.0,-4.0,834.0,Sunny,Winter,-37.0
2020-11-11,2939,1,-71.0,-9.0,835.0,Sunny,Winter,-40.0
2020-11-10,2938,1,-70.0,-14.0,836.0,Sunny,Winter,-42.0
2020-11-09,2937,1,-69.0,-14.0,837.0,Sunny,Winter,-41.5
2020-11-08,2936,1,-70.0,-13.0,835.0,Sunny,Winter,-41.5
2020-11-06,2934,1,-70.0,1.0,834.0,Sunny,Winter,-34.5
2020-11-05,2933,1,-69.0,-6.0,840.0,Sunny,Winter,-37.5
2020-11-04,2932,1,-69.0,-3.0,839.0,Sunny,Winter,-36.0
2020-11-03,2931,1,-69.0,-3.0,845.0,Sunny,Winter,-36.0
2020-11-02,2930,1,-70.0,0.0,839.0,Sunny,Winter,-35.0
2020-11-01,2929,1,-70.0,-3.0,838.0,Sunny,Winter,-36.5
2020-10-31,2928,1,-71.0,-3.0,840.0,Sunny,Winter,-37.0
2020-10-30,2927,1,-71.0,-3.0,841.0,Sunny,Winter,-37.0
2020-10-29,2926,1,-70.0,-4.0,846.0,Sunny,Winter,-37.0
2020-10-28,2925,1,-69.0,-2.0,844.0,Sunny,Winter,-35.5
2020-10-27,2924,1,-69.0,-4.0,847.0,Sunny,Winter,-36.5
2020-10-26,2923,1,-70.0,2.0,843.0,Sunny,Winter,-34.0
2020-10-25,2922,1,-70.0,3.0,844.0,Sunny,Winter,-33.5
2020-10-24,2921,1,-70.0,-1.0,845.0,Sunny,Winter,-35.5
2020-10-23,2920,1,-70.0,-2.0,845.0,Sunny,Winter,-36.0
2020-10-22,2919,1,-70.0,0.0,851.0,Sunny,Winter,-35.0
2020-10-21,2918,1,-70.0,-2.0,852.0,Sunny,Winter,-36.0
2020-10-20,2917,1,-71.0,-1.0,851.0,Sunny,Winter,-36.0
2020-10-19,2916,1,-69.0,-2.0,848.0,Sunny,Winter,-35.5
2020-10-18,2915,1,-70.0,-1.0,849.0,Sunny,Winter,-35.5
2020-10-17,2914,1,-71.0,-1.0,850.0,Sunny,Winter,-36.0
2020-10-16,2913,1,-70.0,-2.0,849.0,Sunny,Winter,-36.0
2020-10-15,2912,1,-69.0,1.0,853.0,Sunny,Winter,-34.0
2020-10-14,2911,1,-70.0,1.0,854.0,Sunny,Winter,-34.5
2020-10-13,2910,1,-70.0,-1.0,854.0,Sunny,Winter,-35.5
2020-10-12,2909,1,-70.0,-1.0,853.0,Sunny,Winter,-35.5
2020-10-11,2908,1,-70.0,-1.0,854.0,Sunny,Winter,-35.5
2020-10-10,2907,1,-70.0,-2.0,854.0,Sunny,Winter,-36.0
2020-10-08,2906,1,-71.0,2.0,855.0,Sunny,Winter,-34.5
2020-10-07,2905,1,-70.0,-1.0,859.0,Sunny,Winter,-35.5
2020-10-06,2904,1,-70.0,-2.0,860.0,Sunny,Winter,-36.0
2020-10-05,2903,1,-70.0,0.0,859.0,Sunny,Winter,-35.0
2020-10-04,2902,1,-69.0,-7.0,856.0,Sunny,Winter,-38.0
2020-10-03,2901,1,-70.0,2.0,860.0,Sunny,Winter,-34.0
2020-10-02,2900,1,-69.0,0.0,861.0,Sunny,Winter,-34.5
2020-10-01,2899,1,-71.0,-3.0,866.0,Sunny,Winter,-37.0
2020-09-30,2898,1,-70.0,-3.0,869.0,Sunny,Winter,-36.5
2020-09-29,2897,1,-68.0,-1.0,867.0,Sunny,Winter,-34.5
2020-09-28,2896,1,-70.0,-4.0,866.0,Sunny,Winter,-37.0
2020-09-27,2895,1,-69.0,-2.0,865.0,Sunny,Winter,-35.5
2020-09-26,2894,1,-70.0,-1.0,867.0,Sunny,Winter,-35.5
2020-09-25,2893,1,-72.0,0.0,869.0,Sunny,Winter,-36.0
2020-09-24,2892,1,-70.0,-1.0,871.0,Sunny,Winter,-35.5
2020-09-23,2891,1,-70.0,-3.0,872.0,Sunny,Winter,-36.5
2020-09-22,2890,1,-71.0,0.0,871.0,Sunny,Winter,-35.5
2020-09-21,2889,1,-71.0,3.0,870.0,Sunny,Winter,-34.0
2020-09-20,2888,1,-70.0,4.0,870.0,Sunny,Winter,-33.0
2020-09-19,2887,1,-70.0,0.0,872.0,Sunny,Winter,-35.0
2020-09-18,2886,1,-71.0,-1.0,870.0,Sunny,Winter,-36.0
2020-09-17,2885,1,-69.0,-3.0,873.0,Sunny,Winter,-36.0
2020-09-16,2884,1,-69.0,-6.0,873.0,Sunny,Winter,-37.5
2020-09-15,2883,1,-67.0,-1.0,872.0,Sunny,Winter,-34.0
2020-09-14,2882,1,-69.0,2.0,873.0,Sunny,Winter,-33.5
2020-09-13,2881,1,-68.0,3.0,874.0,Sunny,Winter,-32.5
2020-09-12,2880,1,-71.0,-2.0,876.0,Sunny,Winter,-36.5
2020-09-11,2879,1,-69.0,2.0,877.0,Sunny,Winter,-33.5
2020-09-10,2878,1,-69.0,-4.0,879.0,Sunny,Winter,-36.5
2020-09-09,2877,1,-69.0,-1.0,881.0,Sunny,Winter,-35.0
2020-09-08,2876,1,-69.0,-1.0,881.0,Sunny,Winter,-35.0
2020-09-07,2875,1,-69.0,-2.0,881.0,Sunny,Winter,-35.5
2020-09-06,2874,1,-70.0,0.0,882.0,Sunny,Winter,-35.0
2020-09-05,2873,1,-70.0,-2.0,884.0,Sunny,Winter,-36.0
2020-09-04,2872,1,-70.0,-1.0,884.0,Sunny,Winter,-35.5
2020-09-03,2871,1,-69.0,0.0,885.0,Sunny,Winter,-34.5
2020-09-01,2870,9,-69.0,1.0,888.0,Sunny,Summer,-34.0
2020-08-31,2869,9,-70.0,-2.0,887.0,Sunny,Summer,-36.0
2020-08-30,2868,9,-69.0,0.0,887.0,Sunny,Summer,-34.5
2020-08-29,2867,9,-69.0,-3.0,889.0,Sunny,Summer,-36.0
2020-08-28,2866,9,-69.0,-1.0,888.0,Sunny,Summer,-35.0
2020-08-27,2865,9,-68.0,1.0,887.0,Sunny,Summer,-33.5
2020-08-26,2864,9,-68.0,-3.0,885.0,Sunny,Summer,-35.5
2020-08-25,2863,9,-68.0,0.0,883.0,Sunny,Summer,-34.0
2020-08-24,2862,9,-67.0,-3.0,884.0,Sunny,Summer,-35.0
2020-08-23,2861,9,-67.0,2.0,885.0,Sunny,Summer,-32.5
2020-08-22,2860,9,-68.0,-1.0,884.0,Sunny,Summer,-34.5
2020-08-21,2859,9,-67.0,0.0,886.0,Sunny,Summer,-33.5
2020-08-20,2858,9,-68.0,-1.0,886.0,Sunny,Summer,-34.5
2020-08-19,2857,9,-67.0,1.0,888.0,Sunny,Summer,-33.0
2020-08-18,2856,9,-67.0,-2.0,889.0,Sunny,Summer,-34.5
2020-08-17,2855,9,-69.0,-3.0,890.0,Sunny,Summer,-36.0
2020-08-16,2854,9,-69.0,-1.0,894.0,Sunny,Summer,-35.0
2020-08-15,2853,9,-68.0,0.0,894.0,Sunny,Summer,-34.0
2020-08-14,2852,9,-69.0,0.0,894.0,Sunny,Summer,-34.5
2020-08-13,2851,9,-68.0,-1.0,894.0,Sunny,Summer,-34.5
2020-08-12,2850,9,-68.0,-4.0,896.0,Sunny,Summer,-36.0
2020-08-11,2849,9,-74.0,4.0,894.0,Sunny,Summer,-35.0
2020-08-10,2848,9,-69.0,-2.0,893.0,Sunny,Summer,-35.5
2020-08-09,2847,9,-68.0,3.0,895.0,Sunny,Summer,-32.5
2020-08-08,2846,9,-67.0,0.0,894.0,Sunny,Summer,-33.5
2020-08-07,2845,9,-68.0,-1.0,892.0,Sunny,Summer,-34.5
2020-08-06,2844,9,-99.0,-1.0,889.0,Sunny,Summer,-50.0
2020-08-05,2843,9,-69.0,-8.0,889.0,Sunny,Summer,-38.5
2020-08-04,2842,9,-68.0,-1.0,890.0,Sunny,Summer,-34.5
2020-08-03,2841,9,-68.0,3.0,889.0,Sunny,Summer,-32.5
2020-08-02,2840,9,-72.0,0.0,889.0,Sunny,Summer,-36.0
2020-08-01,2839,9,-68.0,-1.0,893.0,Sunny,Summer,-34.5
2020-07-31,2838,9,-68.0,-3.0,892.0,Sunny,Summer,-35.5
2020-07-30,2837,9,-67.0,-5.0,892.0,Sunny,Summer,-36.0
2020-07-29,2836,9,-71.0,1.0,890.0,Sunny,Summer,-35.0
2020-07-28,2835,9,-68.0,-7.0,890.0,Sunny,Summer,-37.5
2020-07-27,2834,9,-67.0,0.0,888.0,Sunny,Summer,-33.5
2020-07-25,2833,9,-66.0,0.0,888.0,Sunny,Summer,-33.0
2020-07-24,2832,9,-70.0,0.0,887.0,Sunny,Summer,-35.0
2020-07-23,2831,9,-68.0,1.0,885.0,Sunny,Summer,-33.5
2020-07-22,2830,9,-66.0,-1.0,884.0,Sunny,Summer,-33.5
2020-07-21,2829,9,-66.0,1.0,882.0,Sunny,Summer,-32.5
2020-07-20,2828,9,-67.0,-6.0,882.0,Sunny,Summer,-36.5
2020-07-19,2827,9,-64.0,-6.0,881.0,Sunny,Summer,-35.0
2020-07-18,2826,9,-67.0,-7.0,882.0,Sunny,Summer,-37.0
2020-07-17,2825,9,-67.0,-9.0,881.0,Sunny,Summer,-38.0
2020-07-16,2824,8,-66.0,-4.0,879.0,Sunny,Summer,-35.0
2020-07-15,2823,8,-70.0,-5.0,880.0,Sunny,Summer,-37.5
2020-07-14,2822,8,-70.0,-5.0,878.0,Sunny,Summer,-37.5
2020-07-13,2821,8,-66.0,-7.0,875.0,Sunny,Summer,-36.5
2020-07-12,2820,8,-67.0,0.0,876.0,Sunny,Summer,-33.5
2020-07-11,2819,8,-67.0,-4.0,874.0,Sunny,Summer,-35.5
2020-07-10,2818,8,-67.0,-6.0,873.0,Sunny,Summer,-36.5
2020-07-09,2817,8,-65.0,-4.0,873.0,Sunny,Summer,-34.5
2020-07-08,2816,8,-52.0,-1.0,843.0,Sunny,Summer,-26.5
2020-07-06,2814,8,-63.0,-53.0,895.0,Sunny,Summer,-58.0
2020-07-05,2813,8,-65.0,-2.0,864.0,Sunny,Summer,-33.5
2020-07-04,2812,8,-67.0,0.0,865.0,Sunny,Summer,-33.5
2020-07-03,2811,8,-64.0,-1.0,863.0,Sunny,Summer,-32.5
2020-07-02,2810,8,-52.0,-1.0,832.0,Sunny,Summer,-26.5
2020-06-29,2807,8,-66.0,-1.0,869.0,Sunny,Summer,-33.5
2020-06-28,2806,8,-65.0,-1.0,858.0,Sunny,Summer,-33.0
2020-06-27,2805,8,-99.0,1.0,859.0,Sunny,Summer,-49.0
2020-06-26,2804,8,-66.0,-1.0,860.0,Sunny,Summer,-33.5
2020-06-25,2803,8,-100.0,1.0,854.0,Sunny,Summer,-49.5
2020-06-24,2802,8,-69.0,-3.0,855.0,Sunny,Summer,-36.0
2020-06-23,2801,8,-67.0,0.0,850.0,Sunny,Summer,-33.5
2020-06-22,2800,8,-67.0,3.0,847.0,Sunny,Summer,-32.0
2020-06-21,2799,8,-66.0,5.0,843.0,Sunny,Summer,-30.5
2020-06-20,2798,8,-67.0,4.0,844.0,Sunny,Summer,-31.5
2020-06-18,2797,8,-71.0,1.0,842.0,Sunny,Summer,-35.0
2020-06-17,2796,8,-68.0,3.0,839.0,Sunny,Summer,-32.5
2020-06-16,2795,8,-70.0,6.0,840.0,Sunny,Summer,-32.0
2020-06-15,2794,8,-68.0,3.0,834.0,Sunny,Summer,-32.5
2020-06-14,2793,8,-68.0,6.0,832.0,Sunny,Summer,-31.0
2020-06-13,2792,8,-68.0,5.0,833.0,Sunny,Summer,-31.5
2020-06-12,2791,8,-67.0,3.0,830.0,Sunny,Summer,-32.0
2020-06-11,2790,8,-66.0,3.0,831.0,Sunny,Summer,-31.5
2020-06-10,2789,8,-67.0,-4.0,829.0,Sunny,Summer,-35.5
2020-06-09,2788,8,-68.0,-4.0,830.0,Sunny,Summer,-36.0
2020-06-08,2787,8,-69.0,-4.0,828.0,Sunny,Summer,-36.5
2020-06-07,2786,8,-68.0,-3.0,825.0,Sunny,Summer,-35.5
2020-06-06,2785,8,-69.0,-3.0,824.0,Sunny,Summer,-36.0
2020-06-05,2784,8,-68.0,-5.0,817.0,Sunny,Summer,-36.5
2020-06-04,2783,8,-69.0,-5.0,817.0,Sunny,Summer,-37.0
2020-06-03,2782,8,-66.0,-4.0,815.0,Sunny,Summer,-35.0
2020-06-02,2781,8,-67.0,0.0,814.0,Sunny,Summer,-33.5
2020-06-01,2780,8,-70.0,0.0,813.0,Sunny,Summer,-35.0
2020-05-31,2779,8,-67.0,-5.0,810.0,Sunny,Summer,-36.0
2020-05-30,2778,8,-67.0,-7.0,811.0,Sunny,Summer,-37.0
2020-05-29,2777,7,-69.0,-7.0,808.0,Sunny,Summer,-38.0
2020-05-28,2776,7,-69.0,-6.0,804.0,Sunny,Summer,-37.5
2020-05-27,2775,7,-69.0,-7.0,805.0,Sunny,Summer,-38.0
2020-05-26,2774,7,-67.0,-5.0,802.0,Sunny,Summer,-36.0
2020-05-25,2773,7,-69.0,-6.0,801.0,Sunny,Summer,-37.5
2020-05-24,2772,7,-68.0,-5.0,799.0,Sunny,Summer,-36.5
2020-05-23,2771,7,-70.0,-7.0,796.0,Sunny,Summer,-38.5
2020-05-22,2770,7,-69.0,-6.0,797.0,Sunny,Summer,-37.5
2020-05-21,2769,7,-69.0,-4.0,793.0,Sunny,Summer,-36.5
2020-05-20,2768,7,-69.0,-5.0,791.0,Sunny,Summer,-37.0
2020-05-19,2767,7,-69.0,-6.0,791.0,Sunny,Summer,-37.5
2020-05-18,2766,7,-69.0,-7.0,788.0,Sunny,Summer,-38.0
2020-05-17,2765,7,-69.0,-6.0,787.0,Sunny,Summer,-37.5
2020-05-16,2764,7,-68.0,-6.0,786.0,Sunny,Summer,-37.0
2020-05-15,2763,7,-67.0,-6.0,782.0,Sunny,Summer,-36.5
2020-05-14,2762,7,-68.0,-6.0,781.0,Sunny,Summer,-37.0
2020-05-12,2761,7,-67.0,-7.0,779.0,Sunny,Summer,-37.0
2020-05-11,2760,7,-70.0,-7.0,778.0,Sunny,Summer,-38.5
2020-05-10,2759,7,-69.0,-5.0,777.0,Sunny,Summer,-37.0
2020-05-09,2758,7,-68.0,-6.0,775.0,Sunny,Summer,-37.0
2020-05-08,2757,7,-71.0,-6.0,773.0,Sunny,Summer,-38.5
2020-05-07,2756,7,-69.0,-7.0,771.0,Sunny,Summer,-38.0
2020-05-06,2755,7,-70.0,-7.0,769.0,Sunny,Summer,-38.5
2020-05-05,2754,7,-69.0,-8.0,769.0,Sunny,Summer,-38.5
2020-05-04,2753,7,-69.0,-7.0,767.0,Sunny,Summer,-38.0
2020-05-03,2752,7,-69.0,-6.0,766.0,Sunny,Summer,-37.5
2020-05-02,2751,7,-68.0,-7.0,765.0,Sunny,Summer,-37.5
2020-05-01,2750,7,-69.0,-7.0,763.0,Sunny,Summer,-38.0
2020-04-30,2749,7,-67.0,-7.0,762.0,Sunny,Summer,-37.0
2020-04-29,2748,7,-68.0,-9.0,761.0,Sunny,Summer,-38.5
2020-04-28,2747,7,-69.0,-9.0,761.0,Sunny,Summer,-39.0
2020-04-27,2746,7,-70.0,-9.0,759.0,Sunny,Summer,-39.5
2020-04-26,2745,7,-70.0,-4.0,757.0,Sunny,Summer,-37.0
2020-04-25,2744,7,-68.0,8.0,755.0,Sunny,Summer,-30.0
2020-04-24,2743,7,-68.0,-3.0,753.0,Sunny,Summer,-35.5
2020-04-23,2742,7,-68.0,-3.0,752.0,Sunny,Summer,-35.5
2020-04-22,2741,7,-69.0,-1.0,752.0,Sunny,Summer,-35.0
2020-04-19,2738,7,-69.0,0.0,745.0,Sunny,Summer,-34.5
2020-04-18,2737,7,-67.0,0.0,745.0,Sunny,Summer,-33.5
2020-04-17,2736,7,-70.0,0.0,745.0,Sunny,Summer,-35.0
2020-04-16,2735,7,-67.0,-3.0,743.0,Sunny,Summer,-35.0
2020-04-15,2734,7,-66.0,-6.0,744.0,Sunny,Summer,-36.0
2020-04-14,2733,7,-69.0,-11.0,742.0,Sunny,Summer,-40.0
2020-04-13,2732,7,-69.0,-8.0,739.0,Sunny,Summer,-38.5
2020-04-12,2731,7,-68.0,-4.0,739.0,Sunny,Summer,-36.0
2020-04-11,2730,7,-68.0,-11.0,740.0,Sunny,Summer,-39.5
2020-04-10,2729,7,-68.0,-4.0,737.0,Sunny,Summer,-36.0
2020-04-09,2728,6,-68.0,-2.0,737.0,Sunny,Spring,-35.0
2020-04-08,2727,6,-68.0,-5.0,735.0,Sunny,Spring,-36.5
2020-04-07,2726,6,-68.0,-4.0,734.0,Sunny,Spring,-36.0
2020-04-06,2725,6,-68.0,-4.0,733.0,Sunny,Spring,-36.0
2020-04-04,2724,6,-68.0,-6.0,732.0,Sunny,Spring,-37.0
2020-04-03,2723,6,-68.0,-4.0,732.0,Sunny,Spring,-36.0
2020-04-02,2722,6,-67.0,-3.0,731.0,Sunny,Spring,-35.0
2020-04-01,2721,6,-71.0,-5.0,731.0,Sunny,Spring,-38.0
2020-03-31,2720,6,-69.0,-7.0,728.0,Sunny,Spring,-38.0
2020-03-30,2719,6,-69.0,-10.0,728.0,Sunny,Spring,-39.5
2020-03-29,2718,6,-68.0,-8.0,727.0,Sunny,Spring,-38.0
2020-03-28,2717,6,-68.0,-5.0,727.0,Sunny,Spring,-36.5
2020-03-27,2716,6,-69.0,-6.0,726.0,Sunny,Spring,-37.5
2020-03-26,2715,6,-68.0,-6.0,724.0,Sunny,Spring,-37.0
2020-03-25,2714,6,-68.0,-9.0,723.0,Sunny,Spring,-38.5
2020-03-24,2713,6,-70.0,-6.0,722.0,Sunny,Spring,-38.0
2020-03-23,2712,6,-69.0,-5.0,721.0,Sunny,Spring,-37.0
2020-03-22,2711,6,-69.0,-6.0,721.0,Sunny,Spring,-37.5
2020-03-21,2710,6,-70.0,-6.0,721.0,Sunny,Spring,-38.0
2020-03-20,2709,6,-69.0,-6.0,720.0,Sunny,Spring,-37.5
2020-03-19,2708,6,-69.0,-5.0,720.0,Sunny,Spring,-37.0
2020-03-18,2707,6,-69.0,-7.0,718.0,Sunny,Spring,-38.0
2020-03-16,2705,6,-70.0,-12.0,718.0,Sunny,Spring,-41.0
2020-03-15,2704,6,-70.0,-8.0,718.0,Sunny,Spring,-39.0
2020-03-14,2703,6,-70.0,-8.0,716.0,Sunny,Spring,-39.0
2020-03-13,2702,6,-70.0,-5.0,714.0,Sunny,Spring,-37.5
2020-03-12,2701,6,-73.0,-3.0,715.0,Sunny,Spring,-38.0
2020-03-11,2700,6,-71.0,-4.0,716.0,Sunny,Spring,-37.5
2020-03-10,2699,6,-68.0,-6.0,715.0,Sunny,Spring,-37.0
2020-03-09,2698,6,-69.0,-10.0,715.0,Sunny,Spring,-39.5
2020-03-08,2697,6,-70.0,-1.0,716.0,Sunny,Spring,-35.5
2020-03-07,2696,6,-71.0,-2.0,713.0,Sunny,Spring,-36.5
2020-03-06,2695,6,-70.0,-10.0,712.0,Sunny,Spring,-40.0
2020-03-05,2694,6,-70.0,-10.0,711.0,Sunny,Spring,-40.0
2020-03-04,2693,6,-69.0,-13.0,712.0,Sunny,Spring,-41.0
2020-03-03,2692,6,-70.0,-13.0,712.0,Sunny,Spring,-41.5
2020-03-02,2691,6,-69.0,-8.0,710.0,Sunny,Spring,-38.5
2020-03-01,2690,6,-69.0,-11.0,710.0,Sunny,Spring,-40.0
2020-02-29,2689,6,-69.0,-12.0,710.0,Sunny,Spring,-40.5
2020-02-27,2688,6,-68.0,-12.0,712.0,Sunny,Spring,-40.0
2020-02-26,2687,6,-71.0,-12.0,710.0,Sunny,Spring,-41.5
2020-02-25,2686,6,-71.0,-12.0,711.0,Sunny,Spring,-41.5
2020-02-24,2685,6,-69.0,-11.0,711.0,Sunny,Spring,-40.0
2020-02-23,2684,6,-70.0,-12.0,711.0,Sunny,Spring,-41.0
2020-02-22,2683,6,-70.0,-10.0,711.0,Sunny,Spring,-40.0
2020-02-21,2682,6,-70.0,-13.0,711.0,Sunny,Spring,-41.5
2020-02-20,2681,6,-70.0,-13.0,710.0,Sunny,Spring,-41.5
2020-02-19,2680,6,-70.0,-13.0,711.0,Sunny,Spring,-41.5
2020-02-18,2679,6,-70.0,-12.0,712.0,Sunny,Spring,-41.0
2020-02-17,2678,6,-71.0,-11.0,711.0,Sunny,Spring,-41.0
2020-02-16,2677,6,-72.0,-11.0,710.0,Sunny,Spring,-41.5
2020-02-15,2676,6,-71.0,-14.0,711.0,Sunny,Spring,-42.5
2020-02-14,2675,6,-71.0,-13.0,712.0,Sunny,Spring,-42.0
2020-02-13,2674,6,-71.0,-14.0,712.0,Sunny,Spring,-42.5
2020-02-12,2673,5,-71.0,-12.0,710.0,Sunny,Spring,-41.5
2020-02-11,2672,5,-70.0,-12.0,710.0,Sunny,Spring,-41.0
2020-02-10,2671,5,-71.0,-14.0,709.0,Sunny,Spring,-42.5
2020-02-09,2670,5,-71.0,-14.0,710.0,Sunny,Spring,-42.5
2020-02-08,2669,5,-71.0,-12.0,709.0,Sunny,Spring,-41.5
2020-02-07,2668,5,-70.0,-13.0,709.0,Sunny,Spring,-41.5
2020-02-06,2667,5,-70.0,-13.0,709.0,Sunny,Spring,-41.5
2020-02-05,2666,5,-70.0,-11.0,708.0,Sunny,Spring,-40.5
2020-02-04,2665,5,-69.0,-13.0,707.0,Sunny,Spring,-41.0
2020-02-03,2664,5,-68.0,-13.0,708.0,Sunny,Spring,-40.5
2020-02-02,2663,5,-70.0,-7.0,708.0,Sunny,Spring,-38.5
2020-02-01,2662,5,-69.0,-8.0,709.0,Sunny,Spring,-38.5
2020-01-31,2661,5,-71.0,-7.0,710.0,Sunny,Spring,-39.0
2020-01-30,2660,5,-71.0,-11.0,710.0,Sunny,Spring,-41.0
2020-01-29,2659,5,-74.0,-7.0,710.0,Sunny,Spring,-40.5
2020-01-28,2658,5,-73.0,-14.0,713.0,Sunny,Spring,-43.5
2020-01-27,2657,5,-74.0,-11.0,715.0,Sunny,Spring,-42.5
2020-01-26,2656,5,-73.0,-13.0,715.0,Sunny,Spring,-43.0
2020-01-25,2655,5,-74.0,-14.0,715.0,Sunny,Spring,-44.0
2020-01-24,2654,5,-74.0,-10.0,717.0,Sunny,Spring,-42.0
2020-01-23,2653,5,-75.0,-14.0,718.0,Sunny,Spring,-44.5
2020-01-21,2652,5,-75.0,-16.0,717.0,Sunny,Spring,-45.5
2020-01-20,2651,5,-75.0,-11.0,718.0,Sunny,Spring,-43.0
2020-01-19,2650,5,-77.0,-17.0,720.0,Sunny,Spring,-47.0
2020-01-18,2649,5,-78.0,-15.0,720.0,Sunny,Spring,-46.5
2020-01-17,2648,5,-77.0,-15.0,721.0,Sunny,Spring,-46.0
2020-01-16,2647,5,-77.0,-13.0,722.0,Sunny,Spring,-45.0
2020-01-15,2646,5,-77.0,-15.0,724.0,Sunny,Spring,-46.0
2020-01-14,2645,5,-78.0,-19.0,724.0,Sunny,Spring,-48.5
2020-01-13,2644,5,-79.0,-17.0,724.0,Sunny,Spring,-48.0
2020-01-12,2643,5,-75.0,-16.0,725.0,Sunny,Spring,-45.5
2020-01-11,2642,5,-75.0,-14.0,727.0,Sunny,Spring,-44.5
2020-01-10,2641,5,-75.0,-13.0,725.0,Sunny,Spring,-44.0
2020-01-09,2640,5,-75.0,-18.0,727.0,Sunny,Spring,-46.5
2020-01-08,2639,5,-76.0,-16.0,728.0,Sunny,Spring,-46.0
2020-01-07,2638,5,-76.0,-18.0,728.0,Sunny,Spring,-47.0
2020-01-06,2637,5,-75.0,-16.0,729.0,Sunny,Spring,-45.5
2020-01-05,2636,5,-74.0,-17.0,730.0,Sunny,Spring,-45.5
2020-01-04,2635,5,-76.0,-20.0,731.0,Sunny,Spring,-48.0
2020-01-03,2634,5,-75.0,-17.0,731.0,Sunny,Spring,-46.0
2020-01-02,2633,5,-76.0,-14.0,732.0,Sunny,Spring,-45.0
2020-01-01,2632,5,-76.0,-13.0,732.0,Sunny,Spring,-44.5
2019-12-31,2631,5,-76.0,-17.0,734.0,Sunny,Spring,-46.5
2019-12-30,2630,5,-77.0,-20.0,734.0,Sunny,Spring,-48.5
2019-12-29,2629,5,-76.0,-17.0,735.0,Sunny,Spring,-46.5
2019-12-28,2628,5,-76.0,-18.0,736.0,Sunny,Spring,-47.0
2019-12-27,2627,5,-75.0,-17.0,737.0,Sunny,Spring,-46.0
2019-12-26,2626,5,-76.0,-16.0,737.0,Sunny,Spring,-46.0
2019-12-25,2625,5,-77.0,-22.0,738.0,Sunny,Spring,-49.5
2019-12-24,2624,5,-77.0,-21.0,741.0,Sunny,Spring,-49.0
2019-12-23,2623,5,-76.0,-21.0,741.0,Sunny,Spring,-48.5
2019-12-22,2622,5,-76.0,-20.0,742.0,Sunny,Spring,-48.0
2019-12-21,2621,5,-77.0,-20.0,742.0,Sunny,Spring,-48.5
2019-12-20,2620,5,-77.0,-19.0,743.0,Sunny,Spring,-48.0
2019-12-19,2619,5,-77.0,-21.0,744.0,Sunny,Spring,-49.0
2019-12-18,2618,5,-77.0,-21.0,746.0,Sunny,Spring,-49.0
2019-12-17,2617,5,-79.0,-26.0,746.0,Sunny,Spring,-52.5
2019-12-16,2616,5,-77.0,-23.0,747.0,Sunny,Spring,-50.0
2019-12-14,2615,5,-78.0,-19.0,748.0,Sunny,Spring,-48.5
2019-12-13,2614,5,-78.0,-20.0,748.0,Sunny,Spring,-49.0
2019-12-12,2613,4,-77.0,-25.0,750.0,Sunny,Spring,-51.0
2019-12-11,2612,4,-76.0,-25.0,752.0,Sunny,Spring,-50.5
2019-12-10,2611,4,-77.0,-21.0,753.0,Sunny,Spring,-49.0
2019-12-09,2610,4,-78.0,-21.0,754.0,Sunny,Spring,-49.5
2019-12-08,2609,4,-78.0,-22.0,755.0,Sunny,Spring,-50.0
2019-12-07,2608,4,-78.0,-20.0,755.0,Sunny,Spring,-49.0
2019-12-06,2607,4,-78.0,-20.0,756.0,Sunny,Spring,-49.0
2019-12-05,2606,4,-77.0,-21.0,758.0,Sunny,Spring,-49.0
2019-12-04,2605,4,-77.0,-20.0,760.0,Sunny,Spring,-48.5
2019-12-03,2604,4,-79.0,-19.0,760.0,Sunny,Spring,-49.0
2019-12-02,2603,4,-79.0,-23.0,761.0,Sunny,Spring,-51.0
2019-12-01,2602,4,-78.0,-17.0,762.0,Sunny,Spring,-47.5
2019-11-30,2601,4,-78.0,-23.0,764.0,Sunny,Spring,-50.5
2019-11-29,2600,4,-78.0,-19.0,766.0,Sunny,Spring,-48.5
2019-11-28,2599,4,-77.0,-21.0,766.0,Sunny,Spring,-49.0
2019-11-27,2598,4,-78.0,-20.0,768.0,Sunny,Spring,-49.0
2019-11-26,2597,4,-78.0,-19.0,768.0,Sunny,Spring,-48.5
2019-11-25,2596,4,-78.0,-21.0,770.0,Sunny,Spring,-49.5
2019-11-24,2595,4,-79.0,-21.0,771.0,Sunny,Spring,-50.0
2019-11-23,2594,4,-79.0,-22.0,772.0,Sunny,Spring,-50.5
2019-11-22,2593,4,-79.0,-21.0,773.0,Sunny,Spring,-50.0
2019-11-21,2592,4,-78.0,-25.0,775.0,Sunny,Spring,-51.5
2019-11-20,2591,4,-78.0,-25.0,776.0,Sunny,Spring,-51.5
2019-11-19,2590,4,-79.0,-22.0,777.0,Sunny,Spring,-50.5
2019-11-18,2589,4,-79.0,-27.0,778.0,Sunny,Spring,-53.0
2019-11-17,2588,4,-77.0,-27.0,780.0,Sunny,Spring,-52.0
2019-11-16,2587,4,-78.0,-28.0,781.0,Sunny,Spring,-53.0
2019-11-15,2586,4,-78.0,-28.0,781.0,Sunny,Spring,-53.0
2019-11-14,2585,4,-78.0,-20.0,782.0,Sunny,Spring,-49.0
2019-11-13,2584,4,-78.0,-22.0,783.0,Sunny,Spring,-50.0
2019-11-12,2583,4,-78.0,-19.0,784.0,Sunny,Spring,-48.5
2019-11-11,2582,4,-79.0,-24.0,786.0,Sunny,Spring,-51.5
2019-11-10,2581,4,-78.0,-20.0,788.0,Sunny,Spring,-49.0
2019-11-09,2580,4,-79.0,-24.0,788.0,Sunny,Spring,-51.5
2019-11-07,2579,4,-80.0,-25.0,790.0,Sunny,Spring,-52.5
2019-11-06,2578,4,-78.0,-22.0,792.0,Sunny,Spring,-50.0
2019-11-05,2577,4,-80.0,-22.0,793.0,Sunny,Spring,-51.0
2019-11-04,2576,4,-80.0,-26.0,794.0,Sunny,Spring,-53.0
2019-11-03,2575,4,-80.0,-26.0,796.0,Sunny,Spring,-53.0
2019-11-02,2574,4,-77.0,-32.0,797.0,Sunny,Spring,-54.5
2019-11-01,2573,4,-77.0,-32.0,797.0,Sunny,Spring,-54.5
2019-10-31,2572,4,-80.0,-22.0,798.0,Sunny,Spring,-51.0
2019-10-30,2571,4,-79.0,-27.0,800.0,Sunny,Spring,-53.0
2019-10-29,2570,4,-78.0,-28.0,801.0,Sunny,Spring,-53.0
2019-10-28,2569,4,-78.0,-22.0,803.0,Sunny,Spring,-50.0
2019-10-27,2568,4,-80.0,-28.0,805.0,Sunny,Spring,-54.0
2019-10-26,2567,4,-79.0,-21.0,806.0,Sunny,Spring,-50.0
2019-10-25,2566,4,-80.0,-27.0,807.0,Sunny,Spring,-53.5
2019-10-24,2565,4,-79.0,-27.0,808.0,Sunny,Spring,-53.0
2019-10-23,2564,4,-79.0,-31.0,810.0,Sunny,Spring,-55.0
2019-10-22,2563,4,-78.0,-29.0,811.0,Sunny,Spring,-53.5
2019-10-21,2562,4,-79.0,-29.0,812.0,Sunny,Spring,-54.0
2019-10-20,2561,4,-79.0,-25.0,814.0,Sunny,Spring,-52.0
2019-10-19,2560,4,-79.0,-26.0,814.0,Sunny,Spring,-52.5
2019-10-18,2559,4,-79.0,-26.0,816.0,Sunny,Spring,-52.5
2019-10-17,2558,4,-81.0,-29.0,818.0,Sunny,Spring,-55.0
2019-10-16,2557,4,-82.0,-26.0,819.0,Sunny,Spring,-54.0
2019-10-15,2556,4,-82.0,-28.0,821.0,Sunny,Spring,-55.0
2019-10-14,2555,4,-81.0,-30.0,822.0,Sunny,Spring,-55.5
2019-10-13,2554,4,-82.0,-27.0,824.0,Sunny,Spring,-54.5
2019-10-12,2553,4,-82.0,-28.0,824.0,Sunny,Spring,-55.0
2019-10-11,2552,4,-82.0,-30.0,826.0,Sunny,Spring,-56.0
2019-10-10,2551,4,-82.0,-30.0,828.0,Sunny,Spring,-56.0
2019-10-09,2550,4,-83.0,-31.0,829.0,Sunny,Spring,-57.0
2019-10-08,2549,3,-82.0,-30.0,830.0,Sunny,Winter,-56.0
2019-10-07,2548,3,-81.0,-28.0,831.0,Sunny,Winter,-54.5
2019-10-06,2547,3,-82.0,-24.0,832.0,Sunny,Winter,-53.0
2019-10-05,2546,3,-82.0,-31.0,833.0,Sunny,Winter,-56.5
2019-10-04,2545,3,-81.0,-33.0,835.0,Sunny,Winter,-57.0
2019-10-03,2544,3,-81.0,-30.0,837.0,Sunny,Winter,-55.5
2019-10-02,2543,3,-82.0,-29.0,837.0,Sunny,Winter,-55.5
2019-09-30,2542,3,-83.0,-26.0,838.0,Sunny,Winter,-54.5
2019-09-29,2541,3,-81.0,-30.0,839.0,Sunny,Winter,-55.5
2019-09-28,2540,3,-81.0,-30.0,840.0,Sunny,Winter,-55.5
2019-09-27,2539,3,-81.0,-30.0,842.0,Sunny,Winter,-55.5
2019-09-26,2538,3,-83.0,-28.0,843.0,Sunny,Winter,-55.5
2019-09-25,2537,3,-80.0,-29.0,843.0,Sunny,Winter,-54.5
2019-09-24,2536,3,-82.0,-30.0,844.0,Sunny,Winter,-56.0
2019-09-23,2535,3,-82.0,-25.0,845.0,Sunny,Winter,-53.5
2019-09-22,2534,3,-82.0,-29.0,847.0,Sunny,Winter,-55.5
2019-09-21,2533,3,-83.0,-32.0,847.0,Sunny,Winter,-57.5
2019-09-20,2532,3,-81.0,-31.0,849.0,Sunny,Winter,-56.0
2019-09-19,2531,3,-81.0,-32.0,850.0,Sunny,Winter,-56.5
2019-09-18,2530,3,-82.0,-27.0,850.0,Sunny,Winter,-54.5
2019-09-17,2529,3,-81.0,-30.0,851.0,Sunny,Winter,-55.5
2019-09-16,2528,3,-81.0,-28.0,852.0,Sunny,Winter,-54.5
2019-09-15,2527,3,-83.0,-31.0,854.0,Sunny,Winter,-57.0
2019-09-14,2526,3,-82.0,-29.0,854.0,Sunny,Winter,-55.5
2019-09-13,2525,3,-83.0,-29.0,855.0,Sunny,Winter,-56.0
2019-09-12,2524,3,-80.0,-31.0,856.0,Sunny,Winter,-55.5
2019-09-11,2523,3,-82.0,-28.0,857.0,Sunny,Winter,-55.0
2019-09-10,2522,3,-82.0,-32.0,858.0,Sunny,Winter,-57.0
2019-09-09,2521,3,-80.0,-29.0,859.0,Sunny,Winter,-54.5
2019-09-08,2520,3,-81.0,-32.0,859.0,Sunny,Winter,-56.5
2019-09-07,2519,3,-82.0,-31.0,859.0,Sunny,Winter,-56.5
2019-09-06,2518,3,-81.0,-26.0,860.0,Sunny,Winter,-53.5
2019-09-05,2517,3,-82.0,-29.0,862.0,Sunny,Winter,-55.5
2019-09-04,2516,3,-82.0,-31.0,862.0,Sunny,Winter,-56.5
2019-09-03,2515,3,-81.0,-32.0,864.0,Sunny,Winter,-56.5
2019-09-02,2514,3,-81.0,-29.0,865.0,Sunny,Winter,-55.0
2019-09-01,2513,3,-81.0,-28.0,864.0,Sunny,Winter,-54.5
2019-08-31,2512,3,-82.0,-28.0,864.0,Sunny,Winter,-55.0
2019-08-30,2511,3,-81.0,-30.0,865.0,Sunny,Winter,-55.5
2019-08-29,2510,3,-81.0,-33.0,866.0,Sunny,Winter,-57.0
2019-08-28,2509,3,-82.0,-33.0,867.0,Sunny,Winter,-57.5
2019-08-27,2508,3,-82.0,-33.0,868.0,Sunny,Winter,-57.5
2019-08-26,2507,3,-82.0,-28.0,869.0,Sunny,Winter,-55.0
2019-08-24,2506,3,-81.0,-31.0,869.0,Sunny,Winter,-56.0
2019-08-23,2505,3,-81.0,-32.0,870.0,Sunny,Winter,-56.5
2019-08-22,2504,3,-81.0,-33.0,870.0,Sunny,Winter,-57.0
2019-08-21,2503,3,-81.0,-32.0,870.0,Sunny,Winter,-56.5
2019-08-20,2502,3,-81.0,-31.0,871.0,Sunny,Winter,-56.0
2019-08-19,2501,3,-81.0,-27.0,871.0,Sunny,Winter,-54.0
2019-08-18,2500,3,-81.0,-30.0,871.0,Sunny,Winter,-55.5
2019-08-17,2499,3,-82.0,-28.0,871.0,Sunny,Winter,-55.0
2019-08-16,2498,3,-81.0,-33.0,872.0,Sunny,Winter,-57.0
2019-08-15,2497,3,-82.0,-28.0,873.0,Sunny,Winter,-55.0
2019-08-14,2496,3,-80.0,-29.0,873.0,Sunny,Winter,-54.5
2019-08-13,2495,3,-81.0,-32.0,873.0,Sunny,Winter,-56.5
2019-08-12,2494,3,-81.0,-28.0,872.0,Sunny,Winter,-54.5
2019-08-11,2493,3,-81.0,-29.0,872.0,Sunny,Winter,-55.0
2019-08-10,2492,3,-81.0,-32.0,872.0,Sunny,Winter,-56.5
2019-08-09,2491,3,-80.0,-29.0,873.0,Sunny,Winter,-54.5
2019-08-08,2490,3,-80.0,-28.0,873.0,Sunny,Winter,-54.0
2019-08-07,2489,3,-81.0,-29.0,872.0,Sunny,Winter,-55.0
2019-08-06,2488,3,-80.0,-27.0,872.0,Sunny,Winter,-53.5
2019-08-05,2487,3,-82.0,-31.0,872.0,Sunny,Winter,-56.5
2019-08-04,2486,3,-82.0,-28.0,873.0,Sunny,Winter,-55.0
2019-08-03,2485,3,-81.0,-31.0,874.0,Sunny,Winter,-56.0
2019-08-02,2484,3,-80.0,-33.0,874.0,Sunny,Winter,-56.5
2019-08-01,2483,3,-81.0,-28.0,874.0,Sunny,Winter,-54.5
2019-07-31,2482,2,-80.0,-29.0,873.0,Sunny,Winter,-54.5
2019-07-30,2481,2,-80.0,-30.0,874.0,Sunny,Winter,-55.0
2019-07-29,2480,2,-78.0,-31.0,874.0,Sunny,Winter,-54.5
2019-07-28,2479,2,-79.0,-32.0,875.0,Sunny,Winter,-55.5
2019-07-27,2478,2,-78.0,-34.0,875.0,Sunny,Winter,-56.0
2019-07-26,2477,2,-78.0,-30.0,874.0,Sunny,Winter,-54.0
2019-07-25,2476,2,-81.0,-26.0,874.0,Sunny,Winter,-53.5
2019-07-24,2475,2,-77.0,-28.0,874.0,Sunny,Winter,-52.5
2019-07-23,2474,2,-75.0,-30.0,874.0,Sunny,Winter,-52.5
2019-07-22,2473,2,-75.0,-31.0,874.0,Sunny,Winter,-53.0
2019-07-21,2472,2,-79.0,-27.0,875.0,Sunny,Winter,-53.0
2019-07-20,2471,2,-78.0,-32.0,874.0,Sunny,Winter,-55.0
2019-07-18,2470,2,-78.0,-27.0,873.0,Sunny,Winter,-52.5
2019-07-17,2469,2,-79.0,-23.0,874.0,Sunny,Winter,-51.0
2019-07-16,2468,2,-79.0,-30.0,873.0,Sunny,Winter,-54.5
2019-07-15,2467,2,-79.0,-28.0,873.0,Sunny,Winter,-53.5
2019-07-14,2466,2,-79.0,-31.0,873.0,Sunny,Winter,-55.0
2019-07-13,2465,2,-80.0,-22.0,873.0,Sunny,Winter,-51.0
2019-07-12,2464,2,-80.0,-22.0,873.0,Sunny,Winter,-51.0
2019-07-11,2463,2,-80.0,-23.0,872.0,Sunny,Winter,-51.5
2019-07-10,2462,2,-80.0,-27.0,873.0,Sunny,Winter,-53.5
2019-07-09,2461,2,-79.0,-28.0,875.0,Sunny,Winter,-53.5
2019-07-08,2460,2,-81.0,-27.0,873.0,Sunny,Winter,-54.0
2019-07-07,2459,2,-80.0,-26.0,871.0,Sunny,Winter,-53.0
2019-07-06,2458,2,-80.0,-27.0,871.0,Sunny,Winter,-53.5
2019-07-05,2457,2,-79.0,-23.0,872.0,Sunny,Winter,-51.0
2019-07-04,2456,2,-81.0,-27.0,870.0,Sunny,Winter,-54.0
2019-07-03,2455,2,-80.0,-29.0,870.0,Sunny,Winter,-54.5
2019-07-02,2454,2,-79.0,-23.0,870.0,Sunny,Winter,-51.0
2019-07-01,2453,2,-79.0,-22.0,871.0,Sunny,Winter,-50.5
2019-06-30,2452,2,-80.0,-19.0,870.0,Sunny,Winter,-49.5
2019-06-29,2451,2,-79.0,-22.0,868.0,Sunny,Winter,-50.5
2019-06-28,2450,2,-79.0,-26.0,869.0,Sunny,Winter,-52.5
2019-06-27,2449,2,-79.0,-24.0,870.0,Sunny,Winter,-51.5
2019-06-26,2448,2,-80.0,-26.0,869.0,Sunny,Winter,-53.0
2019-06-25,2447,2,-81.0,-23.0,867.0,Sunny,Winter,-52.0
2019-06-24,2446,2,-78.0,-25.0,868.0,Sunny,Winter,-51.5
2019-06-23,2445,2,-80.0,-26.0,868.0,Sunny,Winter,-53.0
2019-06-22,2444,2,-80.0,-26.0,867.0,Sunny,Winter,-53.0
2019-06-21,2443,2,-80.0,-26.0,866.0,Sunny,Winter,-53.0
2019-06-20,2442,2,-78.0,-27.0,867.0,Sunny,Winter,-52.5
2019-06-19,2441,2,-81.0,-28.0,867.0,Sunny,Winter,-54.5
2019-06-18,2440,2,-79.0,-26.0,865.0,Sunny,Winter,-52.5
2019-06-17,2439,2,-80.0,-20.0,865.0,Sunny,Winter,-50.0
2019-06-16,2438,2,-80.0,-25.0,865.0,Sunny,Winter,-52.5
2019-06-15,2437,2,-79.0,-25.0,866.0,Sunny,Winter,-52.0
2019-06-14,2436,2,-80.0,-22.0,863.0,Sunny,Winter,-51.0
2019-06-13,2435,2,-79.0,-23.0,864.0,Sunny,Winter,-51.0
2019-06-12,2434,2,-79.0,-17.0,865.0,Sunny,Winter,-48.0
2019-06-10,2433,2,-79.0,-19.0,865.0,Sunny,Winter,-49.0
2019-06-09,2432,2,-79.0,-14.0,863.0,Sunny,Winter,-46.5
2019-06-08,2431,2,-78.0,-25.0,863.0,Sunny,Winter,-51.5
2019-06-07,2430,2,-77.0,-21.0,863.0,Sunny,Winter,-49.0
2019-06-06,2429,2,-77.0,-23.0,863.0,Sunny,Winter,-50.0
2019-06-05,2428,2,-79.0,-21.0,861.0,Sunny,Winter,-50.0
2019-06-04,2427,2,-76.0,-21.0,860.0,Sunny,Winter,-48.5
2019-06-03,2426,2,-76.0,-24.0,859.0,Sunny,Winter,-50.0
2019-06-02,2425,2,-79.0,-24.0,860.0,Sunny,Winter,-51.5
2019-06-01,2424,2,-74.0,-24.0,860.0,Sunny,Winter,-49.0
2019-05-31,2423,2,-73.0,-24.0,857.0,Sunny,Winter,-48.5
2019-05-30,2422,2,-73.0,-27.0,857.0,Sunny,Winter,-50.0
2019-05-29,2421,2,-73.0,-26.0,858.0,Sunny,Winter,-49.5
2019-05-28,2420,2,-78.0,-26.0,857.0,Sunny,Winter,-52.0
2019-05-27,2419,2,-75.0,-16.0,855.0,Sunny,Winter,-45.5
2019-05-26,2418,2,-75.0,-21.0,855.0,Sunny,Winter,-48.0
2019-05-25,2417,1,-77.0,-18.0,856.0,Sunny,Winter,-47.5
2019-05-24,2416,1,-78.0,-14.0,855.0,Sunny,Winter,-46.0
2019-05-23,2415,1,-77.0,-24.0,853.0,Sunny,Winter,-50.5
2019-05-22,2414,1,-75.0,-24.0,853.0,Sunny,Winter,-49.5
2019-05-21,2413,1,-78.0,-24.0,854.0,Sunny,Winter,-51.0
2019-05-20,2412,1,-78.0,-14.0,853.0,Sunny,Winter,-46.0
2019-05-19,2411,1,-77.0,-28.0,852.0,Sunny,Winter,-52.5
2019-05-18,2410,1,-77.0,-25.0,852.0,Sunny,Winter,-51.0
2019-05-17,2409,1,-77.0,-27.0,852.0,Sunny,Winter,-52.0
2019-05-16,2408,1,-78.0,-27.0,852.0,Sunny,Winter,-52.5
2019-05-15,2407,1,-77.0,-24.0,851.0,Sunny,Winter,-50.5
2019-05-14,2406,1,-77.0,-24.0,849.0,Sunny,Winter,-50.5
2019-05-13,2405,1,-75.0,-25.0,849.0,Sunny,Winter,-50.0
2019-05-12,2404,1,-77.0,-24.0,848.0,Sunny,Winter,-50.5
2019-05-11,2403,1,-76.0,-23.0,847.0,Sunny,Winter,-49.5
2019-05-10,2402,1,-77.0,-23.0,846.0,Sunny,Winter,-50.0
2019-05-09,2401,1,-77.0,-23.0,846.0,Sunny,Winter,-50.0
2019-05-08,2400,1,-76.0,-24.0,846.0,Sunny,Winter,-50.0
2019-05-07,2399,1,-75.0,-22.0,845.0,Sunny,Winter,-48.5
2019-05-06,2398,1,-76.0,-22.0,844.0,Sunny,Winter,-49.0
2019-05-04,2397,1,-75.0,-21.0,843.0,Sunny,Winter,-48.0
2019-05-03,2396,1,-76.0,-22.0,843.0,Sunny,Winter,-49.0
2019-05-02,2395,1,-76.0,-23.0,843.0,Sunny,Winter,-49.5
2019-05-01,2394,1,-75.0,-22.0,841.0,Sunny,Winter,-48.5
2019-04-30,2393,1,-76.0,-22.0,841.0,Sunny,Winter,-49.0
2019-04-29,2392,1,-76.0,-20.0,840.0,Sunny,Winter,-48.0
2019-04-28,2391,1,-77.0,-21.0,838.0,Sunny,Winter,-49.0
2019-04-27,2390,1,-77.0,-23.0,838.0,Sunny,Winter,-50.0
2019-04-26,2389,1,-76.0,-22.0,838.0,Sunny,Winter,-49.0
2019-04-25,2388,1,-75.0,-22.0,839.0,Sunny,Winter,-48.5
2019-04-24,2387,1,-77.0,-21.0,839.0,Sunny,Winter,-49.0
2019-04-23,2386,1,-77.0,-20.0,837.0,Sunny,Winter,-48.5
2019-04-22,2385,1,-75.0,-20.0,835.0,Sunny,Winter,-47.5
2019-04-21,2384,1,-76.0,-21.0,834.0,Sunny,Winter,-48.5
2019-04-20,2383,1,-74.0,-20.0,834.0,Sunny,Winter,-47.0
2019-04-19,2382,1,-75.0,-21.0,834.0,Sunny,Winter,-48.0
2019-04-18,2381,1,-75.0,-18.0,832.0,Sunny,Winter,-46.5
2019-04-17,2380,1,-76.0,-20.0,831.0,Sunny,Winter,-48.0
2019-04-16,2379,1,-74.0,-20.0,830.0,Sunny,Winter,-47.0
2019-04-15,2378,1,-74.0,-22.0,830.0,Sunny,Winter,-48.0
2019-04-14,2377,1,-74.0,-21.0,830.0,Sunny,Winter,-47.5
2019-04-13,2376,1,-75.0,-20.0,830.0,Sunny,Winter,-47.5
2019-04-12,2375,1,-75.0,-19.0,829.0,Sunny,Winter,-47.0
2019-04-11,2374,1,-75.0,-18.0,829.0,Sunny,Winter,-46.5
2019-04-10,2373,1,-76.0,-19.0,828.0,Sunny,Winter,-47.5
2019-04-09,2372,1,-74.0,-20.0,828.0,Sunny,Winter,-47.0
2019-04-08,2371,1,-74.0,-19.0,827.0,Sunny,Winter,-46.5
2019-04-07,2370,1,-76.0,-20.0,827.0,Sunny,Winter,-48.0
2019-04-06,2369,1,-76.0,-19.0,828.0,Sunny,Winter,-47.5
2019-04-05,2368,1,-77.0,-18.0,827.0,Sunny,Winter,-47.5
2019-04-04,2367,1,-75.0,-18.0,826.0,Sunny,Winter,-46.5
2019-04-03,2366,1,-74.0,-19.0,825.0,Sunny,Winter,-46.5
2019-04-02,2365,1,-74.0,-19.0,826.0,Sunny,Winter,-46.5
2019-04-01,2364,1,-75.0,-20.0,826.0,Sunny,Winter,-47.5
2019-03-31,2363,1,-74.0,-18.0,824.0,Sunny,Winter,-46.0
2019-03-30,2362,1,-74.0,-17.0,824.0,Sunny,Winter,-45.5
2019-03-28,2361,1,-75.0,-10.0,824.0,Sunny,Winter,-42.5
2019-03-27,2360,1,-74.0,-18.0,823.0,Sunny,Winter,-46.0
2019-03-26,2359,1,-74.0,-20.0,821.0,Sunny,Winter,-47.0
2019-03-25,2358,1,-74.0,-18.0,820.0,Sunny,Winter,-46.0
2019-03-24,2357,1,-78.0,-19.0,820.0,Sunny,Winter,-48.5
2019-03-23,2356,1,-76.0,-16.0,821.0,Sunny,Winter,-46.0
2019-03-22,2355,1,-75.0,-18.0,820.0,Sunny,Winter,-46.5
2019-03-21,2354,1,-75.0,-18.0,819.0,Sunny,Winter,-46.5
2019-03-20,2353,1,-74.0,-16.0,819.0,Sunny,Winter,-45.0
2019-03-19,2352,1,-74.0,-16.0,818.0,Sunny,Winter,-45.0
2019-03-18,2351,1,-75.0,-6.0,819.0,Sunny,Winter,-40.5
2019-03-17,2350,1,-74.0,-17.0,819.0,Sunny,Winter,-45.5
2019-03-16,2349,1,-74.0,-17.0,818.0,Sunny,Winter,-45.5
2019-03-15,2348,1,-74.0,-19.0,818.0,Sunny,Winter,-46.5
2019-03-14,2347,1,-60.0,-19.0,798.0,Sunny,Winter,-39.5
2019-03-05,2338,1,-75.0,-13.0,817.0,Sunny,Winter,-44.0
2019-03-04,2337,1,-73.0,-17.0,817.0,Sunny,Winter,-45.0
2019-03-03,2336,1,-73.0,-19.0,814.0,Sunny,Winter,-46.0
2019-03-02,2335,1,-73.0,-18.0,815.0,Sunny,Winter,-45.5
2019-03-01,2334,1,-73.0,-18.0,814.0,Sunny,Winter,-45.5
2019-02-28,2333,1,-57.0,-19.0,789.0,Sunny,Winter,-38.0
2019-02-13,2319,1,-72.0,-17.0,812.0,Sunny,Winter,-44.5
2019-02-12,2318,1,-73.0,-17.0,811.0,Sunny,Winter,-45.0
2019-02-11,2317,1,-73.0,-16.0,812.0,Sunny,Winter,-44.5
2019-02-10,2316,1,-72.0,-14.0,814.0,Sunny,Winter,-43.0
2019-02-09,2315,1,-71.0,-17.0,813.0,Sunny,Winter,-44.0
2019-02-08,2314,1,-71.0,-16.0,814.0,Sunny,Winter,-43.5
2019-02-07,2313,1,-71.0,-14.0,814.0,Sunny,Winter,-42.5
2019-02-06,2312,1,-72.0,-13.0,813.0,Sunny,Winter,-42.5
2019-02-05,2311,1,-73.0,-11.0,812.0,Sunny,Winter,-42.0
2019-02-04,2310,1,-75.0,-6.0,815.0,Sunny,Winter,-40.5
2019-02-03,2309,1,-71.0,-16.0,814.0,Sunny,Winter,-43.5
2019-02-02,2308,1,-71.0,-13.0,814.0,Sunny,Winter,-42.0
2019-02-01,2307,1,-71.0,-13.0,814.0,Sunny,Winter,-42.0
2019-01-31,2306,1,-70.0,-12.0,813.0,Sunny,Winter,-41.0
2019-01-30,2305,1,-73.0,-4.0,814.0,Sunny,Winter,-38.5
2019-01-29,2304,1,-73.0,-6.0,814.0,Sunny,Winter,-39.5
2019-01-28,2303,1,-73.0,-7.0,815.0,Sunny,Winter,-40.0
2019-01-27,2302,1,-73.0,-7.0,815.0,Sunny,Winter,-40.0
2019-01-26,2301,1,-73.0,-17.0,817.0,Sunny,Winter,-45.0
2019-01-25,2300,1,-73.0,-7.0,818.0,Sunny,Winter,-40.0
2019-01-24,2299,1,-74.0,-5.0,818.0,Sunny,Winter,-39.5
2019-01-23,2298,1,-71.0,-9.0,817.0,Sunny,Winter,-40.0
2019-01-22,2297,1,-70.0,-12.0,818.0,Sunny,Winter,-41.0
2019-01-21,2296,1,-73.0,-7.0,817.0,Sunny,Winter,-40.0
2019-01-20,2295,1,-68.0,-8.0,820.0,Sunny,Winter,-38.0
2019-01-19,2294,1,-70.0,-8.0,820.0,Sunny,Winter,-39.0
2019-01-18,2293,1,-69.0,-9.0,821.0,Sunny,Winter,-39.0
2019-01-17,2292,1,-72.0,-7.0,824.0,Sunny,Winter,-39.5
2019-01-16,2291,1,-70.0,-8.0,823.0,Sunny,Winter,-39.0
2019-01-15,2290,1,-69.0,-10.0,821.0,Sunny,Winter,-39.5
2019-01-14,2289,1,-69.0,-8.0,822.0,Sunny,Winter,-38.5
2019-01-12,2288,1,-68.0,-7.0,823.0,Sunny,Winter,-37.5
2019-01-11,2287,1,-69.0,-7.0,821.0,Sunny,Winter,-38.0
2019-01-10,2286,1,-68.0,-8.0,822.0,Sunny,Winter,-38.0
2019-01-09,2285,1,-69.0,-8.0,823.0,Sunny,Winter,-38.5
2019-01-08,2284,1,-70.0,-7.0,829.0,Sunny,Winter,-38.5
2019-01-07,2283,1,-71.0,-9.0,825.0,Sunny,Winter,-40.0
2019-01-06,2282,1,-71.0,-5.0,830.0,Sunny,Winter,-38.0
2019-01-05,2281,1,-71.0,-6.0,826.0,Sunny,Winter,-38.5
2019-01-04,2280,1,-71.0,-9.0,834.0,Sunny,Winter,-40.0
2019-01-03,2279,1,-71.0,-8.0,830.0,Sunny,Winter,-39.5
2019-01-02,2278,1,-71.0,-5.0,828.0,Sunny,Winter,-38.0
2019-01-01,2277,1,-71.0,-5.0,831.0,Sunny,Winter,-38.0
2018-12-31,2276,1,-71.0,-6.0,830.0,Sunny,Winter,-38.5
2018-12-30,2275,1,-71.0,-7.0,834.0,Sunny,Winter,-39.0
2018-12-29,2274,1,-74.0,-5.0,828.0,Sunny,Winter,-39.5
2018-12-28,2273,1,-71.0,-5.0,834.0,Sunny,Winter,-38.0
2018-12-27,2272,1,-73.0,-4.0,831.0,Sunny,Winter,-38.5
2018-12-26,2271,1,-70.0,-7.0,830.0,Sunny,Winter,-38.5
2018-12-25,2270,1,-75.0,-5.0,835.0,Sunny,Winter,-40.0
2018-12-24,2269,1,-75.0,-4.0,829.0,Sunny,Winter,-39.5
2018-12-23,2268,1,-74.0,-10.0,836.0,Sunny,Winter,-42.0
2018-12-22,2267,1,-73.0,-5.0,830.0,Sunny,Winter,-39.0
2018-12-21,2266,1,-71.0,-7.0,836.0,Sunny,Winter,-39.0
2018-12-20,2265,1,-71.0,-5.0,836.0,Sunny,Winter,-38.0
2018-12-19,2264,1,-71.0,-6.0,833.0,Sunny,Winter,-38.5
2018-12-18,2263,1,-74.0,-7.0,838.0,Sunny,Winter,-40.5
2018-12-16,2261,1,-70.0,-7.0,839.0,Sunny,Winter,-38.5
2018-12-13,2258,1,-70.0,-6.0,841.0,Sunny,Winter,-38.0
2018-12-12,2257,1,-72.0,-4.0,836.0,Sunny,Winter,-38.0
2018-12-11,2256,1,-70.0,-11.0,843.0,Sunny,Winter,-40.5
2018-12-10,2255,1,-71.0,-11.0,841.0,Sunny,Winter,-41.0
2018-12-09,2254,1,-71.0,-13.0,845.0,Sunny,Winter,-42.0
2018-12-08,2253,1,-70.0,-15.0,845.0,Sunny,Winter,-42.5
2018-12-07,2252,1,-72.0,-15.0,840.0,Sunny,Winter,-43.5
2018-12-05,2251,1,-74.0,-15.0,847.0,Sunny,Winter,-44.5
2018-12-04,2250,1,-70.0,-14.0,842.0,Sunny,Winter,-42.0
2018-12-03,2249,1,-70.0,-4.0,846.0,Sunny,Winter,-37.0
2018-12-02,2248,1,-71.0,1.0,846.0,Sunny,Winter,-35.0
2018-12-01,2247,1,-70.0,-4.0,844.0,Sunny,Winter,-37.0
2018-11-30,2246,1,-71.0,2.0,848.0,Sunny,Winter,-34.5
2018-11-29,2245,1,-70.0,-7.0,845.0,Sunny,Winter,-38.5
2018-11-28,2244,1,-70.0,-5.0,849.0,Sunny,Winter,-37.5
2018-11-27,2243,1,-70.0,-3.0,848.0,Sunny,Winter,-36.5
2018-11-26,2242,1,-70.0,-2.0,848.0,Sunny,Winter,-36.0
2018-11-25,2241,1,-70.0,-2.0,850.0,Sunny,Winter,-36.0
2018-11-24,2240,1,-70.0,0.0,849.0,Sunny,Winter,-35.0
2018-11-23,2239,1,-70.0,-2.0,852.0,Sunny,Winter,-36.0
2018-11-22,2238,1,-69.0,-2.0,853.0,Sunny,Winter,-35.5
2018-11-21,2237,1,-70.0,-3.0,854.0,Sunny,Winter,-36.5
2018-11-20,2236,1,-71.0,-3.0,857.0,Sunny,Winter,-37.0
2018-11-19,2235,1,-70.0,2.0,853.0,Sunny,Winter,-34.0
2018-11-18,2234,1,-70.0,2.0,857.0,Sunny,Winter,-34.0
2018-11-17,2233,1,-72.0,-4.0,857.0,Sunny,Winter,-38.0
2018-11-16,2232,1,-73.0,-3.0,858.0,Sunny,Winter,-38.0
2018-11-15,2231,1,-73.0,-10.0,860.0,Sunny,Winter,-41.5
2018-11-14,2230,1,-72.0,-5.0,859.0,Sunny,Winter,-38.5
2018-11-13,2229,1,-71.0,-2.0,861.0,Sunny,Winter,-36.5
2018-11-12,2228,1,-71.0,0.0,860.0,Sunny,Winter,-35.5
2018-11-11,2227,1,-72.0,-3.0,863.0,Sunny,Winter,-37.5
2018-11-10,2226,1,-73.0,-4.0,863.0,Sunny,Winter,-38.5
2018-11-09,2225,1,-71.0,1.0,864.0,Sunny,Winter,-35.0
2018-11-08,2224,1,-72.0,0.0,865.0,Sunny,Winter,-36.0
2018-11-07,2223,1,-71.0,2.0,863.0,Sunny,Winter,-34.5
2018-11-06,2222,1,-70.0,-3.0,865.0,Sunny,Winter,-36.5
2018-11-05,2221,1,-70.0,-4.0,865.0,Sunny,Winter,-37.0
2018-11-04,2220,1,-73.0,-10.0,866.0,Sunny,Winter,-41.5
2018-11-03,2219,1,-71.0,-7.0,868.0,Sunny,Winter,-39.0
2018-11-02,2218,1,-71.0,-7.0,866.0,Sunny,Winter,-39.0
2018-11-01,2217,1,-71.0,-13.0,868.0,Sunny,Winter,-42.0
2018-10-31,2216,1,-69.0,-12.0,868.0,Sunny,Winter,-40.5
2018-10-28,2214,1,-73.0,-13.0,872.0,Sunny,Winter,-43.0
2018-10-27,2213,1,-70.0,-12.0,874.0,Sunny,Winter,-41.0
2018-10-26,2212,1,-71.0,-13.0,877.0,Sunny,Winter,-42.0
2018-10-25,2211,1,-71.0,-13.0,876.0,Sunny,Winter,-42.0
2018-10-24,2210,1,-74.0,-11.0,877.0,Sunny,Winter,-42.5
2018-10-23,2209,1,-73.0,-18.0,879.0,Sunny,Winter,-45.5
2018-10-22,2208,1,-75.0,-18.0,880.0,Sunny,Winter,-46.5
2018-10-21,2207,1,-72.0,-14.0,881.0,Sunny,Winter,-43.0
2018-10-20,2206,1,-74.0,-14.0,881.0,Sunny,Winter,-44.0
2018-10-19,2205,1,-70.0,-13.0,880.0,Sunny,Winter,-41.5
2018-10-18,2204,1,-56.0,-14.0,854.0,Sunny,Winter,-35.0
2018-09-17,2174,9,-68.0,-22.0,896.0,Sunny,Summer,-45.0
2018-09-16,2173,9,-65.0,-14.0,893.0,Sunny,Summer,-39.5
2018-09-15,2172,9,-73.0,-14.0,893.0,Sunny,Summer,-43.5
2018-09-14,2171,9,-65.0,-12.0,879.0,Sunny,Summer,-38.5
2018-09-13,2170,9,-68.0,-12.0,886.0,Sunny,Summer,-40.0
2018-09-12,2169,9,-70.0,-10.0,887.0,Sunny,Summer,-40.0
2018-09-11,2168,9,-69.0,-10.0,886.0,Sunny,Summer,-39.5
2018-09-10,2167,9,-73.0,-12.0,885.0,Sunny,Summer,-42.5
2018-09-09,2166,9,-72.0,-10.0,887.0,Sunny,Summer,-41.0
2018-09-08,2165,9,-70.0,-10.0,887.0,Sunny,Summer,-40.0
2018-09-07,2164,9,-68.0,-8.0,886.0,Sunny,Summer,-38.0
2018-09-06,2163,9,-70.0,-5.0,886.0,Sunny,Summer,-37.5
2018-09-05,2162,9,-69.0,-5.0,886.0,Sunny,Summer,-37.0
2018-09-04,2161,9,-68.0,-5.0,884.0,Sunny,Summer,-36.5
2018-09-03,2160,9,-68.0,-8.0,885.0,Sunny,Summer,-38.0
2018-09-02,2159,9,-68.0,-10.0,883.0,Sunny,Summer,-39.0
2018-09-01,2158,9,-67.0,-7.0,880.0,Sunny,Summer,-37.0
2018-08-31,2157,9,-67.0,-5.0,877.0,Sunny,Summer,-36.0
2018-08-30,2156,8,-71.0,-6.0,879.0,Sunny,Summer,-38.5
2018-08-29,2155,8,-76.0,-12.0,878.0,Sunny,Summer,-44.0
2018-08-28,2154,8,-73.0,-10.0,878.0,Sunny,Summer,-41.5
2018-08-27,2153,8,-68.0,-10.0,877.0,Sunny,Summer,-39.0
2018-08-26,2152,8,-69.0,-10.0,878.0,Sunny,Summer,-39.5
2018-08-25,2151,8,-66.0,-12.0,876.0,Sunny,Summer,-39.0
2018-08-24,2150,8,-68.0,-11.0,874.0,Sunny,Summer,-39.5
2018-08-23,2149,8,-68.0,-10.0,874.0,Sunny,Summer,-39.0
2018-08-22,2148,8,-67.0,-13.0,872.0,Sunny,Summer,-40.0
2018-08-21,2147,8,-68.0,-15.0,870.0,Sunny,Summer,-41.5
2018-08-20,2146,8,-67.0,-10.0,870.0,Sunny,Summer,-38.5
2018-08-19,2145,8,-66.0,-10.0,868.0,Sunny,Summer,-38.0
2018-08-18,2144,8,-67.0,-11.0,867.0,Sunny,Summer,-39.0
2018-08-17,2143,8,-71.0,-12.0,865.0,Sunny,Summer,-41.5
2018-08-15,2142,8,-71.0,-10.0,865.0,Sunny,Summer,-40.5
2018-08-14,2141,8,-66.0,-17.0,863.0,Sunny,Summer,-41.5
2018-08-13,2140,8,-70.0,-10.0,858.0,Sunny,Summer,-40.0
2018-08-12,2139,8,-70.0,-11.0,857.0,Sunny,Summer,-40.5
2018-08-11,2138,8,-68.0,-16.0,858.0,Sunny,Summer,-42.0
2018-08-10,2137,8,-66.0,-13.0,857.0,Sunny,Summer,-39.5
2018-08-09,2136,8,-66.0,-13.0,856.0,Sunny,Summer,-39.5
2018-08-08,2135,8,-66.0,-15.0,854.0,Sunny,Summer,-40.5
2018-08-07,2134,8,-65.0,-14.0,851.0,Sunny,Summer,-39.5
2018-08-06,2133,8,-65.0,-18.0,849.0,Sunny,Summer,-41.5
2018-08-05,2132,8,-69.0,-16.0,847.0,Sunny,Summer,-42.5
2018-08-04,2131,8,-67.0,-21.0,846.0,Sunny,Summer,-44.0
2018-08-03,2130,8,-62.0,-18.0,844.0,Sunny,Summer,-40.0
2018-08-02,2129,8,-66.0,-21.0,843.0,Sunny,Summer,-43.5
2018-08-01,2128,8,-65.0,-20.0,841.0,Sunny,Summer,-42.5
2018-07-31,2127,8,-69.0,-18.0,838.0,Sunny,Summer,-43.5
2018-07-30,2126,8,-63.0,-18.0,837.0,Sunny,Summer,-40.5
2018-07-29,2125,8,-66.0,-17.0,834.0,Sunny,Summer,-41.5
2018-07-28,2124,8,-67.0,-17.0,832.0,Sunny,Summer,-42.0
2018-07-27,2123,8,-68.0,-18.0,831.0,Sunny,Summer,-43.0
2018-07-26,2122,8,-63.0,-14.0,830.0,Sunny,Summer,-38.5
2018-07-25,2121,8,-62.0,-18.0,829.0,Sunny,Summer,-40.0
2018-07-24,2120,8,-67.0,-16.0,828.0,Sunny,Summer,-41.5
2018-07-23,2119,8,-69.0,-16.0,824.0,Sunny,Summer,-42.5
2018-07-22,2118,8,-68.0,-19.0,822.0,Sunny,Summer,-43.5
2018-07-21,2117,8,-64.0,-19.0,822.0,Sunny,Summer,-41.5
2018-07-20,2116,8,-62.0,-21.0,820.0,Sunny,Summer,-41.5
2018-07-19,2115,8,-61.0,-21.0,818.0,Sunny,Summer,-41.0
2018-07-18,2114,8,-61.0,-19.0,816.0,Sunny,Summer,-40.0
2018-07-17,2113,8,-62.0,-20.0,815.0,Sunny,Summer,-41.0
2018-07-16,2112,8,-63.0,-20.0,813.0,Sunny,Summer,-41.5
2018-07-15,2111,8,-67.0,-20.0,813.0,Sunny,Summer,-43.5
2018-07-14,2110,8,-59.0,-20.0,810.0,Sunny,Summer,-39.5
2018-07-13,2109,7,-66.0,-22.0,809.0,Sunny,Summer,-44.0
2018-07-12,2108,7,-65.0,-24.0,806.0,Sunny,Summer,-44.5
2018-07-11,2107,7,-65.0,-21.0,807.0,Sunny,Summer,-43.0
2018-07-09,2106,7,-63.0,-27.0,803.0,Sunny,Summer,-45.0
2018-07-08,2105,7,-61.0,-25.0,802.0,Sunny,Summer,-43.0
2018-07-07,2104,7,-59.0,-23.0,797.0,Sunny,Summer,-41.0
2018-07-06,2103,7,-58.0,-26.0,797.0,Sunny,Summer,-42.0
2018-07-05,2102,7,-60.0,-22.0,797.0,Sunny,Summer,-41.0
2018-07-04,2101,7,-61.0,-23.0,796.0,Sunny,Summer,-42.0
2018-07-03,2100,7,-61.0,-29.0,797.0,Sunny,Summer,-45.0
2018-07-02,2099,7,-61.0,-25.0,791.0,Sunny,Summer,-43.0
2018-07-01,2098,7,-61.0,-23.0,791.0,Sunny,Summer,-42.0
2018-06-30,2097,7,-60.0,-23.0,789.0,Sunny,Summer,-41.5
2018-06-29,2096,7,-63.0,-22.0,788.0,Sunny,Summer,-42.5
2018-06-28,2095,7,-61.0,-25.0,784.0,Sunny,Summer,-43.0
2018-06-27,2094,7,-61.0,-27.0,783.0,Sunny,Summer,-44.0
2018-06-26,2093,7,-63.0,-24.0,780.0,Sunny,Summer,-43.5
2018-06-25,2092,7,-67.0,-24.0,781.0,Sunny,Summer,-45.5
2018-06-24,2091,7,-63.0,-22.0,779.0,Sunny,Summer,-42.5
2018-06-23,2090,7,-61.0,-23.0,778.0,Sunny,Summer,-42.0
2018-06-22,2089,7,-59.0,-26.0,779.0,Sunny,Summer,-42.5
2018-06-21,2088,7,-58.0,-24.0,778.0,Sunny,Summer,-41.0
2018-06-20,2087,7,-59.0,-28.0,780.0,Sunny,Summer,-43.5
2018-06-19,2086,7,-57.0,-25.0,776.0,Sunny,Summer,-41.0
2018-06-18,2085,7,-57.0,-24.0,772.0,Sunny,Summer,-40.5
2018-06-17,2084,7,-65.0,-21.0,771.0,Sunny,Summer,-43.0
2018-06-16,2083,7,-63.0,-14.0,769.0,Sunny,Summer,-38.5
2018-06-15,2082,7,-64.0,-15.0,768.0,Sunny,Summer,-39.5
2018-06-14,2081,7,-69.0,-3.0,770.0,Sunny,Summer,-36.0
2018-06-13,2080,7,-67.0,2.0,768.0,Sunny,Summer,-32.5
2018-06-12,2079,7,-68.0,2.0,767.0,Sunny,Summer,-33.0
2018-06-11,2078,7,-73.0,1.0,766.0,Sunny,Summer,-36.0
2018-06-10,2077,7,-69.0,0.0,765.0,Sunny,Summer,-34.5
2018-06-09,2076,7,-71.0,3.0,764.0,Sunny,Summer,-34.0
2018-06-08,2075,7,-69.0,3.0,762.0,Sunny,Summer,-33.0
2018-06-07,2074,7,-70.0,6.0,758.0,Sunny,Summer,-32.0
2018-06-06,2073,7,-74.0,7.0,756.0,Sunny,Summer,-33.5
2018-06-05,2072,7,-71.0,6.0,758.0,Sunny,Summer,-32.5
2018-06-04,2071,7,-71.0,4.0,755.0,Sunny,Summer,-33.5
2018-06-02,2070,7,-70.0,3.0,757.0,Sunny,Summer,-33.5
2018-06-01,2069,7,-71.0,4.0,756.0,Sunny,Summer,-33.5
2018-05-31,2068,7,-69.0,4.0,752.0,Sunny,Summer,-32.5
2018-05-30,2067,7,-74.0,3.0,750.0,Sunny,Summer,-35.5
2018-05-29,2066,7,-72.0,2.0,751.0,Sunny,Summer,-35.0
2018-05-28,2065,7,-71.0,2.0,750.0,Sunny,Summer,-34.5
2018-05-27,2064,7,-71.0,4.0,748.0,Sunny,Summer,-33.5
2018-05-26,2063,7,-71.0,3.0,748.0,Sunny,Summer,-34.0
2018-05-25,2062,7,-72.0,2.0,745.0,Sunny,Summer,-35.0
2018-05-24,2061,7,-72.0,5.0,745.0,Sunny,Summer,-33.5
2018-05-23,2060,7,-73.0,4.0,743.0,Sunny,Summer,-34.5
2018-05-22,2059,6,-72.0,4.0,743.0,Sunny,Spring,-34.0
2018-05-21,2058,6,-71.0,4.0,743.0,Sunny,Spring,-33.5
2018-05-20,2057,6,-73.0,2.0,741.0,Sunny,Spring,-35.5
2018-05-19,2056,6,-74.0,5.0,740.0,Sunny,Spring,-34.5
2018-05-18,2055,6,-72.0,2.0,740.0,Sunny,Spring,-35.0
2018-05-17,2054,6,-72.0,4.0,740.0,Sunny,Spring,-34.0
2018-05-16,2053,6,-71.0,3.0,740.0,Sunny,Spring,-34.0
2018-05-15,2052,6,-72.0,0.0,739.0,Sunny,Spring,-36.0
2018-05-14,2051,6,-71.0,1.0,739.0,Sunny,Spring,-35.0
2018-05-13,2050,6,-71.0,1.0,737.0,Sunny,Spring,-35.0
2018-05-12,2049,6,-72.0,3.0,735.0,Sunny,Spring,-34.5
2018-05-11,2048,6,-73.0,2.0,735.0,Sunny,Spring,-35.5
2018-05-10,2047,6,-71.0,3.0,733.0,Sunny,Spring,-34.0
2018-05-09,2046,6,-72.0,-7.0,734.0,Sunny,Spring,-39.5
2018-05-08,2045,6,-74.0,-7.0,733.0,Sunny,Spring,-40.5
2018-05-07,2044,6,-75.0,-8.0,730.0,Sunny,Spring,-41.5
2018-05-06,2043,6,-71.0,-7.0,730.0,Sunny,Spring,-39.0
2018-05-05,2042,6,-72.0,-7.0,730.0,Sunny,Spring,-39.5
2018-05-04,2041,6,-71.0,-9.0,728.0,Sunny,Spring,-40.0
2018-05-03,2040,6,-74.0,-9.0,729.0,Sunny,Spring,-41.5
2018-05-02,2039,6,-74.0,0.0,728.0,Sunny,Spring,-37.0
2018-05-01,2038,6,-74.0,-3.0,726.0,Sunny,Spring,-38.5
2018-04-30,2037,6,-75.0,-2.0,725.0,Sunny,Spring,-38.5
2018-04-29,2036,6,-72.0,-5.0,726.0,Sunny,Spring,-38.5
2018-04-28,2035,6,-72.0,-5.0,726.0,Sunny,Spring,-38.5
2018-04-27,2034,6,-70.0,-7.0,724.0,Sunny,Spring,-38.5
2018-04-25,2033,6,-72.0,-10.0,723.0,Sunny,Spring,-41.0
2018-04-24,2032,6,-72.0,-5.0,722.0,Sunny,Spring,-38.5
2018-04-23,2031,6,-72.0,-6.0,722.0,Sunny,Spring,-39.0
2018-04-22,2030,6,-73.0,-4.0,721.0,Sunny,Spring,-38.5
2018-04-21,2029,6,-72.0,-11.0,722.0,Sunny,Spring,-41.5
2018-04-20,2028,6,-73.0,-11.0,722.0,Sunny,Spring,-42.0
2018-04-19,2027,6,-74.0,-12.0,722.0,Sunny,Spring,-43.0
2018-04-18,2026,6,-73.0,-6.0,719.0,Sunny,Spring,-39.5
2018-04-17,2025,6,-73.0,-4.0,719.0,Sunny,Spring,-38.5
2018-04-16,2024,6,-76.0,-7.0,720.0,Sunny,Spring,-41.5
2018-04-15,2023,6,-72.0,-7.0,720.0,Sunny,Spring,-39.5
2018-04-14,2022,6,-73.0,-4.0,719.0,Sunny,Spring,-38.5
2018-04-13,2021,6,-74.0,-9.0,719.0,Sunny,Spring,-41.5
2018-04-12,2020,6,-72.0,-7.0,718.0,Sunny,Spring,-39.5
2018-04-11,2019,6,-75.0,-6.0,718.0,Sunny,Spring,-40.5
2018-04-10,2018,6,-75.0,-3.0,718.0,Sunny,Spring,-39.0
2018-04-09,2017,6,-75.0,-6.0,717.0,Sunny,Spring,-40.5
2018-04-08,2016,6,-73.0,-9.0,718.0,Sunny,Spring,-41.0
2018-04-07,2015,6,-74.0,-3.0,717.0,Sunny,Spring,-38.5
2018-04-06,2014,6,-72.0,-5.0,716.0,Sunny,Spring,-38.5
2018-04-05,2013,6,-72.0,-2.0,717.0,Sunny,Spring,-37.0
2018-04-04,2012,6,-74.0,-7.0,715.0,Sunny,Spring,-40.5
2018-04-03,2011,6,-73.0,-10.0,716.0,Sunny,Spring,-41.5
2018-04-02,2010,6,-73.0,-10.0,716.0,Sunny,Spring,-41.5
2018-04-01,2009,6,-74.0,-9.0,717.0,Sunny,Spring,-41.5
2018-03-31,2008,6,-74.0,-9.0,717.0,Sunny,Spring,-41.5
2018-03-30,2007,6,-73.0,-9.0,716.0,Sunny,Spring,-41.0
2018-03-29,2006,6,-74.0,-7.0,715.0,Sunny,Spring,-40.5
2018-03-28,2005,5,-75.0,-11.0,716.0,Sunny,Spring,-43.0
2018-03-27,2004,5,-74.0,-8.0,716.0,Sunny,Spring,-41.0
2018-03-26,2003,5,-74.0,-6.0,716.0,Sunny,Spring,-40.0
2018-03-25,2002,5,-75.0,-10.0,715.0,Sunny,Spring,-42.5
2018-03-24,2001,5,-75.0,-8.0,716.0,Sunny,Spring,-41.5
2018-03-23,2000,5,-76.0,-7.0,717.0,Sunny,Spring,-41.5
2018-03-22,1999,5,-72.0,-10.0,717.0,Sunny,Spring,-41.0
2018-03-21,1998,5,-72.0,-5.0,716.0,Sunny,Spring,-38.5
2018-03-19,1997,5,-74.0,-11.0,717.0,Sunny,Spring,-42.5
2018-03-18,1996,5,-76.0,-11.0,719.0,Sunny,Spring,-43.5
2018-03-17,1995,5,-73.0,-6.0,718.0,Sunny,Spring,-39.5
2018-03-16,1994,5,-75.0,-6.0,718.0,Sunny,Spring,-40.5
2018-03-15,1993,5,-75.0,-14.0,719.0,Sunny,Spring,-44.5
2018-03-14,1992,5,-76.0,-9.0,720.0,Sunny,Spring,-42.5
2018-03-13,1991,5,-74.0,-8.0,721.0,Sunny,Spring,-41.0
2018-03-12,1990,5,-74.0,-6.0,720.0,Sunny,Spring,-40.0
2018-03-11,1989,5,-75.0,-6.0,721.0,Sunny,Spring,-40.5
2018-03-10,1988,5,-73.0,-10.0,722.0,Sunny,Spring,-41.5
2018-03-09,1987,5,-76.0,-11.0,723.0,Sunny,Spring,-43.5
2018-03-08,1986,5,-74.0,-9.0,723.0,Sunny,Spring,-41.5
2018-03-07,1985,5,-77.0,-6.0,723.0,Sunny,Spring,-41.5
2018-03-06,1984,5,-77.0,-11.0,723.0,Sunny,Spring,-44.0
2018-03-05,1983,5,-76.0,-8.0,723.0,Sunny,Spring,-42.0
2018-03-04,1982,5,-77.0,-7.0,724.0,Sunny,Spring,-42.0
2018-03-03,1981,5,-75.0,-10.0,725.0,Sunny,Spring,-42.5
2018-03-02,1980,5,-77.0,-11.0,725.0,Sunny,Spring,-44.0
2018-03-01,1979,5,-76.0,-14.0,726.0,Sunny,Spring,-45.0
