,Earth_day,Sol,Month,Max_temp,Min_temp,Pressure,Atmo_opacity
0,2022-10-19,3627,Mes 11,-9,-67,803,Soleado
1,2022-10-18,3626,Mes 11,-12,-67,804,Soleado
2,2022-10-17,3625,Mes 11,-11,-67,804,Soleado
3,2022-10-16,3624,Mes 11,-12,-67,806,Soleado
4,2022-10-15,3623,Mes 11,-12,-67,808,Soleado
5,2022-10-14,3622,Mes 11,-12,-66,809,Soleado
6,2022-10-13,3621,Mes 11,-10,-68,808,Soleado
7,2022-10-12,3620,Mes 11,-12,-65,806,Soleado
8,2022-10-11,3619,Mes 11,-9,-66,806,Soleado
9,2022-10-10,3618,Mes 11,-10,-66,807,Soleado
10,2022-10-09,3617,Mes 11,-10,-70,809,Soleado
11,2022-10-08,3616,Mes 11,-10,-67,809,Soleado
12,2022-10-07,3615,Mes 11,-12,-69,810,Soleado
13,2022-10-06,3614,Mes 11,-14,-67,811,Soleado
14,2022-10-05,3613,Mes 11,-9,-66,812,Soleado
15,2022-10-04,3612,Mes 11,-11,-69,816,Soleado
16,2022-10-03,3611,Mes 11,-15,-69,817,Soleado
17,2022-10-02,3610,Mes 11,-14,-66,817,Soleado
18,2022-10-01,3609,Mes 11,-9,-67,812,Soleado
19,2022-09-30,3608,Mes 11,-11,-67,811,Soleado
20,2022-09-29,3607,Mes 11,-7,-68,813,Soleado
21,2022-09-28,3606,Mes 11,-7,-68,815,Soleado
22,2022-09-27,3605,Mes 11,-6,-69,816,Soleado
23,2022-09-26,3604,Mes 11,-3,-69,817,Soleado
24,2022-09-25,3603,Mes 11,-7,-70,820,Soleado
25,2022-09-24,3602,Mes 11,-6,-71,818,Soleado
26,2022-09-23,3601,Mes 11,-5,-70,823,Soleado
27,2022-09-22,3600,Mes 11,-4,-70,822,Soleado
28,2022-09-21,3599,Mes 11,-8,-69,827,Soleado
29,2022-09-20,3598,Mes 11,-4,-68,824,Soleado
30,2022-09-18,3597,Mes 11,-6,-70,820,Soleado
31,2022-09-17,3596,Mes 11,-3,-69,824,Soleado
32,2022-09-16,3595,Mes 11,-1,-69,821,Soleado
33,2022-09-15,3594,Mes 11,0,-71,826,Soleado
34,2022-09-14,3593,Mes 11,-5,-69,828,Soleado
35,2022-09-13,3592,Mes 11,-6,-69,829,Soleado
36,2022-09-12,3591,Mes 11,-7,-69,826,Soleado
37,2022-09-11,3590,Mes 11,-8,-69,826,Soleado
38,2022-09-10,3589,Mes 11,-6,-57,809,Soleado
39,2022-09-04,3583,Mes 10,-7,-70,831,Soleado
40,2022-09-03,3582,Mes 10,-9,-69,833,Soleado
41,2022-09-02,3581,Mes 10,-7,-73,833,Soleado
42,2022-09-01,3580,Mes 10,-10,-69,838,Soleado
43,2022-08-31,3579,Mes 10,-2,-71,836,Soleado
44,2022-08-30,3578,Mes 10,0,-69,836,Soleado
45,2022-08-29,3577,Mes 10,2,-69,836,Soleado
46,2022-08-26,3574,Mes 10,0,-69,838,Soleado
47,2022-08-25,3573,Mes 10,-4,-68,839,Soleado
48,2022-08-24,3572,Mes 10,-3,-69,840,Soleado
49,2022-08-23,3571,Mes 10,2,-70,843,Soleado
50,2022-08-22,3570,Mes 10,-1,-69,841,Soleado
51,2022-08-21,3569,Mes 10,1,-68,842,Soleado
52,2022-08-20,3568,Mes 10,-4,-71,843,Soleado
53,2022-08-19,3567,Mes 10,-2,-68,843,Soleado
54,2022-08-18,3566,Mes 10,-15,-69,864,Soleado
55,2022-08-17,3565,Mes 10,2,-69,847,Soleado
56,2022-08-16,3564,Mes 10,-7,-70,851,Soleado
57,2022-08-15,3563,Mes 10,-6,-69,851,Soleado
58,2022-08-14,3562,Mes 10,-3,-70,850,Soleado
59,2022-08-12,3561,Mes 10,1,-69,850,Soleado
60,2022-08-11,3560,Mes 10,-3,-67,850,Soleado
61,2022-08-10,3559,Mes 10,0,-70,853,Soleado
62,2022-08-09,3558,Mes 10,-2,-68,853,Soleado
63,2022-08-08,3557,Mes 10,-7,-72,857,Soleado
64,2022-08-07,3556,Mes 10,-7,-68,857,Soleado
65,2022-08-06,3555,Mes 10,-3,-68,855,Soleado
66,2022-08-05,3554,Mes 10,0,-67,856,Soleado
67,2022-08-04,3553,Mes 10,-4,-69,855,Soleado
68,2022-08-03,3552,Mes 10,-2,-69,861,Soleado
69,2022-08-02,3551,Mes 10,-2,-68,862,Soleado
70,2022-08-01,3550,Mes 10,-2,-67,863,Soleado
71,2022-07-31,3549,Mes 10,1,-68,862,Soleado
72,2022-07-30,3548,Mes 10,-2,-68,860,Soleado
73,2022-07-29,3547,Mes 10,1,-69,862,Soleado
74,2022-07-28,3546,Mes 10,-1,-70,862,Soleado
75,2022-07-27,3545,Mes 10,-1,-69,864,Soleado
76,2022-07-26,3544,Mes 10,-4,-69,867,Soleado
77,2022-07-25,3543,Mes 10,0,-69,866,Soleado
78,2022-07-24,3542,Mes 10,1,-68,863,Soleado
79,2022-07-23,3541,Mes 10,-2,-69,865,Soleado
80,2022-07-22,3540,Mes 10,-2,-69,865,Soleado
81,2022-07-21,3539,Mes 9,-1,-68,858,Soleado
82,2022-07-20,3538,Mes 9,-3,-69,865,Soleado
83,2022-07-19,3537,Mes 9,-1,-68,867,Soleado
84,2022-07-18,3536,Mes 9,-4,-68,868,Soleado
85,2022-07-17,3535,Mes 9,0,-68,867,Soleado
86,2022-07-16,3534,Mes 9,1,-68,868,Soleado
87,2022-07-15,3533,Mes 9,-3,-68,870,Soleado
88,2022-07-14,3532,Mes 9,-1,-68,868,Soleado
89,2022-07-13,3531,Mes 9,0,-67,871,Soleado
90,2022-07-12,3530,Mes 9,-2,-68,871,Soleado
91,2022-07-11,3529,Mes 9,-9,-69,871,Soleado
92,2022-07-10,3528,Mes 9,-11,-68,874,Soleado
93,2022-07-09,3527,Mes 9,-9,-70,875,Soleado
94,2022-07-08,3526,Mes 9,-14,-68,876,Soleado
95,2022-07-06,3525,Mes 9,-10,-70,873,Soleado
96,2022-07-05,3524,Mes 9,-9,-68,875,Soleado
97,2022-07-04,3523,Mes 9,-10,-67,874,Soleado
98,2022-07-03,3522,Mes 9,-10,-67,870,Soleado
99,2022-07-02,3521,Mes 9,-14,-69,882,Soleado
100,2022-07-01,3520,Mes 9,-11,-72,875,Soleado
101,2022-06-30,3519,Mes 9,-15,-68,876,Soleado
102,2022-06-29,3518,Mes 9,-12,-67,872,Soleado
103,2022-06-28,3517,Mes 9,-12,-70,875,Soleado
104,2022-06-27,3516,Mes 9,-8,-66,875,Soleado
105,2022-06-26,3515,Mes 9,-10,-66,874,Soleado
106,2022-06-25,3514,Mes 9,-10,-66,874,Soleado
107,2022-06-24,3513,Mes 9,-10,-68,872,Soleado
108,2022-06-23,3512,Mes 9,-7,-67,874,Soleado
109,2022-06-22,3511,Mes 9,-6,-65,873,Soleado
110,2022-06-21,3510,Mes 9,-12,-67,877,Soleado
111,2022-06-20,3509,Mes 9,-12,-67,879,Soleado
112,2022-06-19,3508,Mes 9,-2,-67,878,Soleado
113,2022-06-18,3507,Mes 9,-2,-66,878,Soleado
114,2022-06-17,3506,Mes 9,0,-68,875,Soleado
115,2022-06-16,3505,Mes 9,-2,-66,876,Soleado
116,2022-06-15,3504,Mes 9,1,-74,874,Soleado
117,2022-06-14,3503,Mes 9,-3,-57,857,Soleado
118,2022-06-07,3496,Mes 9,-52,-60,887,Soleado
119,2022-06-06,3495,Mes 9,4,-65,866,Soleado
120,2022-06-05,3494,Mes 9,-4,-66,866,Soleado
121,2022-06-04,3493,Mes 8,-4,-66,865,Soleado
122,2022-06-03,3492,Mes 8,0,-69,866,Soleado
123,2022-06-02,3491,Mes 8,-7,-67,865,Soleado
124,2022-06-01,3490,Mes 8,-2,-69,863,Soleado
125,2022-05-31,3489,Mes 8,0,-65,861,Soleado
126,2022-05-29,3488,Mes 8,0,-67,860,Soleado
127,2022-05-28,3487,Mes 8,-4,-63,859,Soleado
128,2022-05-27,3486,Mes 8,-5,-66,857,Soleado
129,2022-05-26,3485,Mes 8,-2,-66,859,Soleado
130,2022-05-25,3484,Mes 8,1,-72,857,Soleado
131,2022-05-24,3483,Mes 8,3,-66,855,Soleado
132,2022-05-23,3482,Mes 8,1,-66,855,Soleado
133,2022-05-22,3481,Mes 8,-2,-66,853,Soleado
134,2022-05-21,3480,Mes 8,1,-65,851,Soleado
135,2022-05-20,3479,Mes 8,3,-66,851,Soleado
136,2022-05-19,3478,Mes 8,-2,-66,847,Soleado
137,2022-05-18,3477,Mes 8,1,-64,845,Soleado
138,2022-05-17,3476,Mes 8,0,-65,844,Soleado
139,2022-05-16,3475,Mes 8,1,-66,845,Soleado
140,2022-05-15,3474,Mes 8,-1,-65,843,Soleado
141,2022-05-14,3473,Mes 8,2,-69,842,Soleado
142,2022-05-13,3472,Mes 8,1,-65,841,Soleado
143,2022-05-12,3471,Mes 8,6,-64,839,Soleado
144,2022-05-11,3470,Mes 8,2,-67,839,Soleado
145,2022-05-10,3469,Mes 8,1,-65,838,Soleado
146,2022-05-09,3468,Mes 8,1,-71,834,Soleado
147,2022-05-08,3467,Mes 8,4,-67,833,Soleado
148,2022-05-07,3466,Mes 8,5,-67,829,Soleado
149,2022-05-06,3465,Mes 8,7,-66,830,Soleado
150,2022-05-05,3464,Mes 8,7,-70,826,Soleado
151,2022-05-04,3463,Mes 8,4,-68,825,Soleado
152,2022-05-03,3462,Mes 8,6,-69,822,Soleado
153,2022-05-02,3461,Mes 8,6,-71,822,Soleado
154,2022-05-01,3460,Mes 8,1,-68,822,Soleado
155,2022-04-30,3459,Mes 8,4,-69,820,Soleado
156,2022-04-29,3458,Mes 8,5,-68,826,Soleado
157,2022-04-28,3457,Mes 8,1,-68,816,Soleado
158,2022-04-27,3456,Mes 8,4,-67,814,Soleado
159,2022-04-26,3455,Mes 8,6,-72,810,Soleado
160,2022-04-25,3454,Mes 8,6,-68,807,Soleado
161,2022-04-24,3453,Mes 8,7,-67,805,Soleado
162,2022-04-22,3452,Mes 8,8,-67,805,Soleado
163,2022-04-21,3451,Mes 8,7,-67,805,Soleado
164,2022-04-20,3450,Mes 8,3,-67,803,Soleado
165,2022-04-19,3449,Mes 8,-4,-67,804,Soleado
166,2022-04-18,3448,Mes 8,1,-69,800,Soleado
167,2022-04-17,3447,Mes 8,2,-65,793,Soleado
168,2022-04-16,3446,Mes 7,5,-69,795,Soleado
169,2022-04-15,3445,Mes 7,-2,-70,795,Soleado
170,2022-04-14,3444,Mes 7,1,-67,794,Soleado
171,2022-04-13,3443,Mes 7,2,-68,792,Soleado
172,2022-04-12,3442,Mes 7,2,-67,791,Soleado
173,2022-04-11,3441,Mes 7,-31,-67,797,Soleado
174,2022-04-10,3440,Mes 7,5,-68,785,Soleado
175,2022-04-09,3439,Mes 7,2,-67,785,Soleado
176,2022-04-08,3438,Mes 7,2,-68,784,Soleado
177,2022-04-07,3437,Mes 7,2,-68,783,Soleado
178,2022-04-06,3436,Mes 7,2,-71,780,Soleado
179,2022-04-05,3435,Mes 7,-1,-66,778,Soleado
180,2022-04-04,3434,Mes 7,2,-67,776,Soleado
181,2022-04-03,3433,Mes 7,1,-73,775,Soleado
182,2022-04-02,3432,Mes 7,0,-67,773,Soleado
183,2022-04-01,3431,Mes 7,-1,-67,773,Soleado
184,2022-03-31,3430,Mes 7,2,-67,769,Soleado
185,2022-03-30,3429,Mes 7,2,-67,768,Soleado
186,2022-03-29,3428,Mes 7,2,-67,765,Soleado
187,2022-03-28,3427,Mes 7,1,-69,763,Soleado
188,2022-03-27,3426,Mes 7,2,-69,763,Soleado
189,2022-03-26,3425,Mes 7,2,-66,762,Soleado
190,2022-03-25,3424,Mes 7,1,-68,762,Soleado
191,2022-03-24,3423,Mes 7,-5,-68,760,Soleado
192,2022-03-23,3422,Mes 7,1,-68,757,Soleado
193,2022-03-22,3421,Mes 7,-3,-68,756,Soleado
194,2022-03-21,3420,Mes 7,-1,-68,756,Soleado
195,2022-03-20,3419,Mes 7,1,-68,754,Soleado
196,2022-03-19,3418,Mes 7,0,-69,753,Soleado
197,2022-03-18,3417,Mes 7,1,-68,751,Soleado
198,2022-03-17,3416,Mes 7,0,-67,749,Soleado
199,2022-03-15,3415,Mes 7,-2,-69,748,Soleado
200,2022-03-14,3414,Mes 7,-6,-70,747,Soleado
201,2022-03-13,3413,Mes 7,-6,-66,747,Soleado
202,2022-03-12,3412,Mes 7,-12,-65,745,Soleado
203,2022-03-11,3411,Mes 7,-8,-66,743,Soleado
204,2022-03-10,3410,Mes 7,-11,-67,742,Soleado
205,2022-03-09,3409,Mes 7,-12,-64,739,Soleado
206,2022-03-08,3408,Mes 7,-10,-69,740,Soleado
207,2022-03-07,3407,Mes 7,-12,-73,740,Soleado
208,2022-03-06,3406,Mes 7,-12,-69,738,Soleado
209,2022-03-05,3405,Mes 7,-10,-69,737,Soleado
210,2022-03-04,3404,Mes 7,-9,-68,735,Soleado
211,2022-03-03,3403,Mes 7,-8,-69,733,Soleado
212,2022-03-02,3402,Mes 7,-12,-74,735,Soleado
213,2022-03-01,3401,Mes 7,-11,-71,733,Soleado
214,2022-02-28,3400,Mes 7,-12,-68,732,Soleado
215,2022-02-27,3399,Mes 7,-9,-69,731,Soleado
216,2022-02-26,3398,Mes 7,-7,-69,729,Soleado
217,2022-02-25,3397,Mes 7,-8,-69,728,Soleado
218,2022-02-24,3396,Mes 6,-6,-70,729,Soleado
219,2022-02-23,3395,Mes 6,-8,-69,727,Soleado
220,2022-02-22,3394,Mes 6,-4,-70,726,Soleado
221,2022-02-21,3393,Mes 6,-7,-69,725,Soleado
222,2022-02-20,3392,Mes 6,-4,-69,723,Soleado
223,2022-02-19,3391,Mes 6,-6,-72,722,Soleado
224,2022-02-18,3390,Mes 6,-5,-68,722,Soleado
225,2022-02-17,3389,Mes 6,-9,-69,722,Soleado
226,2022-02-16,3388,Mes 6,-10,-69,721,Soleado
227,2022-02-15,3387,Mes 6,-7,-69,719,Soleado
228,2022-02-14,3386,Mes 6,-8,-70,717,Soleado
229,2022-02-13,3385,Mes 6,-6,-69,718,Soleado
230,2022-02-12,3384,Mes 6,-8,-69,718,Soleado
231,2022-02-11,3383,Mes 6,-8,-70,717,Soleado
232,2022-02-10,3382,Mes 6,-11,-71,717,Soleado
233,2022-02-09,3381,Mes 6,1,-72,715,Soleado
234,2022-02-08,3380,Mes 6,1,-72,714,Soleado
235,2022-02-06,3379,Mes 6,2,-71,714,Soleado
236,2022-02-05,3378,Mes 6,-10,-71,720,Soleado
237,2022-02-04,3377,Mes 6,-1,-72,713,Soleado
238,2022-02-03,3376,Mes 6,-6,-72,713,Soleado
239,2022-02-02,3375,Mes 6,0,-72,713,Soleado
240,2022-02-01,3374,Mes 6,0,-71,710,Soleado
241,2022-01-31,3373,Mes 6,-2,-71,710,Soleado
242,2022-01-30,3372,Mes 6,-2,-72,710,Soleado
243,2022-01-29,3371,Mes 6,-8,-72,711,Soleado
244,2022-01-28,3370,Mes 6,-5,-71,710,Soleado
245,2022-01-27,3369,Mes 6,-6,-72,710,Soleado
246,2022-01-26,3368,Mes 6,-3,-71,707,Soleado
247,2022-01-25,3367,Mes 6,-3,-72,707,Soleado
248,2022-01-24,3366,Mes 6,-4,-70,708,Soleado
249,2022-01-23,3365,Mes 6,-6,-70,707,Soleado
250,2022-01-22,3364,Mes 6,-7,-71,708,Soleado
251,2022-01-21,3363,Mes 6,-8,-71,707,Soleado
252,2022-01-20,3362,Mes 6,-4,-72,706,Soleado
253,2022-01-19,3361,Mes 6,-6,-70,705,Soleado
254,2022-01-18,3360,Mes 6,-6,-71,707,Soleado
255,2022-01-17,3359,Mes 6,-9,-71,708,Soleado
256,2022-01-16,3358,Mes 6,-6,-71,706,Soleado
257,2022-01-15,3357,Mes 6,-7,-71,706,Soleado
258,2022-01-14,3356,Mes 6,-6,-69,706,Soleado
259,2022-01-13,3355,Mes 6,-5,-70,706,Soleado
260,2022-01-11,3353,Mes 6,-14,-69,705,Soleado
261,2022-01-10,3352,Mes 6,-16,-70,706,Soleado
262,2022-01-09,3351,Mes 6,-16,-71,703,Soleado
263,2022-01-08,3350,Mes 6,-20,-72,703,Soleado
264,2022-01-07,3349,Mes 6,-12,-72,702,Soleado
265,2022-01-06,3348,Mes 6,-12,-72,703,Soleado
266,2022-01-05,3347,Mes 6,-7,-72,705,Soleado
267,2022-01-04,3346,Mes 6,-12,-72,706,Soleado
268,2022-01-03,3345,Mes 6,-6,-73,703,Soleado
269,2021-12-20,3332,Mes 5,-6,-73,703,Soleado
270,2021-12-19,3331,Mes 5,-5,-73,705,Soleado
271,2021-12-18,3330,Mes 5,-15,-74,707,Soleado
272,2021-12-17,3329,Mes 5,-13,-76,708,Soleado
273,2021-12-16,3328,Mes 5,-15,-76,707,Soleado
274,2021-12-15,3327,Mes 5,-7,-75,708,Soleado
275,2021-12-14,3326,Mes 5,-11,-70,708,Soleado
276,2021-12-13,3325,Mes 5,-20,-98,709,Soleado
277,2021-12-12,3324,Mes 5,-21,-73,711,Soleado
278,2021-12-11,3323,Mes 5,-23,-74,713,Soleado
279,2021-12-10,3322,Mes 5,-12,-76,713,Soleado
280,2021-12-09,3321,Mes 5,-7,-77,713,Soleado
281,2021-12-08,3320,Mes 5,-3,-75,713,Soleado
282,2021-12-07,3319,Mes 5,-3,-77,714,Soleado
283,2021-12-06,3318,Mes 5,-10,-75,716,Soleado
284,2021-12-05,3317,Mes 5,-17,-74,718,Soleado
285,2021-12-04,3316,Mes 5,-18,-74,717,Soleado
286,2021-12-03,3315,Mes 5,-15,-75,717,Soleado
287,2021-12-02,3314,Mes 5,-11,-75,718,Soleado
288,2021-12-01,3313,Mes 5,-13,-73,719,Soleado
289,2021-11-30,3312,Mes 5,-14,-76,719,Soleado
290,2021-11-29,3311,Mes 5,-10,-76,720,Soleado
291,2021-11-28,3310,Mes 5,-11,-76,720,Soleado
292,2021-11-27,3309,Mes 5,-9,-75,721,Soleado
293,2021-11-26,3308,Mes 5,-9,-76,722,Soleado
294,2021-11-25,3307,Mes 5,-7,-66,709,Soleado
295,2021-11-22,3305,Mes 5,-12,-76,724,Soleado
296,2021-11-21,3304,Mes 5,-13,-77,725,Soleado
297,2021-11-20,3303,Mes 5,-11,-77,725,Soleado
298,2021-11-19,3302,Mes 5,-11,-76,726,Soleado
299,2021-11-18,3301,Mes 5,-12,-76,726,Soleado
300,2021-11-17,3300,Mes 5,-11,-76,727,Soleado
301,2021-11-16,3299,Mes 5,-13,-77,729,Soleado
302,2021-11-15,3298,Mes 5,-14,-74,730,Soleado
303,2021-11-14,3297,Mes 5,-11,-78,730,Soleado
304,2021-11-13,3296,Mes 5,-13,-76,729,Soleado
305,2021-11-12,3295,Mes 5,-10,-76,732,Soleado
306,2021-11-11,3294,Mes 5,-12,-76,732,Soleado
307,2021-11-10,3293,Mes 5,-12,-76,734,Soleado
308,2021-11-09,3292,Mes 5,-14,-76,734,Soleado
309,2021-11-08,3291,Mes 5,-12,-77,735,Soleado
310,2021-11-07,3290,Mes 5,-11,-77,736,Soleado
311,2021-11-06,3289,Mes 5,-11,-78,737,Soleado
312,2021-11-05,3288,Mes 5,-11,-77,738,Soleado
313,2021-11-04,3287,Mes 5,-16,-77,739,Soleado
314,2021-11-03,3286,Mes 5,-16,-78,740,Soleado
315,2021-11-02,3285,Mes 5,-12,-76,741,Soleado
316,2021-11-01,3284,Mes 5,-14,-78,742,Soleado
317,2021-10-31,3283,Mes 5,-11,-78,744,Soleado
318,2021-10-30,3282,Mes 4,-17,-77,745,Soleado
319,2021-10-29,3281,Mes 4,-15,-77,747,Soleado
320,2021-10-28,3280,Mes 4,-14,-77,747,Soleado
321,2021-10-27,3279,Mes 4,-15,-78,748,Soleado
322,2021-10-26,3278,Mes 4,-15,-79,749,Soleado
323,2021-10-25,3277,Mes 4,-20,-80,750,Soleado
324,2021-10-24,3276,Mes 4,-19,-77,752,Soleado
325,2021-10-23,3275,Mes 4,-15,-78,753,Soleado
326,2021-10-22,3274,Mes 4,-16,-77,755,Soleado
327,2021-10-20,3272,Mes 4,-30,-77,755,Soleado
328,2021-10-19,3271,Mes 4,-27,-78,756,Soleado
329,2021-10-17,3270,Mes 4,-28,-77,758,Soleado
330,2021-10-16,3269,Mes 4,-30,-77,759,Soleado
331,2021-10-15,3268,Mes 4,-29,-78,760,Soleado
332,2021-10-14,3267,Mes 4,-26,-79,761,Soleado
333,2021-10-13,3266,Mes 4,-29,-77,762,Soleado
334,2021-10-12,3265,Mes 4,-28,-78,763,Soleado
335,2021-10-11,3264,Mes 4,-33,-69,751,Soleado
336,2021-10-10,3263,Mes 4,-31,-78,771,Soleado
337,2021-10-09,3262,Mes 4,-32,-77,767,Soleado
338,2021-10-08,3261,Mes 4,-30,-69,760,Soleado
339,2021-10-07,3260,Mes 4,-67,-78,787,Soleado
340,2021-10-06,3259,Mes 4,-33,-77,776,Soleado
341,2021-10-05,3258,Mes 4,-37,-79,776,Soleado
342,2021-09-30,3253,Mes 4,-30,-80,778,Soleado
343,2021-09-29,3252,Mes 4,-34,-78,778,Soleado
344,2021-09-28,3251,Mes 4,-28,-79,781,Soleado
345,2021-09-27,3250,Mes 4,-33,-79,781,Soleado
346,2021-09-26,3249,Mes 4,-32,-79,782,Soleado
347,2021-09-25,3248,Mes 4,-32,-80,783,Soleado
348,2021-09-24,3247,Mes 4,-23,-81,785,Soleado
349,2021-09-23,3246,Mes 4,-24,-80,787,Soleado
350,2021-09-22,3245,Mes 4,-20,-80,788,Soleado
351,2021-09-21,3244,Mes 4,-24,-79,788,Soleado
352,2021-09-20,3243,Mes 4,-22,-79,790,Soleado
353,2021-09-19,3242,Mes 4,-23,-80,791,Soleado
354,2021-09-18,3241,Mes 4,-23,-80,792,Soleado
355,2021-09-17,3240,Mes 4,-26,-79,794,Soleado
356,2021-09-16,3239,Mes 4,-24,-78,795,Soleado
357,2021-09-15,3238,Mes 4,-22,-79,796,Soleado
358,2021-09-14,3237,Mes 4,-24,-80,798,Soleado
359,2021-09-13,3236,Mes 4,-26,-81,799,Soleado
360,2021-09-12,3235,Mes 4,-23,-79,800,Soleado
361,2021-09-10,3234,Mes 4,-20,-80,801,Soleado
362,2021-09-09,3233,Mes 4,-26,-81,804,Soleado
363,2021-09-08,3232,Mes 4,-24,-79,804,Soleado
364,2021-09-07,3231,Mes 4,-21,-79,805,Soleado
365,2021-09-06,3230,Mes 4,-23,-79,806,Soleado
366,2021-09-05,3229,Mes 4,-22,-80,807,Soleado
367,2021-09-04,3228,Mes 4,-27,-79,809,Soleado
368,2021-09-03,3227,Mes 4,-28,-79,808,Soleado
369,2021-09-02,3226,Mes 4,-23,-81,812,Soleado
370,2021-09-01,3225,Mes 4,-23,-81,812,Soleado
371,2021-08-31,3224,Mes 4,-22,-79,813,Soleado
372,2021-08-30,3223,Mes 4,-26,-81,815,Soleado
373,2021-08-29,3222,Mes 4,-20,-79,817,Soleado
374,2021-08-28,3221,Mes 4,-31,-80,817,Soleado
375,2021-08-27,3220,Mes 4,-29,-79,819,Soleado
376,2021-08-26,3219,Mes 4,-31,-79,821,Soleado
377,2021-08-25,3218,Mes 4,-33,-80,821,Soleado
378,2021-08-24,3217,Mes 3,-29,-79,822,Soleado
379,2021-08-23,3216,Mes 3,-24,-78,824,Soleado
380,2021-08-22,3215,Mes 3,-25,-80,826,Soleado
381,2021-08-21,3214,Mes 3,-23,-79,826,Soleado
382,2021-08-20,3213,Mes 3,-22,-79,828,Soleado
383,2021-08-19,3212,Mes 3,-21,-80,829,Soleado
384,2021-08-18,3211,Mes 3,-27,-80,830,Soleado
385,2021-08-17,3210,Mes 3,-25,-78,832,Soleado
386,2021-08-16,3209,Mes 3,-30,-78,835,Soleado
387,2021-08-15,3208,Mes 3,-32,-78,834,Soleado
388,2021-08-14,3207,Mes 3,-30,-76,835,Soleado
389,2021-08-13,3206,Mes 3,-30,-77,836,Soleado
390,2021-08-12,3205,Mes 3,-25,-77,837,Soleado
391,2021-08-11,3204,Mes 3,-26,-78,838,Soleado
392,2021-08-10,3203,Mes 3,-27,-80,840,Soleado
393,2021-08-09,3202,Mes 3,-29,-79,841,Soleado
394,2021-08-08,3201,Mes 3,-29,-77,842,Soleado
395,2021-08-07,3200,Mes 3,-26,-79,843,Soleado
396,2021-08-06,3199,Mes 3,-25,-78,845,Soleado
397,2021-08-05,3198,Mes 3,-27,-78,845,Soleado
398,2021-08-03,3197,Mes 3,-29,-79,846,Soleado
399,2021-08-02,3196,Mes 3,-24,-78,847,Soleado
400,2021-08-01,3195,Mes 3,-27,-78,848,Soleado
401,2021-07-31,3194,Mes 3,-25,-78,848,Soleado
402,2021-07-30,3193,Mes 3,-29,-79,850,Soleado
403,2021-07-29,3192,Mes 3,-24,-79,851,Soleado
404,2021-07-28,3191,Mes 3,-23,-80,853,Soleado
405,2021-07-27,3190,Mes 3,-24,-78,853,Soleado
406,2021-07-26,3189,Mes 3,-22,-78,854,Soleado
407,2021-07-25,3188,Mes 3,-20,-79,855,Soleado
408,2021-07-24,3187,Mes 3,-26,-79,856,Soleado
409,2021-07-23,3186,Mes 3,-27,-79,857,Soleado
410,2021-07-22,3185,Mes 3,-29,-79,859,Soleado
411,2021-07-20,3183,Mes 3,-22,-79,859,Soleado
412,2021-07-19,3182,Mes 3,-24,-80,859,Soleado
413,2021-07-18,3181,Mes 3,-25,-80,860,Soleado
414,2021-07-17,3180,Mes 3,-24,-78,860,Soleado
415,2021-07-16,3179,Mes 3,-22,-79,862,Soleado
416,2021-07-15,3178,Mes 3,-23,-80,862,Soleado
417,2021-07-14,3177,Mes 3,-21,-79,861,Soleado
418,2021-07-13,3176,Mes 3,-23,-80,862,Soleado
419,2021-07-12,3175,Mes 3,-24,-79,863,Soleado
420,2021-07-11,3174,Mes 3,-26,-78,863,Soleado
421,2021-07-10,3173,Mes 3,-23,-79,864,Soleado
422,2021-07-09,3172,Mes 3,-23,-78,864,Soleado
423,2021-07-08,3171,Mes 3,-19,-79,865,Soleado
424,2021-07-07,3170,Mes 3,-21,-79,866,Soleado
425,2021-07-06,3169,Mes 3,-23,-79,865,Soleado
426,2021-07-05,3168,Mes 3,-23,-78,864,Soleado
427,2021-07-04,3167,Mes 3,-24,-79,867,Soleado
428,2021-07-03,3166,Mes 3,-23,-79,867,Soleado
429,2021-07-02,3165,Mes 3,-23,-80,867,Soleado
430,2021-07-01,3164,Mes 3,-25,-79,867,Soleado
431,2021-06-30,3163,Mes 3,-25,-78,868,Soleado
432,2021-06-29,3162,Mes 3,-28,-78,868,Soleado
433,2021-06-27,3161,Mes 3,-23,-78,870,Soleado
434,2021-06-26,3160,Mes 3,-28,-78,869,Soleado
435,2021-06-25,3159,Mes 3,-26,-78,869,Soleado
436,2021-06-24,3158,Mes 3,-26,-78,870,Soleado
437,2021-06-23,3157,Mes 3,-25,-78,869,Soleado
438,2021-06-22,3156,Mes 3,-26,-79,870,Soleado
439,2021-06-21,3155,Mes 3,-29,-78,872,Soleado
440,2021-06-20,3154,Mes 3,-21,-78,872,Soleado
441,2021-06-19,3153,Mes 3,-24,-77,873,Soleado
442,2021-06-18,3152,Mes 3,-22,-80,872,Soleado
443,2021-06-17,3151,Mes 2,-21,-79,873,Soleado
444,2021-06-16,3150,Mes 2,-26,-78,873,Soleado
445,2021-06-15,3149,Mes 2,-26,-78,873,Soleado
446,2021-06-14,3148,Mes 2,-31,-77,873,Soleado
447,2021-06-13,3147,Mes 2,-23,-80,872,Soleado
448,2021-06-12,3146,Mes 2,-22,-79,872,Soleado
449,2021-06-11,3145,Mes 2,-24,-79,873,Soleado
450,2021-06-10,3144,Mes 2,-19,-79,873,Soleado
451,2021-06-09,3143,Mes 2,-21,-79,874,Soleado
452,2021-06-08,3142,Mes 2,-21,-79,874,Soleado
453,2021-06-07,3141,Mes 2,-28,-79,874,Soleado
454,2021-06-06,3140,Mes 2,-23,-80,873,Soleado
455,2021-06-05,3139,Mes 2,-22,-80,873,Soleado
456,2021-06-04,3138,Mes 2,-26,-79,874,Soleado
457,2021-06-03,3137,Mes 2,-28,-78,873,Soleado
458,2021-06-02,3136,Mes 2,-28,-77,873,Soleado
459,2021-06-01,3135,Mes 2,-23,-78,872,Soleado
460,2021-05-31,3134,Mes 2,-22,-78,872,Soleado
461,2021-05-30,3133,Mes 2,-22,-78,872,Soleado
462,2021-05-29,3132,Mes 2,-23,-77,871,Soleado
463,2021-05-28,3131,Mes 2,-23,-76,872,Soleado
464,2021-05-27,3130,Mes 2,-22,-77,872,Soleado
465,2021-05-19,3123,Mes 2,-21,-71,863,Soleado
466,2021-05-18,3122,Mes 2,-24,-76,868,Soleado
467,2021-05-17,3121,Mes 2,-20,-77,867,Soleado
468,2021-05-16,3120,Mes 2,-22,-76,867,Soleado
469,2021-05-15,3119,Mes 2,-24,-76,867,Soleado
470,2021-05-14,3118,Mes 2,-26,-76,866,Soleado
471,2021-05-13,3117,Mes 2,-20,-77,865,Soleado
472,2021-05-12,3116,Mes 2,-17,-77,865,Soleado
473,2021-05-11,3115,Mes 2,-19,-77,864,Soleado
474,2021-05-10,3114,Mes 2,-15,-78,864,Soleado
475,2021-05-09,3113,Mes 2,-20,-77,864,Soleado
476,2021-05-08,3112,Mes 2,-19,-77,864,Soleado
477,2021-05-07,3111,Mes 2,-21,-77,863,Soleado
478,2021-05-06,3110,Mes 2,-17,-77,862,Soleado
479,2021-05-05,3109,Mes 2,-20,-73,861,Soleado
480,2021-05-04,3108,Mes 2,-26,-73,861,Soleado
481,2021-05-03,3107,Mes 2,-24,-76,861,Soleado
482,2021-05-02,3106,Mes 2,-27,-75,861,Soleado
483,2021-05-01,3105,Mes 2,-28,-74,861,Soleado
484,2021-04-30,3104,Mes 2,-25,-74,860,Soleado
485,2021-04-29,3103,Mes 2,-24,-74,860,Soleado
486,2021-04-28,3102,Mes 2,-25,-74,860,Soleado
487,2021-04-27,3101,Mes 2,-25,-78,860,Soleado
488,2021-04-26,3100,Mes 2,-25,-74,860,Soleado
489,2021-04-25,3099,Mes 2,-26,-73,859,Soleado
490,2021-04-24,3098,Mes 2,-28,-74,859,Soleado
491,2021-04-23,3097,Mes 2,-24,-75,858,Soleado
492,2021-04-22,3096,Mes 2,-26,-73,857,Soleado
493,2021-04-21,3095,Mes 2,-26,-74,857,Soleado
494,2021-04-20,3094,Mes 2,-26,-75,857,Soleado
495,2021-04-19,3093,Mes 2,-26,-72,857,Soleado
496,2021-04-18,3092,Mes 2,-26,-74,855,Soleado
497,2021-04-17,3091,Mes 2,-26,-74,854,Soleado
498,2021-04-16,3090,Mes 2,-26,-73,853,Soleado
499,2021-04-15,3089,Mes 2,-29,-74,854,Soleado
500,2021-04-13,3088,Mes 2,-27,-75,855,Soleado
501,2021-04-12,3087,Mes 2,-26,-75,853,Soleado
502,2021-04-11,3086,Mes 2,-23,-75,852,Soleado
503,2021-04-10,3085,Mes 1,-13,-75,853,Soleado
504,2021-04-09,3084,Mes 1,-15,-75,852,Soleado
505,2021-04-08,3083,Mes 1,-15,-75,852,Soleado
506,2021-04-07,3082,Mes 1,-13,-76,850,Soleado
507,2021-04-06,3081,Mes 1,-16,-76,850,Soleado
508,2021-04-05,3080,Mes 1,-19,-76,850,Soleado
509,2021-04-04,3079,Mes 1,-12,-74,849,Soleado
510,2021-04-03,3078,Mes 1,-11,-73,849,Soleado
511,2021-04-02,3077,Mes 1,-12,-74,848,Soleado
512,2021-04-01,3076,Mes 1,-12,-73,847,Soleado
513,2021-03-31,3075,Mes 1,-15,-74,846,Soleado
514,2021-03-30,3074,Mes 1,-15,-74,845,Soleado
515,2021-03-29,3073,Mes 1,-20,-73,846,Soleado
516,2021-03-28,3072,Mes 1,-17,-74,844,Soleado
517,2021-03-27,3071,Mes 1,-16,-74,843,Soleado
518,2021-03-26,3070,Mes 1,-15,-74,843,Soleado
519,2021-03-25,3069,Mes 1,-12,-74,843,Soleado
520,2021-03-24,3068,Mes 1,-18,-74,845,Soleado
521,2021-03-23,3067,Mes 1,-10,-74,840,Soleado
522,2021-03-22,3066,Mes 1,-13,-74,839,Soleado
523,2021-03-21,3065,Mes 1,-13,-77,841,Soleado
524,2021-03-20,3064,Mes 1,-13,-74,840,Soleado
525,2021-03-19,3063,Mes 1,-15,-74,839,Soleado
526,2021-03-18,3062,Mes 1,-15,-73,838,Soleado
527,2021-03-17,3061,Mes 1,-13,-74,837,Soleado
528,2021-03-16,3060,Mes 1,-14,-73,839,Soleado
529,2021-03-15,3059,Mes 1,-16,-77,836,Soleado
530,2021-03-14,3058,Mes 1,-15,-73,837,Soleado
531,2021-03-13,3057,Mes 1,-13,-73,836,Soleado
532,2021-03-12,3056,Mes 1,-14,-74,834,Soleado
533,2021-03-11,3055,Mes 1,-12,-73,832,Soleado
534,2021-03-10,3054,Mes 1,-13,-73,832,Soleado
535,2021-03-09,3053,Mes 1,-12,-73,834,Soleado
536,2021-03-07,3052,Mes 1,-14,-74,834,Soleado
537,2021-03-06,3051,Mes 1,-11,-74,833,Soleado
538,2021-03-05,3050,Mes 1,-11,-73,833,Soleado
539,2021-03-04,3049,Mes 1,-9,-73,832,Soleado
540,2021-03-03,3048,Mes 1,-14,-73,830,Soleado
541,2021-03-02,3047,Mes 1,-15,-72,830,Soleado
542,2021-03-01,3046,Mes 1,-11,-73,830,Soleado
543,2021-02-28,3045,Mes 1,-10,-74,830,Soleado
544,2021-02-27,3044,Mes 1,-6,-74,829,Soleado
545,2021-02-26,3043,Mes 1,-14,-74,828,Soleado
546,2021-02-25,3042,Mes 1,-17,-73,827,Soleado
547,2021-02-24,3041,Mes 1,-13,-73,828,Soleado
548,2021-02-23,3040,Mes 1,-22,-74,828,Soleado
549,2021-02-22,3039,Mes 1,-20,-72,827,Soleado
550,2021-02-21,3038,Mes 1,-10,-74,825,Soleado
551,2021-02-20,3037,Mes 1,-9,-74,825,Soleado
552,2021-02-19,3036,Mes 1,-15,-73,824,Soleado
553,2021-02-18,3035,Mes 1,-8,-74,824,Soleado
554,2021-02-17,3034,Mes 1,-18,-74,825,Soleado
555,2021-02-16,3033,Mes 1,-16,-73,823,Soleado
556,2021-02-15,3032,Mes 1,-7,-74,822,Soleado
557,2021-02-14,3031,Mes 1,-13,-74,821,Soleado
558,2021-02-13,3030,Mes 1,-20,-74,821,Soleado
559,2021-02-12,3029,Mes 1,-19,-73,821,Soleado
560,2021-02-11,3028,Mes 1,-18,-73,821,Soleado
561,2021-02-10,3027,Mes 1,-17,-74,820,Soleado
562,2021-02-09,3026,Mes 1,-7,-74,820,Soleado
563,2021-02-08,3025,Mes 1,-6,-74,820,Soleado
564,2021-02-06,3023,Mes 12,-15,-74,818,Soleado
565,2021-02-05,3022,Mes 12,-2,-73,818,Soleado
566,2021-02-04,3021,Mes 12,-6,-74,819,Soleado
567,2021-02-03,3020,Mes 12,-7,-74,817,Soleado
568,2021-02-02,3019,Mes 12,-6,-73,816,Soleado
569,2021-02-01,3018,Mes 12,-19,-72,817,Soleado
570,2021-01-31,3017,Mes 12,-17,-73,817,Soleado
571,2021-01-30,3016,Mes 12,-9,-73,815,Soleado
572,2021-01-28,3015,Mes 12,-14,-73,816,Soleado
573,2021-01-27,3014,Mes 12,-9,-73,814,Soleado
574,2021-01-26,3013,Mes 12,-10,-73,813,Soleado
575,2021-01-25,3012,Mes 12,-12,-74,812,Soleado
576,2021-01-24,3011,Mes 12,-18,-73,817,Soleado
577,2021-01-23,3010,Mes 12,-16,-73,817,Soleado
578,2021-01-22,3009,Mes 12,-15,-77,815,Soleado
579,2021-01-21,3008,Mes 12,-3,-73,814,Soleado
580,2021-01-20,3007,Mes 12,-3,-73,814,Soleado
581,2021-01-19,3006,Mes 12,-14,-73,814,Soleado
582,2021-01-18,3005,Mes 12,-10,-73,813,Soleado
583,2021-01-17,3004,Mes 12,-17,-73,813,Soleado
584,2021-01-16,3003,Mes 12,-16,-73,815,Soleado
585,2021-01-15,3002,Mes 12,-14,-73,815,Soleado
586,2021-01-14,3001,Mes 12,-13,-74,813,Soleado
587,2021-01-13,3000,Mes 12,-16,-73,812,Soleado
588,2021-01-12,2999,Mes 12,-18,-73,813,Soleado
589,2021-01-11,2998,Mes 12,-17,-72,812,Soleado
590,2021-01-10,2997,Mes 12,-18,-72,811,Soleado
591,2021-01-09,2996,Mes 12,-18,-72,812,Soleado
592,2021-01-08,2995,Mes 12,-5,-74,814,Soleado
593,2021-01-07,2994,Mes 12,-6,-75,814,Soleado
594,2021-01-06,2993,Mes 12,-11,-74,813,Soleado
595,2021-01-05,2992,Mes 12,-10,-72,815,Soleado
596,2021-01-04,2991,Mes 12,-4,-100,813,Soleado
597,2021-01-03,2990,Mes 12,-5,-73,811,Soleado
598,2021-01-02,2989,Mes 12,-3,-73,814,Soleado
599,2021-01-01,2988,Mes 12,-10,-72,813,Soleado
600,2020-12-31,2987,Mes 12,-13,-74,812,Soleado
601,2020-12-30,2986,Mes 12,-11,-73,813,Soleado
602,2020-12-29,2985,Mes 12,-7,-72,814,Soleado
603,2020-12-28,2984,Mes 12,-8,-73,814,Soleado
604,2020-12-27,2983,Mes 12,-4,-73,814,Soleado
605,2020-12-26,2982,Mes 12,-6,-73,814,Soleado
606,2020-12-25,2981,Mes 12,-5,-72,817,Soleado
607,2020-12-24,2980,Mes 12,-10,-74,816,Soleado
608,2020-12-22,2979,Mes 12,-6,-71,818,Soleado
609,2020-12-21,2978,Mes 12,-1,-72,815,Soleado
610,2020-12-20,2977,Mes 12,-4,-72,816,Soleado
611,2020-12-19,2976,Mes 12,-10,-72,816,Soleado
612,2020-12-18,2975,Mes 12,-7,-73,815,Soleado
613,2020-12-17,2974,Mes 12,-15,-72,818,Soleado
614,2020-12-16,2973,Mes 12,-6,-72,817,Soleado
615,2020-12-15,2972,Mes 12,-5,-69,818,Soleado
616,2020-12-14,2971,Mes 12,-7,-70,815,Soleado
617,2020-12-13,2970,Mes 12,-10,-72,815,Soleado
618,2020-12-12,2969,Mes 11,-10,-71,817,Soleado
619,2020-12-11,2968,Mes 11,-10,-71,815,Soleado
620,2020-12-10,2967,Mes 11,-7,-56,793,Soleado
621,2020-12-08,2965,Mes 11,-54,-69,843,Soleado
622,2020-12-07,2964,Mes 11,-6,-69,818,Soleado
623,2020-12-06,2963,Mes 11,-9,-70,813,Soleado
624,2020-12-05,2962,Mes 11,-11,-69,818,Soleado
625,2020-12-04,2961,Mes 11,-9,-69,817,Soleado
626,2020-12-03,2960,Mes 11,-10,-69,819,Soleado
627,2020-12-02,2959,Mes 11,-6,-69,818,Soleado
628,2020-12-01,2958,Mes 11,-2,-74,819,Soleado
629,2020-11-30,2957,Mes 11,-12,-70,819,Soleado
630,2020-11-29,2956,Mes 11,-5,-70,819,Soleado
631,2020-11-28,2955,Mes 11,-3,-69,821,Soleado
632,2020-11-27,2954,Mes 11,-5,-69,821,Soleado
633,2020-11-26,2953,Mes 11,-8,-69,823,Soleado
634,2020-11-25,2952,Mes 11,-4,-68,824,Soleado
635,2020-11-24,2951,Mes 11,-8,-68,827,Soleado
636,2020-11-23,2950,Mes 11,-7,-69,828,Soleado
637,2020-11-22,2949,Mes 11,-3,-69,827,Soleado
638,2020-11-21,2948,Mes 11,-2,-69,826,Soleado
639,2020-11-20,2947,Mes 11,-3,-70,826,Soleado
640,2020-11-19,2946,Mes 11,-3,-71,830,Soleado
641,2020-11-18,2945,Mes 11,-2,-69,834,Soleado
642,2020-11-17,2944,Mes 11,-3,-70,832,Soleado
643,2020-11-15,2943,Mes 11,-6,-70,829,Soleado
644,2020-11-14,2942,Mes 11,-6,-69,832,Soleado
645,2020-11-13,2941,Mes 11,-10,-71,828,Soleado
646,2020-11-12,2940,Mes 11,-4,-70,834,Soleado
647,2020-11-11,2939,Mes 11,-9,-71,835,Soleado
648,2020-11-10,2938,Mes 11,-14,-70,836,Soleado
649,2020-11-09,2937,Mes 11,-14,-69,837,Soleado
650,2020-11-08,2936,Mes 11,-13,-70,835,Soleado
651,2020-11-07,2935,Mes 11,Valor no disponible,Valor no disponible,837,Soleado
652,2020-11-06,2934,Mes 11,1,-70,834,Soleado
653,2020-11-05,2933,Mes 11,-6,-69,840,Soleado
654,2020-11-04,2932,Mes 11,-3,-69,839,Soleado
655,2020-11-03,2931,Mes 11,-3,-69,845,Soleado
656,2020-11-02,2930,Mes 11,0,-70,839,Soleado
657,2020-11-01,2929,Mes 11,-3,-70,838,Soleado
658,2020-10-31,2928,Mes 11,-3,-71,840,Soleado
659,2020-10-30,2927,Mes 11,-3,-71,841,Soleado
660,2020-10-29,2926,Mes 11,-4,-70,846,Soleado
661,2020-10-28,2925,Mes 11,-2,-69,844,Soleado
662,2020-10-27,2924,Mes 11,-4,-69,847,Soleado
663,2020-10-26,2923,Mes 11,2,-70,843,Soleado
664,2020-10-25,2922,Mes 11,3,-70,844,Soleado
665,2020-10-24,2921,Mes 11,-1,-70,845,Soleado
666,2020-10-23,2920,Mes 11,-2,-70,845,Soleado
667,2020-10-22,2919,Mes 11,0,-70,851,Soleado
668,2020-10-21,2918,Mes 10,-2,-70,852,Soleado
669,2020-10-20,2917,Mes 10,-1,-71,851,Soleado
670,2020-10-19,2916,Mes 10,-2,-69,848,Soleado
671,2020-10-18,2915,Mes 10,-1,-70,849,Soleado
672,2020-10-17,2914,Mes 10,-1,-71,850,Soleado
673,2020-10-16,2913,Mes 10,-2,-70,849,Soleado
674,2020-10-15,2912,Mes 10,1,-69,853,Soleado
675,2020-10-14,2911,Mes 10,1,-70,854,Soleado
676,2020-10-13,2910,Mes 10,-1,-70,854,Soleado
677,2020-10-12,2909,Mes 10,-1,-70,853,Soleado
678,2020-10-11,2908,Mes 10,-1,-70,854,Soleado
679,2020-10-10,2907,Mes 10,-2,-70,854,Soleado
680,2020-10-08,2906,Mes 10,2,-71,855,Soleado
681,2020-10-07,2905,Mes 10,-1,-70,859,Soleado
682,2020-10-06,2904,Mes 10,-2,-70,860,Soleado
683,2020-10-05,2903,Mes 10,0,-70,859,Soleado
684,2020-10-04,2902,Mes 10,-7,-69,856,Soleado
685,2020-10-03,2901,Mes 10,2,-70,860,Soleado
686,2020-10-02,2900,Mes 10,0,-69,861,Soleado
687,2020-10-01,2899,Mes 10,-3,-71,866,Soleado
688,2020-09-30,2898,Mes 10,-3,-70,869,Soleado
689,2020-09-29,2897,Mes 10,-1,-68,867,Soleado
690,2020-09-28,2896,Mes 10,-4,-70,866,Soleado
691,2020-09-27,2895,Mes 10,-2,-69,865,Soleado
692,2020-09-26,2894,Mes 10,-1,-70,867,Soleado
693,2020-09-25,2893,Mes 10,0,-72,869,Soleado
694,2020-09-24,2892,Mes 10,-1,-70,871,Soleado
695,2020-09-23,2891,Mes 10,-3,-70,872,Soleado
696,2020-09-22,2890,Mes 10,0,-71,871,Soleado
697,2020-09-21,2889,Mes 10,3,-71,870,Soleado
698,2020-09-20,2888,Mes 10,4,-70,870,Soleado
699,2020-09-19,2887,Mes 10,0,-70,872,Soleado
700,2020-09-18,2886,Mes 10,-1,-71,870,Soleado
701,2020-09-17,2885,Mes 10,-3,-69,873,Soleado
702,2020-09-16,2884,Mes 10,-6,-69,873,Soleado
703,2020-09-15,2883,Mes 10,-1,-67,872,Soleado
704,2020-09-14,2882,Mes 10,2,-69,873,Soleado
705,2020-09-13,2881,Mes 10,3,-68,874,Soleado
706,2020-09-12,2880,Mes 10,-2,-71,876,Soleado
707,2020-09-11,2879,Mes 10,2,-69,877,Soleado
708,2020-09-10,2878,Mes 10,-4,-69,879,Soleado
709,2020-09-09,2877,Mes 10,-1,-69,881,Soleado
710,2020-09-08,2876,Mes 10,-1,-69,881,Soleado
711,2020-09-07,2875,Mes 10,-2,-69,881,Soleado
712,2020-09-06,2874,Mes 10,0,-70,882,Soleado
713,2020-09-05,2873,Mes 10,-2,-70,884,Soleado
714,2020-09-04,2872,Mes 10,-1,-70,884,Soleado
715,2020-09-03,2871,Mes 10,0,-69,885,Soleado
716,2020-09-01,2870,Mes 9,1,-69,888,Soleado
717,2020-08-31,2869,Mes 9,-2,-70,887,Soleado
718,2020-08-30,2868,Mes 9,0,-69,887,Soleado
719,2020-08-29,2867,Mes 9,-3,-69,889,Soleado
720,2020-08-28,2866,Mes 9,-1,-69,888,Soleado
721,2020-08-27,2865,Mes 9,1,-68,887,Soleado
722,2020-08-26,2864,Mes 9,-3,-68,885,Soleado
723,2020-08-25,2863,Mes 9,0,-68,883,Soleado
724,2020-08-24,2862,Mes 9,-3,-67,884,Soleado
725,2020-08-23,2861,Mes 9,2,-67,885,Soleado
726,2020-08-22,2860,Mes 9,-1,-68,884,Soleado
727,2020-08-21,2859,Mes 9,0,-67,886,Soleado
728,2020-08-20,2858,Mes 9,-1,-68,886,Soleado
729,2020-08-19,2857,Mes 9,1,-67,888,Soleado
730,2020-08-18,2856,Mes 9,-2,-67,889,Soleado
731,2020-08-17,2855,Mes 9,-3,-69,890,Soleado
732,2020-08-16,2854,Mes 9,-1,-69,894,Soleado
733,2020-08-15,2853,Mes 9,0,-68,894,Soleado
734,2020-08-14,2852,Mes 9,0,-69,894,Soleado
735,2020-08-13,2851,Mes 9,-1,-68,894,Soleado
736,2020-08-12,2850,Mes 9,-4,-68,896,Soleado
737,2020-08-11,2849,Mes 9,4,-74,894,Soleado
738,2020-08-10,2848,Mes 9,-2,-69,893,Soleado
739,2020-08-09,2847,Mes 9,3,-68,895,Soleado
740,2020-08-08,2846,Mes 9,0,-67,894,Soleado
741,2020-08-07,2845,Mes 9,-1,-68,892,Soleado
742,2020-08-06,2844,Mes 9,-1,-99,889,Soleado
743,2020-08-05,2843,Mes 9,-8,-69,889,Soleado
744,2020-08-04,2842,Mes 9,-1,-68,890,Soleado
745,2020-08-03,2841,Mes 9,3,-68,889,Soleado
746,2020-08-02,2840,Mes 9,0,-72,889,Soleado
747,2020-08-01,2839,Mes 9,-1,-68,893,Soleado
748,2020-07-31,2838,Mes 9,-3,-68,892,Soleado
749,2020-07-30,2837,Mes 9,-5,-67,892,Soleado
750,2020-07-29,2836,Mes 9,1,-71,890,Soleado
751,2020-07-28,2835,Mes 9,-7,-68,890,Soleado
752,2020-07-27,2834,Mes 9,0,-67,888,Soleado
753,2020-07-25,2833,Mes 9,0,-66,888,Soleado
754,2020-07-24,2832,Mes 9,0,-70,887,Soleado
755,2020-07-23,2831,Mes 9,1,-68,885,Soleado
756,2020-07-22,2830,Mes 9,-1,-66,884,Soleado
757,2020-07-21,2829,Mes 9,1,-66,882,Soleado
758,2020-07-20,2828,Mes 9,-6,-67,882,Soleado
759,2020-07-19,2827,Mes 9,-6,-64,881,Soleado
760,2020-07-18,2826,Mes 9,-7,-67,882,Soleado
761,2020-07-17,2825,Mes 9,-9,-67,881,Soleado
762,2020-07-16,2824,Mes 8,-4,-66,879,Soleado
763,2020-07-15,2823,Mes 8,-5,-70,880,Soleado
764,2020-07-14,2822,Mes 8,-5,-70,878,Soleado
765,2020-07-13,2821,Mes 8,-7,-66,875,Soleado
766,2020-07-12,2820,Mes 8,0,-67,876,Soleado
767,2020-07-11,2819,Mes 8,-4,-67,874,Soleado
768,2020-07-10,2818,Mes 8,-6,-67,873,Soleado
769,2020-07-09,2817,Mes 8,-4,-65,873,Soleado
770,2020-07-08,2816,Mes 8,-1,-52,843,Soleado
771,2020-07-06,2814,Mes 8,-53,-63,895,Soleado
772,2020-07-05,2813,Mes 8,-2,-65,864,Soleado
773,2020-07-04,2812,Mes 8,0,-67,865,Soleado
774,2020-07-03,2811,Mes 8,-1,-64,863,Soleado
775,2020-07-02,2810,Mes 8,-1,-52,832,Soleado
776,2020-06-29,2807,Mes 8,-1,-66,869,Soleado
777,2020-06-28,2806,Mes 8,-1,-65,858,Soleado
778,2020-06-27,2805,Mes 8,1,-99,859,Soleado
779,2020-06-26,2804,Mes 8,-1,-66,860,Soleado
780,2020-06-25,2803,Mes 8,1,-100,854,Soleado
781,2020-06-24,2802,Mes 8,-3,-69,855,Soleado
782,2020-06-23,2801,Mes 8,0,-67,850,Soleado
783,2020-06-22,2800,Mes 8,3,-67,847,Soleado
784,2020-06-21,2799,Mes 8,5,-66,843,Soleado
785,2020-06-20,2798,Mes 8,4,-67,844,Soleado
786,2020-06-18,2797,Mes 8,1,-71,842,Soleado
787,2020-06-17,2796,Mes 8,3,-68,839,Soleado
788,2020-06-16,2795,Mes 8,6,-70,840,Soleado
789,2020-06-15,2794,Mes 8,3,-68,834,Soleado
790,2020-06-14,2793,Mes 8,6,-68,832,Soleado
791,2020-06-13,2792,Mes 8,5,-68,833,Soleado
792,2020-06-12,2791,Mes 8,3,-67,830,Soleado
793,2020-06-11,2790,Mes 8,3,-66,831,Soleado
794,2020-06-10,2789,Mes 8,-4,-67,829,Soleado
795,2020-06-09,2788,Mes 8,-4,-68,830,Soleado
796,2020-06-08,2787,Mes 8,-4,-69,828,Soleado
797,2020-06-07,2786,Mes 8,-3,-68,825,Soleado
798,2020-06-06,2785,Mes 8,-3,-69,824,Soleado
799,2020-06-05,2784,Mes 8,-5,-68,817,Soleado
800,2020-06-04,2783,Mes 8,-5,-69,817,Soleado
801,2020-06-03,2782,Mes 8,-4,-66,815,Soleado
802,2020-06-02,2781,Mes 8,0,-67,814,Soleado
803,2020-06-01,2780,Mes 8,0,-70,813,Soleado
804,2020-05-31,2779,Mes 8,-5,-67,810,Soleado
805,2020-05-30,2778,Mes 8,-7,-67,811,Soleado
806,2020-05-29,2777,Mes 7,-7,-69,808,Soleado
807,2020-05-28,2776,Mes 7,-6,-69,804,Soleado
808,2020-05-27,2775,Mes 7,-7,-69,805,Soleado
809,2020-05-26,2774,Mes 7,-5,-67,802,Soleado
810,2020-05-25,2773,Mes 7,-6,-69,801,Soleado
811,2020-05-24,2772,Mes 7,-5,-68,799,Soleado
812,2020-05-23,2771,Mes 7,-7,-70,796,Soleado
813,2020-05-22,2770,Mes 7,-6,-69,797,Soleado
814,2020-05-21,2769,Mes 7,-4,-69,793,Soleado
815,2020-05-20,2768,Mes 7,-5,-69,791,Soleado
816,2020-05-19,2767,Mes 7,-6,-69,791,Soleado
817,2020-05-18,2766,Mes 7,-7,-69,788,Soleado
818,2020-05-17,2765,Mes 7,-6,-69,787,Soleado
819,2020-05-16,2764,Mes 7,-6,-68,786,Soleado
820,2020-05-15,2763,Mes 7,-6,-67,782,Soleado
821,2020-05-14,2762,Mes 7,-6,-68,781,Soleado
822,2020-05-12,2761,Mes 7,-7,-67,779,Soleado
823,2020-05-11,2760,Mes 7,-7,-70,778,Soleado
824,2020-05-10,2759,Mes 7,-5,-69,777,Soleado
825,2020-05-09,2758,Mes 7,-6,-68,775,Soleado
826,2020-05-08,2757,Mes 7,-6,-71,773,Soleado
827,2020-05-07,2756,Mes 7,-7,-69,771,Soleado
828,2020-05-06,2755,Mes 7,-7,-70,769,Soleado
829,2020-05-05,2754,Mes 7,-8,-69,769,Soleado
830,2020-05-04,2753,Mes 7,-7,-69,767,Soleado
831,2020-05-03,2752,Mes 7,-6,-69,766,Soleado
832,2020-05-02,2751,Mes 7,-7,-68,765,Soleado
833,2020-05-01,2750,Mes 7,-7,-69,763,Soleado
834,2020-04-30,2749,Mes 7,-7,-67,762,Soleado
835,2020-04-29,2748,Mes 7,-9,-68,761,Soleado
836,2020-04-28,2747,Mes 7,-9,-69,761,Soleado
837,2020-04-27,2746,Mes 7,-9,-70,759,Soleado
838,2020-04-26,2745,Mes 7,-4,-70,757,Soleado
839,2020-04-25,2744,Mes 7,8,-68,755,Soleado
840,2020-04-24,2743,Mes 7,-3,-68,753,Soleado
841,2020-04-23,2742,Mes 7,-3,-68,752,Soleado
842,2020-04-22,2741,Mes 7,-1,-69,752,Soleado
843,2020-04-19,2738,Mes 7,0,-69,745,Soleado
844,2020-04-18,2737,Mes 7,0,-67,745,Soleado
845,2020-04-17,2736,Mes 7,0,-70,745,Soleado
846,2020-04-16,2735,Mes 7,-3,-67,743,Soleado
847,2020-04-15,2734,Mes 7,-6,-66,744,Soleado
848,2020-04-14,2733,Mes 7,-11,-69,742,Soleado
849,2020-04-13,2732,Mes 7,-8,-69,739,Soleado
850,2020-04-12,2731,Mes 7,-4,-68,739,Soleado
851,2020-04-11,2730,Mes 7,-11,-68,740,Soleado
852,2020-04-10,2729,Mes 7,-4,-68,737,Soleado
853,2020-04-09,2728,Mes 6,-2,-68,737,Soleado
854,2020-04-08,2727,Mes 6,-5,-68,735,Soleado
855,2020-04-07,2726,Mes 6,-4,-68,734,Soleado
856,2020-04-06,2725,Mes 6,-4,-68,733,Soleado
857,2020-04-04,2724,Mes 6,-6,-68,732,Soleado
858,2020-04-03,2723,Mes 6,-4,-68,732,Soleado
859,2020-04-02,2722,Mes 6,-3,-67,731,Soleado
860,2020-04-01,2721,Mes 6,-5,-71,731,Soleado
861,2020-03-31,2720,Mes 6,-7,-69,728,Soleado
862,2020-03-30,2719,Mes 6,-10,-69,728,Soleado
863,2020-03-29,2718,Mes 6,-8,-68,727,Soleado
864,2020-03-28,2717,Mes 6,-5,-68,727,Soleado
865,2020-03-27,2716,Mes 6,-6,-69,726,Soleado
866,2020-03-26,2715,Mes 6,-6,-68,724,Soleado
867,2020-03-25,2714,Mes 6,-9,-68,723,Soleado
868,2020-03-24,2713,Mes 6,-6,-70,722,Soleado
869,2020-03-23,2712,Mes 6,-5,-69,721,Soleado
870,2020-03-22,2711,Mes 6,-6,-69,721,Soleado
871,2020-03-21,2710,Mes 6,-6,-70,721,Soleado
872,2020-03-20,2709,Mes 6,-6,-69,720,Soleado
873,2020-03-19,2708,Mes 6,-5,-69,720,Soleado
874,2020-03-18,2707,Mes 6,-7,-69,718,Soleado
875,2020-03-16,2705,Mes 6,-12,-70,718,Soleado
876,2020-03-15,2704,Mes 6,-8,-70,718,Soleado
877,2020-03-14,2703,Mes 6,-8,-70,716,Soleado
878,2020-03-13,2702,Mes 6,-5,-70,714,Soleado
879,2020-03-12,2701,Mes 6,-3,-73,715,Soleado
880,2020-03-11,2700,Mes 6,-4,-71,716,Soleado
881,2020-03-10,2699,Mes 6,-6,-68,715,Soleado
882,2020-03-09,2698,Mes 6,-10,-69,715,Soleado
883,2020-03-08,2697,Mes 6,-1,-70,716,Soleado
884,2020-03-07,2696,Mes 6,-2,-71,713,Soleado
885,2020-03-06,2695,Mes 6,-10,-70,712,Soleado
886,2020-03-05,2694,Mes 6,-10,-70,711,Soleado
887,2020-03-04,2693,Mes 6,-13,-69,712,Soleado
888,2020-03-03,2692,Mes 6,-13,-70,712,Soleado
889,2020-03-02,2691,Mes 6,-8,-69,710,Soleado
890,2020-03-01,2690,Mes 6,-11,-69,710,Soleado
891,2020-02-29,2689,Mes 6,-12,-69,710,Soleado
892,2020-02-27,2688,Mes 6,-12,-68,712,Soleado
893,2020-02-26,2687,Mes 6,-12,-71,710,Soleado
894,2020-02-25,2686,Mes 6,-12,-71,711,Soleado
895,2020-02-24,2685,Mes 6,-11,-69,711,Soleado
896,2020-02-23,2684,Mes 6,-12,-70,711,Soleado
897,2020-02-22,2683,Mes 6,-10,-70,711,Soleado
898,2020-02-21,2682,Mes 6,-13,-70,711,Soleado
899,2020-02-20,2681,Mes 6,-13,-70,710,Soleado
900,2020-02-19,2680,Mes 6,-13,-70,711,Soleado
901,2020-02-18,2679,Mes 6,-12,-70,712,Soleado
902,2020-02-17,2678,Mes 6,-11,-71,711,Soleado
903,2020-02-16,2677,Mes 6,-11,-72,710,Soleado
904,2020-02-15,2676,Mes 6,-14,-71,711,Soleado
905,2020-02-14,2675,Mes 6,-13,-71,712,Soleado
906,2020-02-13,2674,Mes 6,-14,-71,712,Soleado
907,2020-02-12,2673,Mes 5,-12,-71,710,Soleado
908,2020-02-11,2672,Mes 5,-12,-70,710,Soleado
909,2020-02-10,2671,Mes 5,-14,-71,709,Soleado
910,2020-02-09,2670,Mes 5,-14,-71,710,Soleado
911,2020-02-08,2669,Mes 5,-12,-71,709,Soleado
912,2020-02-07,2668,Mes 5,-13,-70,709,Soleado
913,2020-02-06,2667,Mes 5,-13,-70,709,Soleado
914,2020-02-05,2666,Mes 5,-11,-70,708,Soleado
915,2020-02-04,2665,Mes 5,-13,-69,707,Soleado
916,2020-02-03,2664,Mes 5,-13,-68,708,Soleado
917,2020-02-02,2663,Mes 5,-7,-70,708,Soleado
918,2020-02-01,2662,Mes 5,-8,-69,709,Soleado
919,2020-01-31,2661,Mes 5,-7,-71,710,Soleado
920,2020-01-30,2660,Mes 5,-11,-71,710,Soleado
921,2020-01-29,2659,Mes 5,-7,-74,710,Soleado
922,2020-01-28,2658,Mes 5,-14,-73,713,Soleado
923,2020-01-27,2657,Mes 5,-11,-74,715,Soleado
924,2020-01-26,2656,Mes 5,-13,-73,715,Soleado
925,2020-01-25,2655,Mes 5,-14,-74,715,Soleado
926,2020-01-24,2654,Mes 5,-10,-74,717,Soleado
927,2020-01-23,2653,Mes 5,-14,-75,718,Soleado
928,2020-01-21,2652,Mes 5,-16,-75,717,Soleado
929,2020-01-20,2651,Mes 5,-11,-75,718,Soleado
930,2020-01-19,2650,Mes 5,-17,-77,720,Soleado
931,2020-01-18,2649,Mes 5,-15,-78,720,Soleado
932,2020-01-17,2648,Mes 5,-15,-77,721,Soleado
933,2020-01-16,2647,Mes 5,-13,-77,722,Soleado
934,2020-01-15,2646,Mes 5,-15,-77,724,Soleado
935,2020-01-14,2645,Mes 5,-19,-78,724,Soleado
936,2020-01-13,2644,Mes 5,-17,-79,724,Soleado
937,2020-01-12,2643,Mes 5,-16,-75,725,Soleado
938,2020-01-11,2642,Mes 5,-14,-75,727,Soleado
939,2020-01-10,2641,Mes 5,-13,-75,725,Soleado
940,2020-01-09,2640,Mes 5,-18,-75,727,Soleado
941,2020-01-08,2639,Mes 5,-16,-76,728,Soleado
942,2020-01-07,2638,Mes 5,-18,-76,728,Soleado
943,2020-01-06,2637,Mes 5,-16,-75,729,Soleado
944,2020-01-05,2636,Mes 5,-17,-74,730,Soleado
945,2020-01-04,2635,Mes 5,-20,-76,731,Soleado
946,2020-01-03,2634,Mes 5,-17,-75,731,Soleado
947,2020-01-02,2633,Mes 5,-14,-76,732,Soleado
948,2020-01-01,2632,Mes 5,-13,-76,732,Soleado
949,2019-12-31,2631,Mes 5,-17,-76,734,Soleado
950,2019-12-30,2630,Mes 5,-20,-77,734,Soleado
951,2019-12-29,2629,Mes 5,-17,-76,735,Soleado
952,2019-12-28,2628,Mes 5,-18,-76,736,Soleado
953,2019-12-27,2627,Mes 5,-17,-75,737,Soleado
954,2019-12-26,2626,Mes 5,-16,-76,737,Soleado
955,2019-12-25,2625,Mes 5,-22,-77,738,Soleado
956,2019-12-24,2624,Mes 5,-21,-77,741,Soleado
957,2019-12-23,2623,Mes 5,-21,-76,741,Soleado
958,2019-12-22,2622,Mes 5,-20,-76,742,Soleado
959,2019-12-21,2621,Mes 5,-20,-77,742,Soleado
960,2019-12-20,2620,Mes 5,-19,-77,743,Soleado
961,2019-12-19,2619,Mes 5,-21,-77,744,Soleado
962,2019-12-18,2618,Mes 5,-21,-77,746,Soleado
963,2019-12-17,2617,Mes 5,-26,-79,746,Soleado
964,2019-12-16,2616,Mes 5,-23,-77,747,Soleado
965,2019-12-14,2615,Mes 5,-19,-78,748,Soleado
966,2019-12-13,2614,Mes 5,-20,-78,748,Soleado
967,2019-12-12,2613,Mes 4,-25,-77,750,Soleado
968,2019-12-11,2612,Mes 4,-25,-76,752,Soleado
969,2019-12-10,2611,Mes 4,-21,-77,753,Soleado
970,2019-12-09,2610,Mes 4,-21,-78,754,Soleado
971,2019-12-08,2609,Mes 4,-22,-78,755,Soleado
972,2019-12-07,2608,Mes 4,-20,-78,755,Soleado
973,2019-12-06,2607,Mes 4,-20,-78,756,Soleado
974,2019-12-05,2606,Mes 4,-21,-77,758,Soleado
975,2019-12-04,2605,Mes 4,-20,-77,760,Soleado
976,2019-12-03,2604,Mes 4,-19,-79,760,Soleado
977,2019-12-02,2603,Mes 4,-23,-79,761,Soleado
978,2019-12-01,2602,Mes 4,-17,-78,762,Soleado
979,2019-11-30,2601,Mes 4,-23,-78,764,Soleado
980,2019-11-29,2600,Mes 4,-19,-78,766,Soleado
981,2019-11-28,2599,Mes 4,-21,-77,766,Soleado
982,2019-11-27,2598,Mes 4,-20,-78,768,Soleado
983,2019-11-26,2597,Mes 4,-19,-78,768,Soleado
984,2019-11-25,2596,Mes 4,-21,-78,770,Soleado
985,2019-11-24,2595,Mes 4,-21,-79,771,Soleado
986,2019-11-23,2594,Mes 4,-22,-79,772,Soleado
987,2019-11-22,2593,Mes 4,-21,-79,773,Soleado
988,2019-11-21,2592,Mes 4,-25,-78,775,Soleado
989,2019-11-20,2591,Mes 4,-25,-78,776,Soleado
990,2019-11-19,2590,Mes 4,-22,-79,777,Soleado
991,2019-11-18,2589,Mes 4,-27,-79,778,Soleado
992,2019-11-17,2588,Mes 4,-27,-77,780,Soleado
993,2019-11-16,2587,Mes 4,-28,-78,781,Soleado
994,2019-11-15,2586,Mes 4,-28,-78,781,Soleado
995,2019-11-14,2585,Mes 4,-20,-78,782,Soleado
996,2019-11-13,2584,Mes 4,-22,-78,783,Soleado
997,2019-11-12,2583,Mes 4,-19,-78,784,Soleado
998,2019-11-11,2582,Mes 4,-24,-79,786,Soleado
999,2019-11-10,2581,Mes 4,-20,-78,788,Soleado
1000,2019-11-09,2580,Mes 4,-24,-79,788,Soleado
1001,2019-11-07,2579,Mes 4,-25,-80,790,Soleado
1002,2019-11-06,2578,Mes 4,-22,-78,792,Soleado
1003,2019-11-05,2577,Mes 4,-22,-80,793,Soleado
1004,2019-11-04,2576,Mes 4,-26,-80,794,Soleado
1005,2019-11-03,2575,Mes 4,-26,-80,796,Soleado
1006,2019-11-02,2574,Mes 4,-32,-77,797,Soleado
1007,2019-11-01,2573,Mes 4,-32,-77,797,Soleado
1008,2019-10-31,2572,Mes 4,-22,-80,798,Soleado
1009,2019-10-30,2571,Mes 4,-27,-79,800,Soleado
1010,2019-10-29,2570,Mes 4,-28,-78,801,Soleado
1011,2019-10-28,2569,Mes 4,-22,-78,803,Soleado
1012,2019-10-27,2568,Mes 4,-28,-80,805,Soleado
1013,2019-10-26,2567,Mes 4,-21,-79,806,Soleado
1014,2019-10-25,2566,Mes 4,-27,-80,807,Soleado
1015,2019-10-24,2565,Mes 4,-27,-79,808,Soleado
1016,2019-10-23,2564,Mes 4,-31,-79,810,Soleado
1017,2019-10-22,2563,Mes 4,-29,-78,811,Soleado
1018,2019-10-21,2562,Mes 4,-29,-79,812,Soleado
1019,2019-10-20,2561,Mes 4,-25,-79,814,Soleado
1020,2019-10-19,2560,Mes 4,-26,-79,814,Soleado
1021,2019-10-18,2559,Mes 4,-26,-79,816,Soleado
1022,2019-10-17,2558,Mes 4,-29,-81,818,Soleado
1023,2019-10-16,2557,Mes 4,-26,-82,819,Soleado
1024,2019-10-15,2556,Mes 4,-28,-82,821,Soleado
1025,2019-10-14,2555,Mes 4,-30,-81,822,Soleado
1026,2019-10-13,2554,Mes 4,-27,-82,824,Soleado
1027,2019-10-12,2553,Mes 4,-28,-82,824,Soleado
1028,2019-10-11,2552,Mes 4,-30,-82,826,Soleado
1029,2019-10-10,2551,Mes 4,-30,-82,828,Soleado
1030,2019-10-09,2550,Mes 4,-31,-83,829,Soleado
1031,2019-10-08,2549,Mes 3,-30,-82,830,Soleado
1032,2019-10-07,2548,Mes 3,-28,-81,831,Soleado
1033,2019-10-06,2547,Mes 3,-24,-82,832,Soleado
1034,2019-10-05,2546,Mes 3,-31,-82,833,Soleado
1035,2019-10-04,2545,Mes 3,-33,-81,835,Soleado
1036,2019-10-03,2544,Mes 3,-30,-81,837,Soleado
1037,2019-10-02,2543,Mes 3,-29,-82,837,Soleado
1038,2019-09-30,2542,Mes 3,-26,-83,838,Soleado
1039,2019-09-29,2541,Mes 3,-30,-81,839,Soleado
1040,2019-09-28,2540,Mes 3,-30,-81,840,Soleado
1041,2019-09-27,2539,Mes 3,-30,-81,842,Soleado
1042,2019-09-26,2538,Mes 3,-28,-83,843,Soleado
1043,2019-09-25,2537,Mes 3,-29,-80,843,Soleado
1044,2019-09-24,2536,Mes 3,-30,-82,844,Soleado
1045,2019-09-23,2535,Mes 3,-25,-82,845,Soleado
1046,2019-09-22,2534,Mes 3,-29,-82,847,Soleado
1047,2019-09-21,2533,Mes 3,-32,-83,847,Soleado
1048,2019-09-20,2532,Mes 3,-31,-81,849,Soleado
1049,2019-09-19,2531,Mes 3,-32,-81,850,Soleado
1050,2019-09-18,2530,Mes 3,-27,-82,850,Soleado
1051,2019-09-17,2529,Mes 3,-30,-81,851,Soleado
1052,2019-09-16,2528,Mes 3,-28,-81,852,Soleado
1053,2019-09-15,2527,Mes 3,-31,-83,854,Soleado
1054,2019-09-14,2526,Mes 3,-29,-82,854,Soleado
1055,2019-09-13,2525,Mes 3,-29,-83,855,Soleado
1056,2019-09-12,2524,Mes 3,-31,-80,856,Soleado
1057,2019-09-11,2523,Mes 3,-28,-82,857,Soleado
1058,2019-09-10,2522,Mes 3,-32,-82,858,Soleado
1059,2019-09-09,2521,Mes 3,-29,-80,859,Soleado
1060,2019-09-08,2520,Mes 3,-32,-81,859,Soleado
1061,2019-09-07,2519,Mes 3,-31,-82,859,Soleado
1062,2019-09-06,2518,Mes 3,-26,-81,860,Soleado
1063,2019-09-05,2517,Mes 3,-29,-82,862,Soleado
1064,2019-09-04,2516,Mes 3,-31,-82,862,Soleado
1065,2019-09-03,2515,Mes 3,-32,-81,864,Soleado
1066,2019-09-02,2514,Mes 3,-29,-81,865,Soleado
1067,2019-09-01,2513,Mes 3,-28,-81,864,Soleado
1068,2019-08-31,2512,Mes 3,-28,-82,864,Soleado
1069,2019-08-30,2511,Mes 3,-30,-81,865,Soleado
1070,2019-08-29,2510,Mes 3,-33,-81,866,Soleado
1071,2019-08-28,2509,Mes 3,-33,-82,867,Soleado
1072,2019-08-27,2508,Mes 3,-33,-82,868,Soleado
1073,2019-08-26,2507,Mes 3,-28,-82,869,Soleado
1074,2019-08-24,2506,Mes 3,-31,-81,869,Soleado
1075,2019-08-23,2505,Mes 3,-32,-81,870,Soleado
1076,2019-08-22,2504,Mes 3,-33,-81,870,Soleado
1077,2019-08-21,2503,Mes 3,-32,-81,870,Soleado
1078,2019-08-20,2502,Mes 3,-31,-81,871,Soleado
1079,2019-08-19,2501,Mes 3,-27,-81,871,Soleado
1080,2019-08-18,2500,Mes 3,-30,-81,871,Soleado
1081,2019-08-17,2499,Mes 3,-28,-82,871,Soleado
1082,2019-08-16,2498,Mes 3,-33,-81,872,Soleado
1083,2019-08-15,2497,Mes 3,-28,-82,873,Soleado
1084,2019-08-14,2496,Mes 3,-29,-80,873,Soleado
1085,2019-08-13,2495,Mes 3,-32,-81,873,Soleado
1086,2019-08-12,2494,Mes 3,-28,-81,872,Soleado
1087,2019-08-11,2493,Mes 3,-29,-81,872,Soleado
1088,2019-08-10,2492,Mes 3,-32,-81,872,Soleado
1089,2019-08-09,2491,Mes 3,-29,-80,873,Soleado
1090,2019-08-08,2490,Mes 3,-28,-80,873,Soleado
1091,2019-08-07,2489,Mes 3,-29,-81,872,Soleado
1092,2019-08-06,2488,Mes 3,-27,-80,872,Soleado
1093,2019-08-05,2487,Mes 3,-31,-82,872,Soleado
1094,2019-08-04,2486,Mes 3,-28,-82,873,Soleado
1095,2019-08-03,2485,Mes 3,-31,-81,874,Soleado
1096,2019-08-02,2484,Mes 3,-33,-80,874,Soleado
1097,2019-08-01,2483,Mes 3,-28,-81,874,Soleado
1098,2019-07-31,2482,Mes 2,-29,-80,873,Soleado
1099,2019-07-30,2481,Mes 2,-30,-80,874,Soleado
1100,2019-07-29,2480,Mes 2,-31,-78,874,Soleado
1101,2019-07-28,2479,Mes 2,-32,-79,875,Soleado
1102,2019-07-27,2478,Mes 2,-34,-78,875,Soleado
1103,2019-07-26,2477,Mes 2,-30,-78,874,Soleado
1104,2019-07-25,2476,Mes 2,-26,-81,874,Soleado
1105,2019-07-24,2475,Mes 2,-28,-77,874,Soleado
1106,2019-07-23,2474,Mes 2,-30,-75,874,Soleado
1107,2019-07-22,2473,Mes 2,-31,-75,874,Soleado
1108,2019-07-21,2472,Mes 2,-27,-79,875,Soleado
1109,2019-07-20,2471,Mes 2,-32,-78,874,Soleado
1110,2019-07-18,2470,Mes 2,-27,-78,873,Soleado
1111,2019-07-17,2469,Mes 2,-23,-79,874,Soleado
1112,2019-07-16,2468,Mes 2,-30,-79,873,Soleado
1113,2019-07-15,2467,Mes 2,-28,-79,873,Soleado
1114,2019-07-14,2466,Mes 2,-31,-79,873,Soleado
1115,2019-07-13,2465,Mes 2,-22,-80,873,Soleado
1116,2019-07-12,2464,Mes 2,-22,-80,873,Soleado
1117,2019-07-11,2463,Mes 2,-23,-80,872,Soleado
1118,2019-07-10,2462,Mes 2,-27,-80,873,Soleado
1119,2019-07-09,2461,Mes 2,-28,-79,875,Soleado
1120,2019-07-08,2460,Mes 2,-27,-81,873,Soleado
1121,2019-07-07,2459,Mes 2,-26,-80,871,Soleado
1122,2019-07-06,2458,Mes 2,-27,-80,871,Soleado
1123,2019-07-05,2457,Mes 2,-23,-79,872,Soleado
1124,2019-07-04,2456,Mes 2,-27,-81,870,Soleado
1125,2019-07-03,2455,Mes 2,-29,-80,870,Soleado
1126,2019-07-02,2454,Mes 2,-23,-79,870,Soleado
1127,2019-07-01,2453,Mes 2,-22,-79,871,Soleado
1128,2019-06-30,2452,Mes 2,-19,-80,870,Soleado
1129,2019-06-29,2451,Mes 2,-22,-79,868,Soleado
1130,2019-06-28,2450,Mes 2,-26,-79,869,Soleado
1131,2019-06-27,2449,Mes 2,-24,-79,870,Soleado
1132,2019-06-26,2448,Mes 2,-26,-80,869,Soleado
1133,2019-06-25,2447,Mes 2,-23,-81,867,Soleado
1134,2019-06-24,2446,Mes 2,-25,-78,868,Soleado
1135,2019-06-23,2445,Mes 2,-26,-80,868,Soleado
1136,2019-06-22,2444,Mes 2,-26,-80,867,Soleado
1137,2019-06-21,2443,Mes 2,-26,-80,866,Soleado
1138,2019-06-20,2442,Mes 2,-27,-78,867,Soleado
1139,2019-06-19,2441,Mes 2,-28,-81,867,Soleado
1140,2019-06-18,2440,Mes 2,-26,-79,865,Soleado
1141,2019-06-17,2439,Mes 2,-20,-80,865,Soleado
1142,2019-06-16,2438,Mes 2,-25,-80,865,Soleado
1143,2019-06-15,2437,Mes 2,-25,-79,866,Soleado
1144,2019-06-14,2436,Mes 2,-22,-80,863,Soleado
1145,2019-06-13,2435,Mes 2,-23,-79,864,Soleado
1146,2019-06-12,2434,Mes 2,-17,-79,865,Soleado
1147,2019-06-10,2433,Mes 2,-19,-79,865,Soleado
1148,2019-06-09,2432,Mes 2,-14,-79,863,Soleado
1149,2019-06-08,2431,Mes 2,-25,-78,863,Soleado
1150,2019-06-07,2430,Mes 2,-21,-77,863,Soleado
1151,2019-06-06,2429,Mes 2,-23,-77,863,Soleado
1152,2019-06-05,2428,Mes 2,-21,-79,861,Soleado
1153,2019-06-04,2427,Mes 2,-21,-76,860,Soleado
1154,2019-06-03,2426,Mes 2,-24,-76,859,Soleado
1155,2019-06-02,2425,Mes 2,-24,-79,860,Soleado
1156,2019-06-01,2424,Mes 2,-24,-74,860,Soleado
1157,2019-05-31,2423,Mes 2,-24,-73,857,Soleado
1158,2019-05-30,2422,Mes 2,-27,-73,857,Soleado
1159,2019-05-29,2421,Mes 2,-26,-73,858,Soleado
1160,2019-05-28,2420,Mes 2,-26,-78,857,Soleado
1161,2019-05-27,2419,Mes 2,-16,-75,855,Soleado
1162,2019-05-26,2418,Mes 2,-21,-75,855,Soleado
1163,2019-05-25,2417,Mes 1,-18,-77,856,Soleado
1164,2019-05-24,2416,Mes 1,-14,-78,855,Soleado
1165,2019-05-23,2415,Mes 1,-24,-77,853,Soleado
1166,2019-05-22,2414,Mes 1,-24,-75,853,Soleado
1167,2019-05-21,2413,Mes 1,-24,-78,854,Soleado
1168,2019-05-20,2412,Mes 1,-14,-78,853,Soleado
1169,2019-05-19,2411,Mes 1,-28,-77,852,Soleado
1170,2019-05-18,2410,Mes 1,-25,-77,852,Soleado
1171,2019-05-17,2409,Mes 1,-27,-77,852,Soleado
1172,2019-05-16,2408,Mes 1,-27,-78,852,Soleado
1173,2019-05-15,2407,Mes 1,-24,-77,851,Soleado
1174,2019-05-14,2406,Mes 1,-24,-77,849,Soleado
1175,2019-05-13,2405,Mes 1,-25,-75,849,Soleado
1176,2019-05-12,2404,Mes 1,-24,-77,848,Soleado
1177,2019-05-11,2403,Mes 1,-23,-76,847,Soleado
1178,2019-05-10,2402,Mes 1,-23,-77,846,Soleado
1179,2019-05-09,2401,Mes 1,-23,-77,846,Soleado
1180,2019-05-08,2400,Mes 1,-24,-76,846,Soleado
1181,2019-05-07,2399,Mes 1,-22,-75,845,Soleado
1182,2019-05-06,2398,Mes 1,-22,-76,844,Soleado
1183,2019-05-04,2397,Mes 1,-21,-75,843,Soleado
1184,2019-05-03,2396,Mes 1,-22,-76,843,Soleado
1185,2019-05-02,2395,Mes 1,-23,-76,843,Soleado
1186,2019-05-01,2394,Mes 1,-22,-75,841,Soleado
1187,2019-04-30,2393,Mes 1,-22,-76,841,Soleado
1188,2019-04-29,2392,Mes 1,-20,-76,840,Soleado
1189,2019-04-28,2391,Mes 1,-21,-77,838,Soleado
1190,2019-04-27,2390,Mes 1,-23,-77,838,Soleado
1191,2019-04-26,2389,Mes 1,-22,-76,838,Soleado
1192,2019-04-25,2388,Mes 1,-22,-75,839,Soleado
1193,2019-04-24,2387,Mes 1,-21,-77,839,Soleado
1194,2019-04-23,2386,Mes 1,-20,-77,837,Soleado
1195,2019-04-22,2385,Mes 1,-20,-75,835,Soleado
1196,2019-04-21,2384,Mes 1,-21,-76,834,Soleado
1197,2019-04-20,2383,Mes 1,-20,-74,834,Soleado
1198,2019-04-19,2382,Mes 1,-21,-75,834,Soleado
1199,2019-04-18,2381,Mes 1,-18,-75,832,Soleado
1200,2019-04-17,2380,Mes 1,-20,-76,831,Soleado
1201,2019-04-16,2379,Mes 1,-20,-74,830,Soleado
1202,2019-04-15,2378,Mes 1,-22,-74,830,Soleado
1203,2019-04-14,2377,Mes 1,-21,-74,830,Soleado
1204,2019-04-13,2376,Mes 1,-20,-75,830,Soleado
1205,2019-04-12,2375,Mes 1,-19,-75,829,Soleado
1206,2019-04-11,2374,Mes 1,-18,-75,829,Soleado
1207,2019-04-10,2373,Mes 1,-19,-76,828,Soleado
1208,2019-04-09,2372,Mes 1,-20,-74,828,Soleado
1209,2019-04-08,2371,Mes 1,-19,-74,827,Soleado
1210,2019-04-07,2370,Mes 1,-20,-76,827,Soleado
1211,2019-04-06,2369,Mes 1,-19,-76,828,Soleado
1212,2019-04-05,2368,Mes 1,-18,-77,827,Soleado
1213,2019-04-04,2367,Mes 1,-18,-75,826,Soleado
1214,2019-04-03,2366,Mes 1,-19,-74,825,Soleado
1215,2019-04-02,2365,Mes 1,-19,-74,826,Soleado
1216,2019-04-01,2364,Mes 1,-20,-75,826,Soleado
1217,2019-03-31,2363,Mes 1,-18,-74,824,Soleado
1218,2019-03-30,2362,Mes 1,-17,-74,824,Soleado
1219,2019-03-28,2361,Mes 1,-10,-75,824,Soleado
1220,2019-03-27,2360,Mes 1,-18,-74,823,Soleado
1221,2019-03-26,2359,Mes 1,-20,-74,821,Soleado
1222,2019-03-25,2358,Mes 1,-18,-74,820,Soleado
1223,2019-03-24,2357,Mes 1,-19,-78,820,Soleado
1224,2019-03-23,2356,Mes 12,-16,-76,821,Soleado
1225,2019-03-22,2355,Mes 12,-18,-75,820,Soleado
1226,2019-03-21,2354,Mes 12,-18,-75,819,Soleado
1227,2019-03-20,2353,Mes 12,-16,-74,819,Soleado
1228,2019-03-19,2352,Mes 12,-16,-74,818,Soleado
1229,2019-03-18,2351,Mes 12,-6,-75,819,Soleado
1230,2019-03-17,2350,Mes 12,-17,-74,819,Soleado
1231,2019-03-16,2349,Mes 12,-17,-74,818,Soleado
1232,2019-03-15,2348,Mes 12,-19,-74,818,Soleado
1233,2019-03-14,2347,Mes 12,-19,-60,798,Soleado
1234,2019-03-05,2338,Mes 12,-13,-75,817,Soleado
1235,2019-03-04,2337,Mes 12,-17,-73,817,Soleado
1236,2019-03-03,2336,Mes 12,-19,-73,814,Soleado
1237,2019-03-02,2335,Mes 12,-18,-73,815,Soleado
1238,2019-03-01,2334,Mes 12,-18,-73,814,Soleado
1239,2019-02-28,2333,Mes 12,-19,-57,789,Soleado
1240,2019-02-13,2319,Mes 12,-17,-72,812,Soleado
1241,2019-02-12,2318,Mes 12,-17,-73,811,Soleado
1242,2019-02-11,2317,Mes 12,-16,-73,812,Soleado
1243,2019-02-10,2316,Mes 12,-14,-72,814,Soleado
1244,2019-02-09,2315,Mes 12,-17,-71,813,Soleado
1245,2019-02-08,2314,Mes 12,-16,-71,814,Soleado
1246,2019-02-07,2313,Mes 12,-14,-71,814,Soleado
1247,2019-02-06,2312,Mes 12,-13,-72,813,Soleado
1248,2019-02-05,2311,Mes 12,-11,-73,812,Soleado
1249,2019-02-04,2310,Mes 12,-6,-75,815,Soleado
1250,2019-02-03,2309,Mes 12,-16,-71,814,Soleado
1251,2019-02-02,2308,Mes 12,-13,-71,814,Soleado
1252,2019-02-01,2307,Mes 12,-13,-71,814,Soleado
1253,2019-01-31,2306,Mes 12,-12,-70,813,Soleado
1254,2019-01-30,2305,Mes 12,-4,-73,814,Soleado
1255,2019-01-29,2304,Mes 12,-6,-73,814,Soleado
1256,2019-01-28,2303,Mes 12,-7,-73,815,Soleado
1257,2019-01-27,2302,Mes 12,-7,-73,815,Soleado
1258,2019-01-26,2301,Mes 12,-17,-73,817,Soleado
1259,2019-01-25,2300,Mes 11,-7,-73,818,Soleado
1260,2019-01-24,2299,Mes 11,-5,-74,818,Soleado
1261,2019-01-23,2298,Mes 11,-9,-71,817,Soleado
1262,2019-01-22,2297,Mes 11,-12,-70,818,Soleado
1263,2019-01-21,2296,Mes 11,-7,-73,817,Soleado
1264,2019-01-20,2295,Mes 11,-8,-68,820,Soleado
1265,2019-01-19,2294,Mes 11,-8,-70,820,Soleado
1266,2019-01-18,2293,Mes 11,-9,-69,821,Soleado
1267,2019-01-17,2292,Mes 11,-7,-72,824,Soleado
1268,2019-01-16,2291,Mes 11,-8,-70,823,Soleado
1269,2019-01-15,2290,Mes 11,-10,-69,821,Soleado
1270,2019-01-14,2289,Mes 11,-8,-69,822,Soleado
1271,2019-01-12,2288,Mes 11,-7,-68,823,Soleado
1272,2019-01-11,2287,Mes 11,-7,-69,821,Soleado
1273,2019-01-10,2286,Mes 11,-8,-68,822,Soleado
1274,2019-01-09,2285,Mes 11,-8,-69,823,Soleado
1275,2019-01-08,2284,Mes 11,-7,-70,829,Soleado
1276,2019-01-07,2283,Mes 11,-9,-71,825,Soleado
1277,2019-01-06,2282,Mes 11,-5,-71,830,Soleado
1278,2019-01-05,2281,Mes 11,-6,-71,826,Soleado
1279,2019-01-04,2280,Mes 11,-9,-71,834,Soleado
1280,2019-01-03,2279,Mes 11,-8,-71,830,Soleado
1281,2019-01-02,2278,Mes 11,-5,-71,828,Soleado
1282,2019-01-01,2277,Mes 11,-5,-71,831,Soleado
1283,2018-12-31,2276,Mes 11,-6,-71,830,Soleado
1284,2018-12-30,2275,Mes 11,-7,-71,834,Soleado
1285,2018-12-29,2274,Mes 11,-5,-74,828,Soleado
1286,2018-12-28,2273,Mes 11,-5,-71,834,Soleado
1287,2018-12-27,2272,Mes 11,-4,-73,831,Soleado
1288,2018-12-26,2271,Mes 11,-7,-70,830,Soleado
1289,2018-12-25,2270,Mes 11,-5,-75,835,Soleado
1290,2018-12-24,2269,Mes 11,-4,-75,829,Soleado
1291,2018-12-23,2268,Mes 11,-10,-74,836,Soleado
1292,2018-12-22,2267,Mes 11,-5,-73,830,Soleado
1293,2018-12-21,2266,Mes 11,-7,-71,836,Soleado
1294,2018-12-20,2265,Mes 11,-5,-71,836,Soleado
1295,2018-12-19,2264,Mes 11,-6,-71,833,Soleado
1296,2018-12-18,2263,Mes 11,-7,-74,838,Soleado
1297,2018-12-16,2261,Mes 11,-7,-70,839,Soleado
1298,2018-12-13,2258,Mes 11,-6,-70,841,Soleado
1299,2018-12-12,2257,Mes 11,-4,-72,836,Soleado
1300,2018-12-11,2256,Mes 11,-11,-70,843,Soleado
1301,2018-12-10,2255,Mes 11,-11,-71,841,Soleado
1302,2018-12-09,2254,Mes 11,-13,-71,845,Soleado
1303,2018-12-08,2253,Mes 11,-15,-70,845,Soleado
1304,2018-12-07,2252,Mes 11,-15,-72,840,Soleado
1305,2018-12-05,2251,Mes 11,-15,-74,847,Soleado
1306,2018-12-04,2250,Mes 11,-14,-70,842,Soleado
1307,2018-12-03,2249,Mes 10,-4,-70,846,Soleado
1308,2018-12-02,2248,Mes 10,1,-71,846,Soleado
1309,2018-12-01,2247,Mes 10,-4,-70,844,Soleado
1310,2018-11-30,2246,Mes 10,2,-71,848,Soleado
1311,2018-11-29,2245,Mes 10,-7,-70,845,Soleado
1312,2018-11-28,2244,Mes 10,-5,-70,849,Soleado
1313,2018-11-27,2243,Mes 10,-3,-70,848,Soleado
1314,2018-11-26,2242,Mes 10,-2,-70,848,Soleado
1315,2018-11-25,2241,Mes 10,-2,-70,850,Soleado
1316,2018-11-24,2240,Mes 10,0,-70,849,Soleado
1317,2018-11-23,2239,Mes 10,-2,-70,852,Soleado
1318,2018-11-22,2238,Mes 10,-2,-69,853,Soleado
1319,2018-11-21,2237,Mes 10,-3,-70,854,Soleado
1320,2018-11-20,2236,Mes 10,-3,-71,857,Soleado
1321,2018-11-19,2235,Mes 10,2,-70,853,Soleado
1322,2018-11-18,2234,Mes 10,2,-70,857,Soleado
1323,2018-11-17,2233,Mes 10,-4,-72,857,Soleado
1324,2018-11-16,2232,Mes 10,-3,-73,858,Soleado
1325,2018-11-15,2231,Mes 10,-10,-73,860,Soleado
1326,2018-11-14,2230,Mes 10,-5,-72,859,Soleado
1327,2018-11-13,2229,Mes 10,-2,-71,861,Soleado
1328,2018-11-12,2228,Mes 10,0,-71,860,Soleado
1329,2018-11-11,2227,Mes 10,-3,-72,863,Soleado
1330,2018-11-10,2226,Mes 10,-4,-73,863,Soleado
1331,2018-11-09,2225,Mes 10,1,-71,864,Soleado
1332,2018-11-08,2224,Mes 10,0,-72,865,Soleado
1333,2018-11-07,2223,Mes 10,2,-71,863,Soleado
1334,2018-11-06,2222,Mes 10,-3,-70,865,Soleado
1335,2018-11-05,2221,Mes 10,-4,-70,865,Soleado
1336,2018-11-04,2220,Mes 10,-10,-73,866,Soleado
1337,2018-11-03,2219,Mes 10,-7,-71,868,Soleado
1338,2018-11-02,2218,Mes 10,-7,-71,866,Soleado
1339,2018-11-01,2217,Mes 10,-13,-71,868,Soleado
1340,2018-10-31,2216,Mes 10,-12,-69,868,Soleado
1341,2018-10-28,2214,Mes 10,-13,-73,872,Soleado
1342,2018-10-27,2213,Mes 10,-12,-70,874,Soleado
1343,2018-10-26,2212,Mes 10,-13,-71,877,Soleado
1344,2018-10-25,2211,Mes 10,-13,-71,876,Soleado
1345,2018-10-24,2210,Mes 10,-11,-74,877,Soleado
1346,2018-10-23,2209,Mes 10,-18,-73,879,Soleado
1347,2018-10-22,2208,Mes 10,-18,-75,880,Soleado
1348,2018-10-21,2207,Mes 10,-14,-72,881,Soleado
1349,2018-10-20,2206,Mes 10,-14,-74,881,Soleado
1350,2018-10-19,2205,Mes 10,-13,-70,880,Soleado
1351,2018-10-18,2204,Mes 10,-14,-56,854,Soleado
1352,2018-09-17,2174,Mes 9,-22,-68,896,Soleado
1353,2018-09-16,2173,Mes 9,-14,-65,893,Soleado
1354,2018-09-15,2172,Mes 9,-14,-73,893,Soleado
1355,2018-09-14,2171,Mes 9,-12,-65,879,Soleado
1356,2018-09-13,2170,Mes 9,-12,-68,886,Soleado
1357,2018-09-12,2169,Mes 9,-10,-70,887,Soleado
1358,2018-09-11,2168,Mes 9,-10,-69,886,Soleado
1359,2018-09-10,2167,Mes 9,-12,-73,885,Soleado
1360,2018-09-09,2166,Mes 9,-10,-72,887,Soleado
1361,2018-09-08,2165,Mes 9,-10,-70,887,Soleado
1362,2018-09-07,2164,Mes 9,-8,-68,886,Soleado
1363,2018-09-06,2163,Mes 9,-5,-70,886,Soleado
1364,2018-09-05,2162,Mes 9,-5,-69,886,Soleado
1365,2018-09-04,2161,Mes 9,-5,-68,884,Soleado
1366,2018-09-03,2160,Mes 9,-8,-68,885,Soleado
1367,2018-09-02,2159,Mes 9,-10,-68,883,Soleado
1368,2018-09-01,2158,Mes 9,-7,-67,880,Soleado
1369,2018-08-31,2157,Mes 9,-5,-67,877,Soleado
1370,2018-08-30,2156,Mes 8,-6,-71,879,Soleado
1371,2018-08-29,2155,Mes 8,-12,-76,878,Soleado
1372,2018-08-28,2154,Mes 8,-10,-73,878,Soleado
1373,2018-08-27,2153,Mes 8,-10,-68,877,Soleado
1374,2018-08-26,2152,Mes 8,-10,-69,878,Soleado
1375,2018-08-25,2151,Mes 8,-12,-66,876,Soleado
1376,2018-08-24,2150,Mes 8,-11,-68,874,Soleado
1377,2018-08-23,2149,Mes 8,-10,-68,874,Soleado
1378,2018-08-22,2148,Mes 8,-13,-67,872,Soleado
1379,2018-08-21,2147,Mes 8,-15,-68,870,Soleado
1380,2018-08-20,2146,Mes 8,-10,-67,870,Soleado
1381,2018-08-19,2145,Mes 8,-10,-66,868,Soleado
1382,2018-08-18,2144,Mes 8,-11,-67,867,Soleado
1383,2018-08-17,2143,Mes 8,-12,-71,865,Soleado
1384,2018-08-15,2142,Mes 8,-10,-71,865,Soleado
1385,2018-08-14,2141,Mes 8,-17,-66,863,Soleado
1386,2018-08-13,2140,Mes 8,-10,-70,858,Soleado
1387,2018-08-12,2139,Mes 8,-11,-70,857,Soleado
1388,2018-08-11,2138,Mes 8,-16,-68,858,Soleado
1389,2018-08-10,2137,Mes 8,-13,-66,857,Soleado
1390,2018-08-09,2136,Mes 8,-13,-66,856,Soleado
1391,2018-08-08,2135,Mes 8,-15,-66,854,Soleado
1392,2018-08-07,2134,Mes 8,-14,-65,851,Soleado
1393,2018-08-06,2133,Mes 8,-18,-65,849,Soleado
1394,2018-08-05,2132,Mes 8,-16,-69,847,Soleado
1395,2018-08-04,2131,Mes 8,-21,-67,846,Soleado
1396,2018-08-03,2130,Mes 8,-18,-62,844,Soleado
1397,2018-08-02,2129,Mes 8,-21,-66,843,Soleado
1398,2018-08-01,2128,Mes 8,-20,-65,841,Soleado
1399,2018-07-31,2127,Mes 8,-18,-69,838,Soleado
1400,2018-07-30,2126,Mes 8,-18,-63,837,Soleado
1401,2018-07-29,2125,Mes 8,-17,-66,834,Soleado
1402,2018-07-28,2124,Mes 8,-17,-67,832,Soleado
1403,2018-07-27,2123,Mes 8,-18,-68,831,Soleado
1404,2018-07-26,2122,Mes 8,-14,-63,830,Soleado
1405,2018-07-25,2121,Mes 8,-18,-62,829,Soleado
1406,2018-07-24,2120,Mes 8,-16,-67,828,Soleado
1407,2018-07-23,2119,Mes 8,-16,-69,824,Soleado
1408,2018-07-22,2118,Mes 8,-19,-68,822,Soleado
1409,2018-07-21,2117,Mes 8,-19,-64,822,Soleado
1410,2018-07-20,2116,Mes 8,-21,-62,820,Soleado
1411,2018-07-19,2115,Mes 8,-21,-61,818,Soleado
1412,2018-07-18,2114,Mes 8,-19,-61,816,Soleado
1413,2018-07-17,2113,Mes 8,-20,-62,815,Soleado
1414,2018-07-16,2112,Mes 8,-20,-63,813,Soleado
1415,2018-07-15,2111,Mes 8,-20,-67,813,Soleado
1416,2018-07-14,2110,Mes 8,-20,-59,810,Soleado
1417,2018-07-13,2109,Mes 7,-22,-66,809,Soleado
1418,2018-07-12,2108,Mes 7,-24,-65,806,Soleado
1419,2018-07-11,2107,Mes 7,-21,-65,807,Soleado
1420,2018-07-09,2106,Mes 7,-27,-63,803,Soleado
1421,2018-07-08,2105,Mes 7,-25,-61,802,Soleado
1422,2018-07-07,2104,Mes 7,-23,-59,797,Soleado
1423,2018-07-06,2103,Mes 7,-26,-58,797,Soleado
1424,2018-07-05,2102,Mes 7,-22,-60,797,Soleado
1425,2018-07-04,2101,Mes 7,-23,-61,796,Soleado
1426,2018-07-03,2100,Mes 7,-29,-61,797,Soleado
1427,2018-07-02,2099,Mes 7,-25,-61,791,Soleado
1428,2018-07-01,2098,Mes 7,-23,-61,791,Soleado
1429,2018-06-30,2097,Mes 7,-23,-60,789,Soleado
1430,2018-06-29,2096,Mes 7,-22,-63,788,Soleado
1431,2018-06-28,2095,Mes 7,-25,-61,784,Soleado
1432,2018-06-27,2094,Mes 7,-27,-61,783,Soleado
1433,2018-06-26,2093,Mes 7,-24,-63,780,Soleado
1434,2018-06-25,2092,Mes 7,-24,-67,781,Soleado
1435,2018-06-24,2091,Mes 7,-22,-63,779,Soleado
1436,2018-06-23,2090,Mes 7,-23,-61,778,Soleado
1437,2018-06-22,2089,Mes 7,-26,-59,779,Soleado
1438,2018-06-21,2088,Mes 7,-24,-58,778,Soleado
1439,2018-06-20,2087,Mes 7,-28,-59,780,Soleado
1440,2018-06-19,2086,Mes 7,-25,-57,776,Soleado
1441,2018-06-18,2085,Mes 7,-24,-57,772,Soleado
1442,2018-06-17,2084,Mes 7,-21,-65,771,Soleado
1443,2018-06-16,2083,Mes 7,-14,-63,769,Soleado
1444,2018-06-15,2082,Mes 7,-15,-64,768,Soleado
1445,2018-06-14,2081,Mes 7,-3,-69,770,Soleado
1446,2018-06-13,2080,Mes 7,2,-67,768,Soleado
1447,2018-06-12,2079,Mes 7,2,-68,767,Soleado
1448,2018-06-11,2078,Mes 7,1,-73,766,Soleado
1449,2018-06-10,2077,Mes 7,0,-69,765,Soleado
1450,2018-06-09,2076,Mes 7,3,-71,764,Soleado
1451,2018-06-08,2075,Mes 7,3,-69,762,Soleado
1452,2018-06-07,2074,Mes 7,6,-70,758,Soleado
1453,2018-06-06,2073,Mes 7,7,-74,756,Soleado
1454,2018-06-05,2072,Mes 7,6,-71,758,Soleado
1455,2018-06-04,2071,Mes 7,4,-71,755,Soleado
1456,2018-06-02,2070,Mes 7,3,-70,757,Soleado
1457,2018-06-01,2069,Mes 7,4,-71,756,Soleado
1458,2018-05-31,2068,Mes 7,4,-69,752,Soleado
1459,2018-05-30,2067,Mes 7,3,-74,750,Soleado
1460,2018-05-29,2066,Mes 7,2,-72,751,Soleado
1461,2018-05-28,2065,Mes 7,2,-71,750,Soleado
1462,2018-05-27,2064,Mes 7,4,-71,748,Soleado
1463,2018-05-26,2063,Mes 7,3,-71,748,Soleado
1464,2018-05-25,2062,Mes 7,2,-72,745,Soleado
1465,2018-05-24,2061,Mes 7,5,-72,745,Soleado
1466,2018-05-23,2060,Mes 7,4,-73,743,Soleado
1467,2018-05-22,2059,Mes 6,4,-72,743,Soleado
1468,2018-05-21,2058,Mes 6,4,-71,743,Soleado
1469,2018-05-20,2057,Mes 6,2,-73,741,Soleado
1470,2018-05-19,2056,Mes 6,5,-74,740,Soleado
1471,2018-05-18,2055,Mes 6,2,-72,740,Soleado
1472,2018-05-17,2054,Mes 6,4,-72,740,Soleado
1473,2018-05-16,2053,Mes 6,3,-71,740,Soleado
1474,2018-05-15,2052,Mes 6,0,-72,739,Soleado
1475,2018-05-14,2051,Mes 6,1,-71,739,Soleado
1476,2018-05-13,2050,Mes 6,1,-71,737,Soleado
1477,2018-05-12,2049,Mes 6,3,-72,735,Soleado
1478,2018-05-11,2048,Mes 6,2,-73,735,Soleado
1479,2018-05-10,2047,Mes 6,3,-71,733,Soleado
1480,2018-05-09,2046,Mes 6,-7,-72,734,Soleado
1481,2018-05-08,2045,Mes 6,-7,-74,733,Soleado
1482,2018-05-07,2044,Mes 6,-8,-75,730,Soleado
1483,2018-05-06,2043,Mes 6,-7,-71,730,Soleado
1484,2018-05-05,2042,Mes 6,-7,-72,730,Soleado
1485,2018-05-04,2041,Mes 6,-9,-71,728,Soleado
1486,2018-05-03,2040,Mes 6,-9,-74,729,Soleado
1487,2018-05-02,2039,Mes 6,0,-74,728,Soleado
1488,2018-05-01,2038,Mes 6,-3,-74,726,Soleado
1489,2018-04-30,2037,Mes 6,-2,-75,725,Soleado
1490,2018-04-29,2036,Mes 6,-5,-72,726,Soleado
1491,2018-04-28,2035,Mes 6,-5,-72,726,Soleado
1492,2018-04-27,2034,Mes 6,-7,-70,724,Soleado
1493,2018-04-25,2033,Mes 6,-10,-72,723,Soleado
1494,2018-04-24,2032,Mes 6,-5,-72,722,Soleado
1495,2018-04-23,2031,Mes 6,-6,-72,722,Soleado
1496,2018-04-22,2030,Mes 6,-4,-73,721,Soleado
1497,2018-04-21,2029,Mes 6,-11,-72,722,Soleado
1498,2018-04-20,2028,Mes 6,-11,-73,722,Soleado
1499,2018-04-19,2027,Mes 6,-12,-74,722,Soleado
1500,2018-04-18,2026,Mes 6,-6,-73,719,Soleado
1501,2018-04-17,2025,Mes 6,-4,-73,719,Soleado
1502,2018-04-16,2024,Mes 6,-7,-76,720,Soleado
1503,2018-04-15,2023,Mes 6,-7,-72,720,Soleado
1504,2018-04-14,2022,Mes 6,-4,-73,719,Soleado
1505,2018-04-13,2021,Mes 6,-9,-74,719,Soleado
1506,2018-04-12,2020,Mes 6,-7,-72,718,Soleado
1507,2018-04-11,2019,Mes 6,-6,-75,718,Soleado
1508,2018-04-10,2018,Mes 6,-3,-75,718,Soleado
1509,2018-04-09,2017,Mes 6,-6,-75,717,Soleado
1510,2018-04-08,2016,Mes 6,-9,-73,718,Soleado
1511,2018-04-07,2015,Mes 6,-3,-74,717,Soleado
1512,2018-04-06,2014,Mes 6,-5,-72,716,Soleado
1513,2018-04-05,2013,Mes 6,-2,-72,717,Soleado
1514,2018-04-04,2012,Mes 6,-7,-74,715,Soleado
1515,2018-04-03,2011,Mes 6,-10,-73,716,Soleado
1516,2018-04-02,2010,Mes 6,-10,-73,716,Soleado
1517,2018-04-01,2009,Mes 6,-9,-74,717,Soleado
1518,2018-03-31,2008,Mes 6,-9,-74,717,Soleado
1519,2018-03-30,2007,Mes 6,-9,-73,716,Soleado
1520,2018-03-29,2006,Mes 6,-7,-74,715,Soleado
1521,2018-03-28,2005,Mes 5,-11,-75,716,Soleado
1522,2018-03-27,2004,Mes 5,-8,-74,716,Soleado
1523,2018-03-26,2003,Mes 5,-6,-74,716,Soleado
1524,2018-03-25,2002,Mes 5,-10,-75,715,Soleado
1525,2018-03-24,2001,Mes 5,-8,-75,716,Soleado
1526,2018-03-23,2000,Mes 5,-7,-76,717,Soleado
1527,2018-03-22,1999,Mes 5,-10,-72,717,Soleado
1528,2018-03-21,1998,Mes 5,-5,-72,716,Soleado
1529,2018-03-19,1997,Mes 5,-11,-74,717,Soleado
1530,2018-03-18,1996,Mes 5,-11,-76,719,Soleado
1531,2018-03-17,1995,Mes 5,-6,-73,718,Soleado
1532,2018-03-16,1994,Mes 5,-6,-75,718,Soleado
1533,2018-03-15,1993,Mes 5,-14,-75,719,Soleado
1534,2018-03-14,1992,Mes 5,-9,-76,720,Soleado
1535,2018-03-13,1991,Mes 5,-8,-74,721,Soleado
1536,2018-03-12,1990,Mes 5,-6,-74,720,Soleado
1537,2018-03-11,1989,Mes 5,-6,-75,721,Soleado
1538,2018-03-10,1988,Mes 5,-10,-73,722,Soleado
1539,2018-03-09,1987,Mes 5,-11,-76,723,Soleado
1540,2018-03-08,1986,Mes 5,-9,-74,723,Soleado
1541,2018-03-07,1985,Mes 5,-6,-77,723,Soleado
1542,2018-03-06,1984,Mes 5,-11,-77,723,Soleado
1543,2018-03-05,1983,Mes 5,-8,-76,723,Soleado
1544,2018-03-04,1982,Mes 5,-7,-77,724,Soleado
1545,2018-03-03,1981,Mes 5,-10,-75,725,Soleado
1546,2018-03-02,1980,Mes 5,-11,-77,725,Soleado
1547,2018-03-01,1979,Mes 5,-14,-76,726,Soleado
1548,2018-02-28,1978,Mes 5,-14,-78,727,Soleado
1549,2018-02-27,1977,Mes 5,-10,-77,727,Soleado
1550,2018-02-26,1976,Mes 5,-10,-77,728,Soleado
1551,2018-02-25,1975,Mes 5,-16,-76,729,Soleado
1552,2018-02-24,1974,Mes 5,-13,-77,729,Soleado
1553,2018-02-23,1973,Mes 5,-18,-78,730,Soleado
1554,2018-02-22,1972,Mes 5,-14,-78,730,Soleado
1555,2018-02-21,1971,Mes 5,-13,-78,731,Soleado
1556,2018-02-20,1970,Mes 5,-16,-77,731,Soleado
1557,2018-02-19,1969,Mes 5,-16,-76,732,Soleado
1558,2018-02-18,1968,Mes 5,-19,-76,732,Soleado
1559,2018-02-17,1967,Mes 5,-15,-76,734,Soleado
1560,2018-02-16,1966,Mes 5,-18,-77,735,Soleado
1561,2018-02-15,1965,Mes 5,-12,-76,735,Soleado
1562,2018-02-14,1964,Mes 5,-16,-76,736,Soleado
1563,2018-02-13,1963,Mes 5,-14,-77,737,Soleado
1564,2018-02-12,1962,Mes 5,-14,-78,738,Soleado
1565,2018-02-11,1961,Mes 5,-21,-77,740,Soleado
1566,2018-02-09,1960,Mes 5,-14,-78,740,Soleado
1567,2018-02-08,1959,Mes 5,-15,-78,740,Soleado
1568,2018-02-07,1958,Mes 5,-14,-77,741,Soleado
1569,2018-02-06,1957,Mes 5,-21,-77,742,Soleado
1570,2018-02-05,1956,Mes 5,-14,-79,744,Soleado
1571,2018-02-04,1955,Mes 5,-21,-77,745,Soleado
1572,2018-02-03,1954,Mes 5,-17,-77,745,Soleado
1573,2018-02-02,1953,Mes 5,-22,-78,747,Soleado
1574,2018-02-01,1952,Mes 5,-25,-80,748,Soleado
1575,2018-01-31,1951,Mes 5,-23,-77,749,Soleado
1576,2018-01-30,1950,Mes 5,-15,-79,750,Soleado
1577,2018-01-29,1949,Mes 5,-20,-78,751,Soleado
1578,2018-01-28,1948,Mes 5,-18,-78,752,Soleado
1579,2018-01-27,1947,Mes 5,-19,-78,751,Soleado
1580,2018-01-26,1946,Mes 5,-20,-79,753,Soleado
1581,2018-01-25,1945,Mes 4,-22,-78,754,Soleado
1582,2018-01-24,1944,Mes 4,-21,-80,755,Soleado
1583,2018-01-23,1943,Mes 4,-28,-78,756,Soleado
1584,2018-01-22,1942,Mes 4,-27,-78,757,Soleado
1585,2018-01-21,1941,Mes 4,-20,-77,758,Soleado
1586,2018-01-20,1940,Mes 4,-19,-77,759,Soleado
1587,2018-01-19,1939,Mes 4,-20,-78,760,Soleado
1588,2018-01-18,1938,Mes 4,-24,-78,762,Soleado
1589,2018-01-17,1937,Mes 4,-22,-80,763,Soleado
1590,2018-01-16,1936,Mes 4,-20,-79,764,Soleado
1591,2018-01-15,1935,Mes 4,-21,-80,765,Soleado
1592,2018-01-14,1934,Mes 4,-21,-79,766,Soleado
1593,2018-01-13,1933,Mes 4,-23,-78,767,Soleado
1594,2018-01-12,1932,Mes 4,-24,-79,768,Soleado
1595,2018-01-11,1931,Mes 4,-22,-79,770,Soleado
1596,2018-01-10,1930,Mes 4,-24,-79,770,Soleado
1597,2018-01-09,1929,Mes 4,-26,-79,771,Soleado
1598,2018-01-08,1928,Mes 4,-24,-78,773,Soleado
1599,2018-01-07,1927,Mes 4,-24,-79,774,Soleado
1600,2018-01-06,1926,Mes 4,-24,-80,775,Soleado
1601,2018-01-05,1925,Mes 4,-19,-79,777,Soleado
1602,2018-01-03,1924,Mes 4,-21,-78,777,Soleado
1603,2018-01-02,1923,Mes 4,-23,-77,778,Soleado
1604,2018-01-01,1922,Mes 4,-24,-79,780,Soleado
1605,2017-12-31,1921,Mes 4,-19,-78,781,Soleado
1606,2017-12-30,1920,Mes 4,-25,-77,782,Soleado
1607,2017-12-29,1919,Mes 4,-26,-77,783,Soleado
1608,2017-12-28,1918,Mes 4,-18,-77,784,Soleado
1609,2017-12-27,1917,Mes 4,-19,-80,786,Soleado
1610,2017-12-26,1916,Mes 4,-22,-79,787,Soleado
1611,2017-12-25,1915,Mes 4,-23,-78,788,Soleado
1612,2017-12-24,1914,Mes 4,-21,-78,790,Soleado
1613,2017-12-23,1913,Mes 4,-27,-79,791,Soleado
1614,2017-12-22,1912,Mes 4,-25,-80,791,Soleado
1615,2017-12-21,1911,Mes 4,-22,-79,792,Soleado
1616,2017-12-20,1910,Mes 4,-23,-80,794,Soleado
1617,2017-12-19,1909,Mes 4,-27,-80,795,Soleado
1618,2017-12-18,1908,Mes 4,-28,-79,796,Soleado
1619,2017-12-17,1907,Mes 4,-29,-79,798,Soleado
1620,2017-12-16,1906,Mes 4,-23,-79,799,Soleado
1621,2017-12-15,1905,Mes 4,-22,-80,800,Soleado
1622,2017-12-14,1904,Mes 4,-27,-79,801,Soleado
1623,2017-12-13,1903,Mes 4,-25,-78,803,Soleado
1624,2017-12-12,1902,Mes 4,-27,-79,804,Soleado
1625,2017-12-11,1901,Mes 4,-28,-81,806,Soleado
1626,2017-12-10,1900,Mes 4,-25,-81,807,Soleado
1627,2017-12-09,1899,Mes 4,-23,-81,808,Soleado
1628,2017-12-08,1898,Mes 4,-27,-81,810,Soleado
1629,2017-12-07,1897,Mes 4,-27,-80,811,Soleado
1630,2017-12-06,1896,Mes 4,-23,-79,812,Soleado
1631,2017-12-05,1895,Mes 4,-29,-78,814,Soleado
1632,2017-12-04,1894,Mes 4,-28,-79,815,Soleado
1633,2017-12-03,1893,Mes 4,-25,-79,816,Soleado
1634,2017-12-02,1892,Mes 4,-29,-81,817,Soleado
1635,2017-12-01,1891,Mes 4,-25,-80,819,Soleado
1636,2017-11-30,1890,Mes 4,-28,-79,821,Soleado
1637,2017-11-29,1889,Mes 4,-28,-80,822,Soleado
1638,2017-11-27,1888,Mes 4,-25,-79,823,Soleado
1639,2017-11-26,1887,Mes 4,-26,-79,824,Soleado
1640,2017-11-25,1886,Mes 4,-27,-79,826,Soleado
1641,2017-11-24,1885,Mes 4,-30,-79,827,Soleado
1642,2017-11-23,1884,Mes 4,-29,-79,829,Soleado
1643,2017-11-22,1883,Mes 4,-28,-78,830,Soleado
1644,2017-11-21,1882,Mes 4,-31,-78,831,Soleado
1645,2017-11-20,1881,Mes 4,-28,-79,832,Soleado
1646,2017-11-19,1880,Mes 3,-30,-79,833,Soleado
1647,2017-11-18,1879,Mes 3,-31,-79,834,Soleado
1648,2017-11-17,1878,Mes 3,-29,-79,835,Soleado
1649,2017-11-16,1877,Mes 3,-30,-79,837,Soleado
1650,2017-11-15,1876,Mes 3,-29,-79,838,Soleado
